date,Distance_km_Vehicle_0,Distance_km_Vehicle_1,Distance_km_Vehicle_2,Distance_km_Vehicle_3,Distance_km_Vehicle_4,Distance_km_Vehicle_5,Distance_km_Vehicle_6,Distance_km_Vehicle_7
2026-01-01 00:00:00,0.0,0.0,0.0,0.0,0.0,0.0,0.0,0.0
2026-01-01 01:00:00,0.0,0.0,0.0,0.0,0.0,0.0,0.0,0.0
2026-01-01 02:00:00,0.0,0.0,0.0,0.0,0.0,0.0,0.0,0.0
2026-01-01 03:00:00,0.0,0.0,0.0,0.0,0.0,0.0,0.0,0.0
2026-01-01 04:00:00,0.0,0.0,0.0,0.0,0.0,0.0,0.0,0.0
2026-01-01 05:00:00,8.973124954136262,7.047049799732114,7.650283305860934,5.941854921784315,8.247753498837037,8.710866907995223,6.624314525358527,5.693017999786671
2026-01-01 06:00:00,8.973124954136262,7.047049799732114,7.650283305860934,5.941854921784315,8.247753498837037,8.710866907995223,6.624314525358527,5.693017999786671
2026-01-01 07:00:00,8.973124954136262,7.047049799732114,7.650283305860934,5.941854921784315,8.247753498837037,8.710866907995223,6.624314525358527,5.693017999786671
2026-01-01 08:00:00,8.973124954136262,7.047049799732114,7.650283305860934,5.941854921784315,8.247753498837037,8.710866907995223,6.624314525358527,5.693017999786671
2026-01-01 09:00:00,8.973124954136262,7.047049799732114,7.650283305860934,5.941854921784315,8.247753498837037,8.710866907995223,6.624314525358527,5.693017999786671
2026-01-01 10:00:00,8.973124954136262,7.047049799732114,7.650283305860934,5.941854921784315,8.247753498837037,8.710866907995223,6.624314525358527,5.693017999786671
2026-01-01 11:00:00,8.973124954136262,7.047049799732114,7.650283305860934,5.941854921784315,8.247753498837037,8.710866907995223,6.624314525358527,5.693017999786671
2026-01-01 12:00:00,8.973124954136262,7.047049799732114,7.650283305860934,5.941854921784315,8.247753498837037,8.710866907995223,6.624314525358527,5.693017999786671
2026-01-01 13:00:00,8.973124954136262,7.047049799732114,7.650283305860934,5.941854921784315,8.247753498837037,8.710866907995223,6.624314525358527,5.693017999786671
2026-01-01 14:00:00,8.973124954136262,7.047049799732114,7.650283305860934,5.941854921784315,8.247753498837037,8.710866907995223,6.624314525358527,5.693017999786671
2026-01-01 15:00:00,8.973124954136262,7.047049799732114,7.650283305860934,5.941854921784315,8.247753498837037,8.710866907995223,6.624314525358527,5.693017999786671
2026-01-01 16:00:00,8.973124954136262,7.047049799732114,7.650283305860934,5.941854921784315,8.247753498837037,8.710866907995223,6.624314525358527,5.693017999786671
2026-01-01 17:00:00,8.973124954136262,7.047049799732114,7.650283305860934,5.941854921784315,8.247753498837037,8.710866907995223,6.624314525358527,5.693017999786671
2026-01-01 18:00:00,8.973124954136262,7.047049799732114,7.650283305860934,5.941854921784315,8.247753498837037,8.710866907995223,6.624314525358527,5.693017999786671
2026-01-01 19:00:00,8.973124954136262,7.047049799732114,7.650283305860934,5.941854921784315,8.247753498837037,8.710866907995223,6.624314525358527,5.693017999786671
2026-01-01 20:00:00,8.973124954136262,7.047049799732114,7.650283305860934,5.941854921784315,8.247753498837037,8.710866907995223,6.624314525358527,5.693017999786671
2026-01-01 21:00:00,8.973124954136262,7.047049799732114,7.650283305860934,5.941854921784315,8.247753498837037,8.710866907995223,6.624314525358527,5.693017999786671
2026-01-01 22:00:00,0.0,7.047049799732114,7.650283305860934,5.941854921784315,0.0,8.710866907995223,6.624314525358527,5.693017999786671
2026-01-01 23:00:00,0.0,0.0,0.0,0.0,0.0,0.0,0.0,0.0
2026-01-02 00:00:00,0.0,0.0,0.0,0.0,0.0,0.0,0.0,0.0
2026-01-02 01:00:00,0.0,0.0,0.0,0.0,0.0,0.0,0.0,0.0
2026-01-02 02:00:00,0.0,0.0,0.0,0.0,0.0,0.0,0.0,0.0
2026-01-02 03:00:00,0.0,0.0,0.0,0.0,0.0,0.0,0.0,0.0
2026-01-02 04:00:00,0.0,5.911570244939422,0.0,8.39530302386509,0.0,0.0,0.0,0.0
2026-01-02 05:00:00,6.346620135415699,5.911570244939422,7.633272153605534,8.39530302386509,7.448052142565743,5.752415304787446,6.624115356621134,7.038022078505762
2026-01-02 06:00:00,6.346620135415699,5.911570244939422,7.633272153605534,8.39530302386509,7.448052142565743,5.752415304787446,6.624115356621134,7.038022078505762
2026-01-02 07:00:00,6.346620135415699,5.911570244939422,7.633272153605534,8.39530302386509,7.448052142565743,5.752415304787446,6.624115356621134,7.038022078505762
2026-01-02 08:00:00,6.346620135415699,5.911570244939422,7.633272153605534,8.39530302386509,7.448052142565743,5.752415304787446,6.624115356621134,7.038022078505762
2026-01-02 09:00:00,6.346620135415699,5.911570244939422,7.633272153605534,8.39530302386509,7.448052142565743,5.752415304787446,6.624115356621134,7.038022078505762
2026-01-02 10:00:00,6.346620135415699,5.911570244939422,7.633272153605534,8.39530302386509,7.448052142565743,5.752415304787446,6.624115356621134,7.038022078505762
2026-01-02 11:00:00,6.346620135415699,5.911570244939422,7.633272153605534,8.39530302386509,7.448052142565743,5.752415304787446,6.624115356621134,7.038022078505762
2026-01-02 12:00:00,6.346620135415699,5.911570244939422,7.633272153605534,8.39530302386509,7.448052142565743,5.752415304787446,6.624115356621134,7.038022078505762
2026-01-02 13:00:00,6.346620135415699,5.911570244939422,7.633272153605534,8.39530302386509,7.448052142565743,5.752415304787446,6.624115356621134,7.038022078505762
2026-01-02 14:00:00,6.346620135415699,5.911570244939422,7.633272153605534,8.39530302386509,7.448052142565743,5.752415304787446,6.624115356621134,7.038022078505762
2026-01-02 15:00:00,6.346620135415699,5.911570244939422,7.633272153605534,8.39530302386509,7.448052142565743,5.752415304787446,6.624115356621134,7.038022078505762
2026-01-02 16:00:00,6.346620135415699,5.911570244939422,7.633272153605534,8.39530302386509,7.448052142565743,5.752415304787446,6.624115356621134,7.038022078505762
2026-01-02 17:00:00,6.346620135415699,5.911570244939422,7.633272153605534,8.39530302386509,7.448052142565743,5.752415304787446,6.624115356621134,7.038022078505762
2026-01-02 18:00:00,6.346620135415699,5.911570244939422,7.633272153605534,8.39530302386509,7.448052142565743,5.752415304787446,6.624115356621134,7.038022078505762
2026-01-02 19:00:00,6.346620135415699,5.911570244939422,7.633272153605534,8.39530302386509,7.448052142565743,5.752415304787446,6.624115356621134,7.038022078505762
2026-01-02 20:00:00,6.346620135415699,5.911570244939422,7.633272153605534,8.39530302386509,7.448052142565743,5.752415304787446,6.624115356621134,7.038022078505762
2026-01-02 21:00:00,6.346620135415699,5.911570244939422,7.633272153605534,8.39530302386509,7.448052142565743,5.752415304787446,6.624115356621134,7.038022078505762
2026-01-02 22:00:00,0.0,5.911570244939422,7.633272153605534,8.39530302386509,0.0,5.752415304787446,6.624115356621134,7.038022078505762
2026-01-02 23:00:00,0.0,0.0,0.0,0.0,0.0,0.0,0.0,0.0
2026-01-03 00:00:00,0.0,0.0,0.0,0.0,0.0,0.0,0.0,0.0
2026-01-03 01:00:00,0.0,0.0,0.0,0.0,0.0,0.0,0.0,0.0
2026-01-03 02:00:00,0.0,0.0,0.0,0.0,0.0,0.0,0.0,0.0
2026-01-03 03:00:00,0.0,0.0,0.0,0.0,0.0,0.0,0.0,0.0
2026-01-03 04:00:00,0.0,0.0,0.0,4.320267074601937,0.0,0.0,0.0,0.0
2026-01-03 05:00:00,3.080199067051206,4.321229469843536,4.348257514414777,4.320267074601937,2.6881595440695714,2.499430509284016,6.395549513373246,3.5974975803817477
2026-01-03 06:00:00,3.080199067051206,4.321229469843536,4.348257514414777,4.320267074601937,2.6881595440695714,2.499430509284016,6.395549513373246,3.5974975803817477
2026-01-03 07:00:00,3.080199067051206,4.321229469843536,4.348257514414777,4.320267074601937,2.6881595440695714,2.499430509284016,6.395549513373246,3.5974975803817477
2026-01-03 08:00:00,3.080199067051206,4.321229469843536,4.348257514414777,4.320267074601937,2.6881595440695714,2.499430509284016,6.395549513373246,3.5974975803817477
2026-01-03 09:00:00,3.080199067051206,4.321229469843536,4.348257514414777,4.320267074601937,2.6881595440695714,2.499430509284016,6.395549513373246,3.5974975803817477
2026-01-03 10:00:00,3.080199067051206,4.321229469843536,4.348257514414777,4.320267074601937,2.6881595440695714,2.499430509284016,6.395549513373246,3.5974975803817477
2026-01-03 11:00:00,3.080199067051206,4.321229469843536,4.348257514414777,4.320267074601937,2.6881595440695714,2.499430509284016,6.395549513373246,3.5974975803817477
2026-01-03 12:00:00,3.080199067051206,4.321229469843536,4.348257514414777,4.320267074601937,2.6881595440695714,2.499430509284016,6.395549513373246,3.5974975803817477
2026-01-03 13:00:00,3.080199067051206,4.321229469843536,4.348257514414777,4.320267074601937,2.6881595440695714,2.499430509284016,6.395549513373246,3.5974975803817477
2026-01-03 14:00:00,3.080199067051206,4.321229469843536,4.348257514414777,4.320267074601937,2.6881595440695714,2.499430509284016,6.395549513373246,3.5974975803817477
2026-01-03 15:00:00,3.080199067051206,4.321229469843536,4.348257514414777,4.320267074601937,2.6881595440695714,2.499430509284016,6.395549513373246,3.5974975803817477
2026-01-03 16:00:00,3.080199067051206,4.321229469843536,4.348257514414777,4.320267074601937,2.6881595440695714,2.499430509284016,6.395549513373246,3.5974975803817477
2026-01-03 17:00:00,3.080199067051206,4.321229469843536,4.348257514414777,4.320267074601937,2.6881595440695714,2.499430509284016,6.395549513373246,3.5974975803817477
2026-01-03 18:00:00,3.080199067051206,4.321229469843536,4.348257514414777,4.320267074601937,2.6881595440695714,2.499430509284016,6.395549513373246,3.5974975803817477
2026-01-03 19:00:00,3.080199067051206,4.321229469843536,4.348257514414777,4.320267074601937,2.6881595440695714,2.499430509284016,6.395549513373246,3.5974975803817477
2026-01-03 20:00:00,3.080199067051206,4.321229469843536,4.348257514414777,4.320267074601937,2.6881595440695714,2.499430509284016,6.395549513373246,3.5974975803817477
2026-01-03 21:00:00,3.080199067051206,4.321229469843536,4.348257514414777,4.320267074601937,2.6881595440695714,2.499430509284016,6.395549513373246,3.5974975803817477
2026-01-03 22:00:00,3.080199067051206,4.321229469843536,4.348257514414777,4.320267074601937,2.6881595440695714,0.0,6.395549513373246,3.5974975803817477
2026-01-03 23:00:00,0.0,0.0,0.0,0.0,0.0,0.0,0.0,0.0
2026-01-04 00:00:00,0.0,0.0,0.0,0.0,0.0,0.0,0.0,0.0
2026-01-04 01:00:00,0.0,0.0,0.0,0.0,0.0,0.0,0.0,0.0
2026-01-04 02:00:00,0.0,0.0,0.0,0.0,0.0,0.0,0.0,0.0
2026-01-04 03:00:00,0.0,0.0,0.0,0.0,0.0,0.0,0.0,0.0
2026-01-04 04:00:00,0.0,0.0,0.0,0.0,0.0,0.0,5.0319672639117226,0.0
2026-01-04 05:00:00,5.511956907334293,4.39229652177339,3.6532352555541827,4.270465505441867,5.103080632126083,5.766516888446631,5.0319672639117226,3.1536364178450618
2026-01-04 06:00:00,5.511956907334293,4.39229652177339,3.6532352555541827,4.270465505441867,5.103080632126083,5.766516888446631,5.0319672639117226,3.1536364178450618
2026-01-04 07:00:00,5.511956907334293,4.39229652177339,3.6532352555541827,4.270465505441867,5.103080632126083,5.766516888446631,5.0319672639117226,3.1536364178450618
2026-01-04 08:00:00,5.511956907334293,4.39229652177339,3.6532352555541827,4.270465505441867,5.103080632126083,5.766516888446631,5.0319672639117226,3.1536364178450618
2026-01-04 09:00:00,5.511956907334293,4.39229652177339,3.6532352555541827,4.270465505441867,5.103080632126083,5.766516888446631,5.0319672639117226,3.1536364178450618
2026-01-04 10:00:00,5.511956907334293,4.39229652177339,3.6532352555541827,4.270465505441867,5.103080632126083,5.766516888446631,5.0319672639117226,3.1536364178450618
2026-01-04 11:00:00,5.511956907334293,4.39229652177339,3.6532352555541827,4.270465505441867,5.103080632126083,5.766516888446631,5.0319672639117226,3.1536364178450618
2026-01-04 12:00:00,5.511956907334293,4.39229652177339,3.6532352555541827,4.270465505441867,5.103080632126083,5.766516888446631,5.0319672639117226,3.1536364178450618
2026-01-04 13:00:00,5.511956907334293,4.39229652177339,3.6532352555541827,4.270465505441867,5.103080632126083,5.766516888446631,5.0319672639117226,3.1536364178450618
2026-01-04 14:00:00,5.511956907334293,4.39229652177339,3.6532352555541827,4.270465505441867,5.103080632126083,5.766516888446631,5.0319672639117226,3.1536364178450618
2026-01-04 15:00:00,5.511956907334293,4.39229652177339,3.6532352555541827,4.270465505441867,5.103080632126083,5.766516888446631,5.0319672639117226,3.1536364178450618
2026-01-04 16:00:00,5.511956907334293,4.39229652177339,3.6532352555541827,4.270465505441867,5.103080632126083,5.766516888446631,5.0319672639117226,3.1536364178450618
2026-01-04 17:00:00,5.511956907334293,4.39229652177339,3.6532352555541827,4.270465505441867,5.103080632126083,5.766516888446631,5.0319672639117226,3.1536364178450618
2026-01-04 18:00:00,5.511956907334293,4.39229652177339,3.6532352555541827,4.270465505441867,5.103080632126083,5.766516888446631,5.0319672639117226,3.1536364178450618
2026-01-04 19:00:00,5.511956907334293,4.39229652177339,3.6532352555541827,4.270465505441867,5.103080632126083,5.766516888446631,5.0319672639117226,3.1536364178450618
2026-01-04 20:00:00,5.511956907334293,4.39229652177339,3.6532352555541827,4.270465505441867,5.103080632126083,5.766516888446631,5.0319672639117226,3.1536364178450618
2026-01-04 21:00:00,5.511956907334293,4.39229652177339,3.6532352555541827,4.270465505441867,5.103080632126083,5.766516888446631,5.0319672639117226,3.1536364178450618
2026-01-04 22:00:00,0.0,4.39229652177339,3.6532352555541827,4.270465505441867,5.103080632126083,5.766516888446631,5.0319672639117226,3.1536364178450618
2026-01-04 23:00:00,0.0,0.0,0.0,0.0,0.0,0.0,0.0,0.0
2026-01-05 00:00:00,0.0,0.0,0.0,0.0,0.0,0.0,0.0,0.0
2026-01-05 01:00:00,0.0,0.0,0.0,0.0,0.0,0.0,0.0,0.0
2026-01-05 02:00:00,0.0,0.0,0.0,0.0,0.0,0.0,0.0,0.0
2026-01-05 03:00:00,0.0,0.0,0.0,0.0,0.0,0.0,0.0,0.0
2026-01-05 04:00:00,0.0,0.0,0.0,0.0,0.0,0.0,0.0,7.6542052020117834
2026-01-05 05:00:00,6.186789595118767,5.39840408045908,5.973853594189533,7.875570579931657,5.814671461369354,7.314289774836941,5.666153788733843,7.6542052020117834
2026-01-05 06:00:00,6.186789595118767,5.39840408045908,5.973853594189533,7.875570579931657,5.814671461369354,7.314289774836941,5.666153788733843,7.6542052020117834
2026-01-05 07:00:00,6.186789595118767,5.39840408045908,5.973853594189533,7.875570579931657,5.814671461369354,7.314289774836941,5.666153788733843,7.6542052020117834
2026-01-05 08:00:00,6.186789595118767,5.39840408045908,5.973853594189533,7.875570579931657,5.814671461369354,7.314289774836941,5.666153788733843,7.6542052020117834
2026-01-05 09:00:00,6.186789595118767,5.39840408045908,5.973853594189533,7.875570579931657,5.814671461369354,7.314289774836941,5.666153788733843,7.6542052020117834
2026-01-05 10:00:00,6.186789595118767,5.39840408045908,5.973853594189533,7.875570579931657,5.814671461369354,7.314289774836941,5.666153788733843,7.6542052020117834
2026-01-05 11:00:00,6.186789595118767,5.39840408045908,5.973853594189533,7.875570579931657,5.814671461369354,7.314289774836941,5.666153788733843,7.6542052020117834
2026-01-05 12:00:00,6.186789595118767,5.39840408045908,5.973853594189533,7.875570579931657,5.814671461369354,7.314289774836941,5.666153788733843,7.6542052020117834
2026-01-05 13:00:00,6.186789595118767,5.39840408045908,5.973853594189533,7.875570579931657,5.814671461369354,7.314289774836941,5.666153788733843,7.6542052020117834
2026-01-05 14:00:00,6.186789595118767,5.39840408045908,5.973853594189533,7.875570579931657,5.814671461369354,7.314289774836941,5.666153788733843,7.6542052020117834
2026-01-05 15:00:00,6.186789595118767,5.39840408045908,5.973853594189533,7.875570579931657,5.814671461369354,7.314289774836941,5.666153788733843,7.6542052020117834
2026-01-05 16:00:00,6.186789595118767,5.39840408045908,5.973853594189533,7.875570579931657,5.814671461369354,7.314289774836941,5.666153788733843,7.6542052020117834
2026-01-05 17:00:00,6.186789595118767,5.39840408045908,5.973853594189533,7.875570579931657,5.814671461369354,7.314289774836941,5.666153788733843,7.6542052020117834
2026-01-05 18:00:00,6.186789595118767,5.39840408045908,5.973853594189533,7.875570579931657,5.814671461369354,7.314289774836941,5.666153788733843,7.6542052020117834
2026-01-05 19:00:00,6.186789595118767,5.39840408045908,5.973853594189533,7.875570579931657,5.814671461369354,7.314289774836941,5.666153788733843,7.6542052020117834
2026-01-05 20:00:00,6.186789595118767,5.39840408045908,5.973853594189533,7.875570579931657,5.814671461369354,7.314289774836941,5.666153788733843,7.6542052020117834
2026-01-05 21:00:00,6.186789595118767,5.39840408045908,5.973853594189533,7.875570579931657,5.814671461369354,7.314289774836941,5.666153788733843,7.6542052020117834
2026-01-05 22:00:00,6.186789595118767,0.0,5.973853594189533,7.875570579931657,5.814671461369354,7.314289774836941,5.666153788733843,7.6542052020117834
2026-01-05 23:00:00,0.0,0.0,0.0,0.0,0.0,0.0,0.0,0.0
2026-01-06 00:00:00,0.0,0.0,0.0,0.0,0.0,0.0,0.0,0.0
2026-01-06 01:00:00,0.0,0.0,0.0,0.0,0.0,0.0,0.0,0.0
2026-01-06 02:00:00,0.0,0.0,0.0,0.0,0.0,0.0,0.0,0.0
2026-01-06 03:00:00,0.0,0.0,0.0,0.0,0.0,0.0,0.0,0.0
2026-01-06 04:00:00,0.0,0.0,8.231228336064765,0.0,0.0,4.725039831089288,0.0,7.258127959352974
2026-01-06 05:00:00,4.266754084828605,5.492106730186629,8.231228336064765,7.094646434237302,6.372576233620531,4.725039831089288,6.729730129431056,7.258127959352974
2026-01-06 06:00:00,4.266754084828605,5.492106730186629,8.231228336064765,7.094646434237302,6.372576233620531,4.725039831089288,6.729730129431056,7.258127959352974
2026-01-06 07:00:00,4.266754084828605,5.492106730186629,8.231228336064765,7.094646434237302,6.372576233620531,4.725039831089288,6.729730129431056,7.258127959352974
2026-01-06 08:00:00,4.266754084828605,5.492106730186629,8.231228336064765,7.094646434237302,6.372576233620531,4.725039831089288,6.729730129431056,7.258127959352974
2026-01-06 09:00:00,4.266754084828605,5.492106730186629,8.231228336064765,7.094646434237302,6.372576233620531,4.725039831089288,6.729730129431056,7.258127959352974
2026-01-06 10:00:00,4.266754084828605,5.492106730186629,8.231228336064765,7.094646434237302,6.372576233620531,4.725039831089288,6.729730129431056,7.258127959352974
2026-01-06 11:00:00,4.266754084828605,5.492106730186629,8.231228336064765,7.094646434237302,6.372576233620531,4.725039831089288,6.729730129431056,7.258127959352974
2026-01-06 12:00:00,4.266754084828605,5.492106730186629,8.231228336064765,7.094646434237302,6.372576233620531,4.725039831089288,6.729730129431056,7.258127959352974
2026-01-06 13:00:00,4.266754084828605,5.492106730186629,8.231228336064765,7.094646434237302,6.372576233620531,4.725039831089288,6.729730129431056,7.258127959352974
2026-01-06 14:00:00,4.266754084828605,5.492106730186629,8.231228336064765,7.094646434237302,6.372576233620531,4.725039831089288,6.729730129431056,7.258127959352974
2026-01-06 15:00:00,4.266754084828605,5.492106730186629,8.231228336064765,7.094646434237302,6.372576233620531,4.725039831089288,6.729730129431056,7.258127959352974
2026-01-06 16:00:00,4.266754084828605,5.492106730186629,8.231228336064765,7.094646434237302,6.372576233620531,4.725039831089288,6.729730129431056,7.258127959352974
2026-01-06 17:00:00,4.266754084828605,5.492106730186629,8.231228336064765,7.094646434237302,6.372576233620531,4.725039831089288,6.729730129431056,7.258127959352974
2026-01-06 18:00:00,4.266754084828605,5.492106730186629,8.231228336064765,7.094646434237302,6.372576233620531,4.725039831089288,6.729730129431056,7.258127959352974
2026-01-06 19:00:00,4.266754084828605,5.492106730186629,8.231228336064765,7.094646434237302,6.372576233620531,4.725039831089288,6.729730129431056,7.258127959352974
2026-01-06 20:00:00,4.266754084828605,5.492106730186629,8.231228336064765,7.094646434237302,6.372576233620531,4.725039831089288,6.729730129431056,7.258127959352974
2026-01-06 21:00:00,4.266754084828605,5.492106730186629,8.231228336064765,7.094646434237302,6.372576233620531,4.725039831089288,6.729730129431056,7.258127959352974
2026-01-06 22:00:00,4.266754084828605,5.492106730186629,8.231228336064765,0.0,6.372576233620531,4.725039831089288,6.729730129431056,7.258127959352974
2026-01-06 23:00:00,0.0,0.0,0.0,0.0,0.0,0.0,0.0,0.0
2026-01-07 00:00:00,0.0,0.0,0.0,0.0,0.0,0.0,0.0,0.0
2026-01-07 01:00:00,0.0,0.0,0.0,0.0,0.0,0.0,0.0,0.0
2026-01-07 02:00:00,0.0,0.0,0.0,0.0,0.0,0.0,0.0,0.0
2026-01-07 03:00:00,0.0,0.0,0.0,0.0,0.0,0.0,0.0,0.0
2026-01-07 04:00:00,0.0,0.0,0.0,0.0,0.0,0.0,0.0,0.0
2026-01-07 05:00:00,5.346137785441073,9.040394918493476,7.66945807722772,8.387523679309446,5.1552656582632315,8.213180848635263,7.3129691897242255,6.9694701310404366
2026-01-07 06:00:00,5.346137785441073,9.040394918493476,7.66945807722772,8.387523679309446,5.1552656582632315,8.213180848635263,7.3129691897242255,6.9694701310404366
2026-01-07 07:00:00,5.346137785441073,9.040394918493476,7.66945807722772,8.387523679309446,5.1552656582632315,8.213180848635263,7.3129691897242255,6.9694701310404366
2026-01-07 08:00:00,5.346137785441073,9.040394918493476,7.66945807722772,8.387523679309446,5.1552656582632315,8.213180848635263,7.3129691897242255,6.9694701310404366
2026-01-07 09:00:00,5.346137785441073,9.040394918493476,7.66945807722772,8.387523679309446,5.1552656582632315,8.213180848635263,7.3129691897242255,6.9694701310404366
2026-01-07 10:00:00,5.346137785441073,9.040394918493476,7.66945807722772,8.387523679309446,5.1552656582632315,8.213180848635263,7.3129691897242255,6.9694701310404366
2026-01-07 11:00:00,5.346137785441073,9.040394918493476,7.66945807722772,8.387523679309446,5.1552656582632315,8.213180848635263,7.3129691897242255,6.9694701310404366
2026-01-07 12:00:00,5.346137785441073,9.040394918493476,7.66945807722772,8.387523679309446,5.1552656582632315,8.213180848635263,7.3129691897242255,6.9694701310404366
2026-01-07 13:00:00,5.346137785441073,9.040394918493476,7.66945807722772,8.387523679309446,5.1552656582632315,8.213180848635263,7.3129691897242255,6.9694701310404366
2026-01-07 14:00:00,5.346137785441073,9.040394918493476,7.66945807722772,8.387523679309446,5.1552656582632315,8.213180848635263,7.3129691897242255,6.9694701310404366
2026-01-07 15:00:00,5.346137785441073,9.040394918493476,7.66945807722772,8.387523679309446,5.1552656582632315,8.213180848635263,7.3129691897242255,6.9694701310404366
2026-01-07 16:00:00,5.346137785441073,9.040394918493476,7.66945807722772,8.387523679309446,5.1552656582632315,8.213180848635263,7.3129691897242255,6.9694701310404366
2026-01-07 17:00:00,5.346137785441073,9.040394918493476,7.66945807722772,8.387523679309446,5.1552656582632315,8.213180848635263,7.3129691897242255,6.9694701310404366
2026-01-07 18:00:00,5.346137785441073,9.040394918493476,7.66945807722772,8.387523679309446,5.1552656582632315,8.213180848635263,7.3129691897242255,6.9694701310404366
2026-01-07 19:00:00,5.346137785441073,9.040394918493476,7.66945807722772,8.387523679309446,5.1552656582632315,8.213180848635263,7.3129691897242255,6.9694701310404366
2026-01-07 20:00:00,5.346137785441073,9.040394918493476,7.66945807722772,8.387523679309446,5.1552656582632315,8.213180848635263,7.3129691897242255,6.9694701310404366
2026-01-07 21:00:00,5.346137785441073,9.040394918493476,7.66945807722772,8.387523679309446,5.1552656582632315,8.213180848635263,7.3129691897242255,6.9694701310404366
2026-01-07 22:00:00,5.346137785441073,0.0,7.66945807722772,8.387523679309446,5.1552656582632315,8.213180848635263,7.3129691897242255,6.9694701310404366
2026-01-07 23:00:00,0.0,0.0,0.0,0.0,0.0,0.0,0.0,0.0
2026-01-08 00:00:00,0.0,0.0,0.0,0.0,0.0,0.0,0.0,0.0
2026-01-08 01:00:00,0.0,0.0,0.0,0.0,0.0,0.0,0.0,0.0
2026-01-08 02:00:00,0.0,0.0,0.0,0.0,0.0,0.0,0.0,0.0
2026-01-08 03:00:00,0.0,0.0,0.0,0.0,0.0,0.0,0.0,0.0
2026-01-08 04:00:00,0.0,0.0,0.0,0.0,0.0,0.0,0.0,0.0
2026-01-08 05:00:00,7.152259271437204,6.726038411997916,6.045709386761146,6.208972010766969,4.764317963574565,8.370668423214838,7.311031691811103,7.1576782747086085
2026-01-08 06:00:00,7.152259271437204,6.726038411997916,6.045709386761146,6.208972010766969,4.764317963574565,8.370668423214838,7.311031691811103,7.1576782747086085
2026-01-08 07:00:00,7.152259271437204,6.726038411997916,6.045709386761146,6.208972010766969,4.764317963574565,8.370668423214838,7.311031691811103,7.1576782747086085
2026-01-08 08:00:00,7.152259271437204,6.726038411997916,6.045709386761146,6.208972010766969,4.764317963574565,8.370668423214838,7.311031691811103,7.1576782747086085
2026-01-08 09:00:00,7.152259271437204,6.726038411997916,6.045709386761146,6.208972010766969,4.764317963574565,8.370668423214838,7.311031691811103,7.1576782747086085
2026-01-08 10:00:00,7.152259271437204,6.726038411997916,6.045709386761146,6.208972010766969,4.764317963574565,8.370668423214838,7.311031691811103,7.1576782747086085
2026-01-08 11:00:00,7.152259271437204,6.726038411997916,6.045709386761146,6.208972010766969,4.764317963574565,8.370668423214838,7.311031691811103,7.1576782747086085
2026-01-08 12:00:00,7.152259271437204,6.726038411997916,6.045709386761146,6.208972010766969,4.764317963574565,8.370668423214838,7.311031691811103,7.1576782747086085
2026-01-08 13:00:00,7.152259271437204,6.726038411997916,6.045709386761146,6.208972010766969,4.764317963574565,8.370668423214838,7.311031691811103,7.1576782747086085
2026-01-08 14:00:00,7.152259271437204,6.726038411997916,6.045709386761146,6.208972010766969,4.764317963574565,8.370668423214838,7.311031691811103,7.1576782747086085
2026-01-08 15:00:00,7.152259271437204,6.726038411997916,6.045709386761146,6.208972010766969,4.764317963574565,8.370668423214838,7.311031691811103,7.1576782747086085
2026-01-08 16:00:00,7.152259271437204,6.726038411997916,6.045709386761146,6.208972010766969,4.764317963574565,8.370668423214838,7.311031691811103,7.1576782747086085
2026-01-08 17:00:00,7.152259271437204,6.726038411997916,6.045709386761146,6.208972010766969,4.764317963574565,8.370668423214838,7.311031691811103,7.1576782747086085
2026-01-08 18:00:00,7.152259271437204,6.726038411997916,6.045709386761146,6.208972010766969,4.764317963574565,8.370668423214838,7.311031691811103,7.1576782747086085
2026-01-08 19:00:00,7.152259271437204,6.726038411997916,6.045709386761146,6.208972010766969,4.764317963574565,8.370668423214838,7.311031691811103,7.1576782747086085
2026-01-08 20:00:00,7.152259271437204,6.726038411997916,6.045709386761146,6.208972010766969,4.764317963574565,8.370668423214838,7.311031691811103,7.1576782747086085
2026-01-08 21:00:00,7.152259271437204,6.726038411997916,6.045709386761146,6.208972010766969,4.764317963574565,8.370668423214838,7.311031691811103,7.1576782747086085
2026-01-08 22:00:00,7.152259271437204,0.0,6.045709386761146,6.208972010766969,4.764317963574565,0.0,7.311031691811103,7.1576782747086085
2026-01-08 23:00:00,0.0,0.0,0.0,0.0,0.0,0.0,0.0,0.0
2026-01-09 00:00:00,0.0,0.0,0.0,0.0,0.0,0.0,0.0,0.0
2026-01-09 01:00:00,0.0,0.0,0.0,0.0,0.0,0.0,0.0,0.0
2026-01-09 02:00:00,0.0,0.0,0.0,0.0,0.0,0.0,0.0,0.0
2026-01-09 03:00:00,0.0,0.0,0.0,0.0,0.0,0.0,0.0,0.0
2026-01-09 04:00:00,0.0,0.0,8.613524647435371,0.0,2.214997367244315,0.0,0.0,0.0
2026-01-09 05:00:00,6.701317452777636,5.255529582654382,8.613524647435371,4.975136628515605,2.214997367244315,5.34219830742395,4.221578073021573,5.5495791160800705
2026-01-09 06:00:00,6.701317452777636,5.255529582654382,8.613524647435371,4.975136628515605,2.214997367244315,5.34219830742395,4.221578073021573,5.5495791160800705
2026-01-09 07:00:00,6.701317452777636,5.255529582654382,8.613524647435371,4.975136628515605,2.214997367244315,5.34219830742395,4.221578073021573,5.5495791160800705
2026-01-09 08:00:00,6.701317452777636,5.255529582654382,8.613524647435371,4.975136628515605,2.214997367244315,5.34219830742395,4.221578073021573,5.5495791160800705
2026-01-09 09:00:00,6.701317452777636,5.255529582654382,8.613524647435371,4.975136628515605,2.214997367244315,5.34219830742395,4.221578073021573,5.5495791160800705
2026-01-09 10:00:00,6.701317452777636,5.255529582654382,8.613524647435371,4.975136628515605,2.214997367244315,5.34219830742395,4.221578073021573,5.5495791160800705
2026-01-09 11:00:00,6.701317452777636,5.255529582654382,8.613524647435371,4.975136628515605,2.214997367244315,5.34219830742395,4.221578073021573,5.5495791160800705
2026-01-09 12:00:00,6.701317452777636,5.255529582654382,8.613524647435371,4.975136628515605,2.214997367244315,5.34219830742395,4.221578073021573,5.5495791160800705
2026-01-09 13:00:00,6.701317452777636,5.255529582654382,8.613524647435371,4.975136628515605,2.214997367244315,5.34219830742395,4.221578073021573,5.5495791160800705
2026-01-09 14:00:00,6.701317452777636,5.255529582654382,8.613524647435371,4.975136628515605,2.214997367244315,5.34219830742395,4.221578073021573,5.5495791160800705
2026-01-09 15:00:00,6.701317452777636,5.255529582654382,8.613524647435371,4.975136628515605,2.214997367244315,5.34219830742395,4.221578073021573,5.5495791160800705
2026-01-09 16:00:00,6.701317452777636,5.255529582654382,8.613524647435371,4.975136628515605,2.214997367244315,5.34219830742395,4.221578073021573,5.5495791160800705
2026-01-09 17:00:00,6.701317452777636,5.255529582654382,8.613524647435371,4.975136628515605,2.214997367244315,5.34219830742395,4.221578073021573,5.5495791160800705
2026-01-09 18:00:00,6.701317452777636,5.255529582654382,8.613524647435371,4.975136628515605,2.214997367244315,5.34219830742395,4.221578073021573,5.5495791160800705
2026-01-09 19:00:00,6.701317452777636,5.255529582654382,8.613524647435371,4.975136628515605,2.214997367244315,5.34219830742395,4.221578073021573,5.5495791160800705
2026-01-09 20:00:00,6.701317452777636,5.255529582654382,8.613524647435371,4.975136628515605,2.214997367244315,5.34219830742395,4.221578073021573,5.5495791160800705
2026-01-09 21:00:00,6.701317452777636,5.255529582654382,8.613524647435371,4.975136628515605,2.214997367244315,5.34219830742395,4.221578073021573,5.5495791160800705
2026-01-09 22:00:00,6.701317452777636,5.255529582654382,0.0,4.975136628515605,2.214997367244315,5.34219830742395,4.221578073021573,5.5495791160800705
2026-01-09 23:00:00,0.0,0.0,0.0,0.0,0.0,0.0,0.0,0.0
2026-01-10 00:00:00,0.0,0.0,0.0,0.0,0.0,0.0,0.0,0.0
2026-01-10 01:00:00,0.0,0.0,0.0,0.0,0.0,0.0,0.0,0.0
2026-01-10 02:00:00,0.0,0.0,0.0,0.0,0.0,0.0,0.0,0.0
2026-01-10 03:00:00,0.0,0.0,0.0,0.0,0.0,0.0,0.0,0.0
2026-01-10 04:00:00,0.0,0.0,3.8270902521836874,0.0,0.0,6.284417268257227,0.0,0.0
2026-01-10 05:00:00,4.190788601386171,5.998385458836878,3.8270902521836874,3.7354177331434832,4.289746651742382,6.284417268257227,3.601105150832984,2.6696448052327613
2026-01-10 06:00:00,4.190788601386171,5.998385458836878,3.8270902521836874,3.7354177331434832,4.289746651742382,6.284417268257227,3.601105150832984,2.6696448052327613
2026-01-10 07:00:00,4.190788601386171,5.998385458836878,3.8270902521836874,3.7354177331434832,4.289746651742382,6.284417268257227,3.601105150832984,2.6696448052327613
2026-01-10 08:00:00,4.190788601386171,5.998385458836878,3.8270902521836874,3.7354177331434832,4.289746651742382,6.284417268257227,3.601105150832984,2.6696448052327613
2026-01-10 09:00:00,4.190788601386171,5.998385458836878,3.8270902521836874,3.7354177331434832,4.289746651742382,6.284417268257227,3.601105150832984,2.6696448052327613
2026-01-10 10:00:00,4.190788601386171,5.998385458836878,3.8270902521836874,3.7354177331434832,4.289746651742382,6.284417268257227,3.601105150832984,2.6696448052327613
2026-01-10 11:00:00,4.190788601386171,5.998385458836878,3.8270902521836874,3.7354177331434832,4.289746651742382,6.284417268257227,3.601105150832984,2.6696448052327613
2026-01-10 12:00:00,4.190788601386171,5.998385458836878,3.8270902521836874,3.7354177331434832,4.289746651742382,6.284417268257227,3.601105150832984,2.6696448052327613
2026-01-10 13:00:00,4.190788601386171,5.998385458836878,3.8270902521836874,3.7354177331434832,4.289746651742382,6.284417268257227,3.601105150832984,2.6696448052327613
2026-01-10 14:00:00,4.190788601386171,5.998385458836878,3.8270902521836874,3.7354177331434832,4.289746651742382,6.284417268257227,3.601105150832984,2.6696448052327613
2026-01-10 15:00:00,4.190788601386171,5.998385458836878,3.8270902521836874,3.7354177331434832,4.289746651742382,6.284417268257227,3.601105150832984,2.6696448052327613
2026-01-10 16:00:00,4.190788601386171,5.998385458836878,3.8270902521836874,3.7354177331434832,4.289746651742382,6.284417268257227,3.601105150832984,2.6696448052327613
2026-01-10 17:00:00,4.190788601386171,5.998385458836878,3.8270902521836874,3.7354177331434832,4.289746651742382,6.284417268257227,3.601105150832984,2.6696448052327613
2026-01-10 18:00:00,4.190788601386171,5.998385458836878,3.8270902521836874,3.7354177331434832,4.289746651742382,6.284417268257227,3.601105150832984,2.6696448052327613
2026-01-10 19:00:00,4.190788601386171,5.998385458836878,3.8270902521836874,3.7354177331434832,4.289746651742382,6.284417268257227,3.601105150832984,2.6696448052327613
2026-01-10 20:00:00,4.190788601386171,5.998385458836878,3.8270902521836874,3.7354177331434832,4.289746651742382,6.284417268257227,3.601105150832984,2.6696448052327613
2026-01-10 21:00:00,4.190788601386171,5.998385458836878,3.8270902521836874,3.7354177331434832,4.289746651742382,6.284417268257227,3.601105150832984,2.6696448052327613
2026-01-10 22:00:00,0.0,5.998385458836878,3.8270902521836874,3.7354177331434832,0.0,6.284417268257227,3.601105150832984,2.6696448052327613
2026-01-10 23:00:00,0.0,0.0,0.0,0.0,0.0,0.0,0.0,0.0
2026-01-11 00:00:00,0.0,0.0,0.0,0.0,0.0,0.0,0.0,0.0
2026-01-11 01:00:00,0.0,0.0,0.0,0.0,0.0,0.0,0.0,0.0
2026-01-11 02:00:00,0.0,0.0,0.0,0.0,0.0,0.0,0.0,0.0
2026-01-11 03:00:00,0.0,0.0,0.0,0.0,0.0,0.0,0.0,0.0
2026-01-11 04:00:00,0.0,0.0,0.0,0.0,0.0,0.0,3.7369476769863397,0.0
2026-01-11 05:00:00,3.9936813624802925,5.65066141176039,7.073465245731593,5.033975368543797,4.238105092874059,1.7142857142857142,3.7369476769863397,4.006097907439971
2026-01-11 06:00:00,3.9936813624802925,5.65066141176039,7.073465245731593,5.033975368543797,4.238105092874059,1.7142857142857142,3.7369476769863397,4.006097907439971
2026-01-11 07:00:00,3.9936813624802925,5.65066141176039,7.073465245731593,5.033975368543797,4.238105092874059,1.7142857142857142,3.7369476769863397,4.006097907439971
2026-01-11 08:00:00,3.9936813624802925,5.65066141176039,7.073465245731593,5.033975368543797,4.238105092874059,1.7142857142857142,3.7369476769863397,4.006097907439971
2026-01-11 09:00:00,3.9936813624802925,5.65066141176039,7.073465245731593,5.033975368543797,4.238105092874059,1.7142857142857142,3.7369476769863397,4.006097907439971
2026-01-11 10:00:00,3.9936813624802925,5.65066141176039,7.073465245731593,5.033975368543797,4.238105092874059,1.7142857142857142,3.7369476769863397,4.006097907439971
2026-01-11 11:00:00,3.9936813624802925,5.65066141176039,7.073465245731593,5.033975368543797,4.238105092874059,1.7142857142857142,3.7369476769863397,4.006097907439971
2026-01-11 12:00:00,3.9936813624802925,5.65066141176039,7.073465245731593,5.033975368543797,4.238105092874059,1.7142857142857142,3.7369476769863397,4.006097907439971
2026-01-11 13:00:00,3.9936813624802925,5.65066141176039,7.073465245731593,5.033975368543797,4.238105092874059,1.7142857142857142,3.7369476769863397,4.006097907439971
2026-01-11 14:00:00,3.9936813624802925,5.65066141176039,7.073465245731593,5.033975368543797,4.238105092874059,1.7142857142857142,3.7369476769863397,4.006097907439971
2026-01-11 15:00:00,3.9936813624802925,5.65066141176039,7.073465245731593,5.033975368543797,4.238105092874059,1.7142857142857142,3.7369476769863397,4.006097907439971
2026-01-11 16:00:00,3.9936813624802925,5.65066141176039,7.073465245731593,5.033975368543797,4.238105092874059,1.7142857142857142,3.7369476769863397,4.006097907439971
2026-01-11 17:00:00,3.9936813624802925,5.65066141176039,7.073465245731593,5.033975368543797,4.238105092874059,1.7142857142857142,3.7369476769863397,4.006097907439971
2026-01-11 18:00:00,3.9936813624802925,5.65066141176039,7.073465245731593,5.033975368543797,4.238105092874059,1.7142857142857142,3.7369476769863397,4.006097907439971
2026-01-11 19:00:00,3.9936813624802925,5.65066141176039,7.073465245731593,5.033975368543797,4.238105092874059,1.7142857142857142,3.7369476769863397,4.006097907439971
2026-01-11 20:00:00,3.9936813624802925,5.65066141176039,7.073465245731593,5.033975368543797,4.238105092874059,1.7142857142857142,3.7369476769863397,4.006097907439971
2026-01-11 21:00:00,3.9936813624802925,5.65066141176039,7.073465245731593,5.033975368543797,4.238105092874059,1.7142857142857142,3.7369476769863397,4.006097907439971
2026-01-11 22:00:00,3.9936813624802925,5.65066141176039,0.0,5.033975368543797,4.238105092874059,1.7142857142857142,3.7369476769863397,4.006097907439971
2026-01-11 23:00:00,0.0,0.0,0.0,0.0,0.0,0.0,0.0,0.0
2026-01-12 00:00:00,0.0,0.0,0.0,0.0,0.0,0.0,0.0,0.0
2026-01-12 01:00:00,0.0,0.0,0.0,0.0,0.0,0.0,0.0,0.0
2026-01-12 02:00:00,0.0,0.0,0.0,0.0,0.0,0.0,0.0,0.0
2026-01-12 03:00:00,0.0,0.0,0.0,0.0,0.0,0.0,0.0,0.0
2026-01-12 04:00:00,0.0,0.0,0.0,6.763378775748501,0.0,0.0,0.0,0.0
2026-01-12 05:00:00,6.724566864578103,6.332851960572193,4.32742086625227,6.763378775748501,7.523360105273304,7.3015523460729055,7.07177781211284,6.52213148399854
2026-01-12 06:00:00,6.724566864578103,6.332851960572193,4.32742086625227,6.763378775748501,7.523360105273304,7.3015523460729055,7.07177781211284,6.52213148399854
2026-01-12 07:00:00,6.724566864578103,6.332851960572193,4.32742086625227,6.763378775748501,7.523360105273304,7.3015523460729055,7.07177781211284,6.52213148399854
2026-01-12 08:00:00,6.724566864578103,6.332851960572193,4.32742086625227,6.763378775748501,7.523360105273304,7.3015523460729055,7.07177781211284,6.52213148399854
2026-01-12 09:00:00,6.724566864578103,6.332851960572193,4.32742086625227,6.763378775748501,7.523360105273304,7.3015523460729055,7.07177781211284,6.52213148399854
2026-01-12 10:00:00,6.724566864578103,6.332851960572193,4.32742086625227,6.763378775748501,7.523360105273304,7.3015523460729055,7.07177781211284,6.52213148399854
2026-01-12 11:00:00,6.724566864578103,6.332851960572193,4.32742086625227,6.763378775748501,7.523360105273304,7.3015523460729055,7.07177781211284,6.52213148399854
2026-01-12 12:00:00,6.724566864578103,6.332851960572193,4.32742086625227,6.763378775748501,7.523360105273304,7.3015523460729055,7.07177781211284,6.52213148399854
2026-01-12 13:00:00,6.724566864578103,6.332851960572193,4.32742086625227,6.763378775748501,7.523360105273304,7.3015523460729055,7.07177781211284,6.52213148399854
2026-01-12 14:00:00,6.724566864578103,6.332851960572193,4.32742086625227,6.763378775748501,7.523360105273304,7.3015523460729055,7.07177781211284,6.52213148399854
2026-01-12 15:00:00,6.724566864578103,6.332851960572193,4.32742086625227,6.763378775748501,7.523360105273304,7.3015523460729055,7.07177781211284,6.52213148399854
2026-01-12 16:00:00,6.724566864578103,6.332851960572193,4.32742086625227,6.763378775748501,7.523360105273304,7.3015523460729055,7.07177781211284,6.52213148399854
2026-01-12 17:00:00,6.724566864578103,6.332851960572193,4.32742086625227,6.763378775748501,7.523360105273304,7.3015523460729055,7.07177781211284,6.52213148399854
2026-01-12 18:00:00,6.724566864578103,6.332851960572193,4.32742086625227,6.763378775748501,7.523360105273304,7.3015523460729055,7.07177781211284,6.52213148399854
2026-01-12 19:00:00,6.724566864578103,6.332851960572193,4.32742086625227,6.763378775748501,7.523360105273304,7.3015523460729055,7.07177781211284,6.52213148399854
2026-01-12 20:00:00,6.724566864578103,6.332851960572193,4.32742086625227,6.763378775748501,7.523360105273304,7.3015523460729055,7.07177781211284,6.52213148399854
2026-01-12 21:00:00,6.724566864578103,6.332851960572193,4.32742086625227,6.763378775748501,7.523360105273304,7.3015523460729055,7.07177781211284,6.52213148399854
2026-01-12 22:00:00,0.0,6.332851960572193,0.0,6.763378775748501,7.523360105273304,7.3015523460729055,7.07177781211284,0.0
2026-01-12 23:00:00,0.0,0.0,0.0,0.0,0.0,0.0,0.0,0.0
2026-01-13 00:00:00,0.0,0.0,0.0,0.0,0.0,0.0,0.0,0.0
2026-01-13 01:00:00,0.0,0.0,0.0,0.0,0.0,0.0,0.0,0.0
2026-01-13 02:00:00,0.0,0.0,0.0,0.0,0.0,0.0,0.0,0.0
2026-01-13 03:00:00,0.0,0.0,0.0,0.0,0.0,0.0,0.0,0.0
2026-01-13 04:00:00,0.0,0.0,0.0,0.0,0.0,0.0,0.0,0.0
2026-01-13 05:00:00,2.63615839880063,8.605858256043124,6.618799138213047,6.297400200306767,7.553354300175007,6.823789847414967,5.494325051357556,6.4572631057051675
2026-01-13 06:00:00,2.63615839880063,8.605858256043124,6.618799138213047,6.297400200306767,7.553354300175007,6.823789847414967,5.494325051357556,6.4572631057051675
2026-01-13 07:00:00,2.63615839880063,8.605858256043124,6.618799138213047,6.297400200306767,7.553354300175007,6.823789847414967,5.494325051357556,6.4572631057051675
2026-01-13 08:00:00,2.63615839880063,8.605858256043124,6.618799138213047,6.297400200306767,7.553354300175007,6.823789847414967,5.494325051357556,6.4572631057051675
2026-01-13 09:00:00,2.63615839880063,8.605858256043124,6.618799138213047,6.297400200306767,7.553354300175007,6.823789847414967,5.494325051357556,6.4572631057051675
2026-01-13 10:00:00,2.63615839880063,8.605858256043124,6.618799138213047,6.297400200306767,7.553354300175007,6.823789847414967,5.494325051357556,6.4572631057051675
2026-01-13 11:00:00,2.63615839880063,8.605858256043124,6.618799138213047,6.297400200306767,7.553354300175007,6.823789847414967,5.494325051357556,6.4572631057051675
2026-01-13 12:00:00,2.63615839880063,8.605858256043124,6.618799138213047,6.297400200306767,7.553354300175007,6.823789847414967,5.494325051357556,6.4572631057051675
2026-01-13 13:00:00,2.63615839880063,8.605858256043124,6.618799138213047,6.297400200306767,7.553354300175007,6.823789847414967,5.494325051357556,6.4572631057051675
2026-01-13 14:00:00,2.63615839880063,8.605858256043124,6.618799138213047,6.297400200306767,7.553354300175007,6.823789847414967,5.494325051357556,6.4572631057051675
2026-01-13 15:00:00,2.63615839880063,8.605858256043124,6.618799138213047,6.297400200306767,7.553354300175007,6.823789847414967,5.494325051357556,6.4572631057051675
2026-01-13 16:00:00,2.63615839880063,8.605858256043124,6.618799138213047,6.297400200306767,7.553354300175007,6.823789847414967,5.494325051357556,6.4572631057051675
2026-01-13 17:00:00,2.63615839880063,8.605858256043124,6.618799138213047,6.297400200306767,7.553354300175007,6.823789847414967,5.494325051357556,6.4572631057051675
2026-01-13 18:00:00,2.63615839880063,8.605858256043124,6.618799138213047,6.297400200306767,7.553354300175007,6.823789847414967,5.494325051357556,6.4572631057051675
2026-01-13 19:00:00,2.63615839880063,8.605858256043124,6.618799138213047,6.297400200306767,7.553354300175007,6.823789847414967,5.494325051357556,6.4572631057051675
2026-01-13 20:00:00,2.63615839880063,8.605858256043124,6.618799138213047,6.297400200306767,7.553354300175007,6.823789847414967,5.494325051357556,6.4572631057051675
2026-01-13 21:00:00,2.63615839880063,8.605858256043124,6.618799138213047,6.297400200306767,7.553354300175007,6.823789847414967,5.494325051357556,6.4572631057051675
2026-01-13 22:00:00,2.63615839880063,8.605858256043124,6.618799138213047,6.297400200306767,7.553354300175007,6.823789847414967,0.0,6.4572631057051675
2026-01-13 23:00:00,0.0,0.0,0.0,0.0,0.0,0.0,0.0,0.0
2026-01-14 00:00:00,0.0,0.0,0.0,0.0,0.0,0.0,0.0,0.0
2026-01-14 01:00:00,0.0,0.0,0.0,0.0,0.0,0.0,0.0,0.0
2026-01-14 02:00:00,0.0,0.0,0.0,0.0,0.0,0.0,0.0,0.0
2026-01-14 03:00:00,0.0,0.0,0.0,0.0,0.0,0.0,0.0,0.0
2026-01-14 04:00:00,0.0,0.0,0.0,0.0,0.0,0.0,0.0,0.0
2026-01-14 05:00:00,9.916508267657631,7.084986692406371,3.931558010737914,6.418288432603022,7.254334059160616,6.023335559547757,10.105025309994318,6.97075771680979
2026-01-14 06:00:00,9.916508267657631,7.084986692406371,3.931558010737914,6.418288432603022,7.254334059160616,6.023335559547757,10.105025309994318,6.97075771680979
2026-01-14 07:00:00,9.916508267657631,7.084986692406371,3.931558010737914,6.418288432603022,7.254334059160616,6.023335559547757,10.105025309994318,6.97075771680979
2026-01-14 08:00:00,9.916508267657631,7.084986692406371,3.931558010737914,6.418288432603022,7.254334059160616,6.023335559547757,10.105025309994318,6.97075771680979
2026-01-14 09:00:00,9.916508267657631,7.084986692406371,3.931558010737914,6.418288432603022,7.254334059160616,6.023335559547757,10.105025309994318,6.97075771680979
2026-01-14 10:00:00,9.916508267657631,7.084986692406371,3.931558010737914,6.418288432603022,7.254334059160616,6.023335559547757,10.105025309994318,6.97075771680979
2026-01-14 11:00:00,9.916508267657631,7.084986692406371,3.931558010737914,6.418288432603022,7.254334059160616,6.023335559547757,10.105025309994318,6.97075771680979
2026-01-14 12:00:00,9.916508267657631,7.084986692406371,3.931558010737914,6.418288432603022,7.254334059160616,6.023335559547757,10.105025309994318,6.97075771680979
2026-01-14 13:00:00,9.916508267657631,7.084986692406371,3.931558010737914,6.418288432603022,7.254334059160616,6.023335559547757,10.105025309994318,6.97075771680979
2026-01-14 14:00:00,9.916508267657631,7.084986692406371,3.931558010737914,6.418288432603022,7.254334059160616,6.023335559547757,10.105025309994318,6.97075771680979
2026-01-14 15:00:00,9.916508267657631,7.084986692406371,3.931558010737914,6.418288432603022,7.254334059160616,6.023335559547757,10.105025309994318,6.97075771680979
2026-01-14 16:00:00,9.916508267657631,7.084986692406371,3.931558010737914,6.418288432603022,7.254334059160616,6.023335559547757,10.105025309994318,6.97075771680979
2026-01-14 17:00:00,9.916508267657631,7.084986692406371,3.931558010737914,6.418288432603022,7.254334059160616,6.023335559547757,10.105025309994318,6.97075771680979
2026-01-14 18:00:00,9.916508267657631,7.084986692406371,3.931558010737914,6.418288432603022,7.254334059160616,6.023335559547757,10.105025309994318,6.97075771680979
2026-01-14 19:00:00,9.916508267657631,7.084986692406371,3.931558010737914,6.418288432603022,7.254334059160616,6.023335559547757,10.105025309994318,6.97075771680979
2026-01-14 20:00:00,9.916508267657631,7.084986692406371,3.931558010737914,6.418288432603022,7.254334059160616,6.023335559547757,10.105025309994318,6.97075771680979
2026-01-14 21:00:00,9.916508267657631,7.084986692406371,3.931558010737914,6.418288432603022,7.254334059160616,6.023335559547757,10.105025309994318,6.97075771680979
2026-01-14 22:00:00,0.0,7.084986692406371,3.931558010737914,6.418288432603022,7.254334059160616,6.023335559547757,0.0,6.97075771680979
2026-01-14 23:00:00,0.0,0.0,0.0,0.0,0.0,0.0,0.0,0.0
