date,Consumption_kWh_Vehicle_0,Consumption_kWh_Vehicle_1,Consumption_kWh_Vehicle_2,Consumption_kWh_Vehicle_3,Consumption_kWh_Vehicle_4,Consumption_kWh_Vehicle_5,Consumption_kWh_Vehicle_6,Consumption_kWh_Vehicle_7
2026-01-01 00:00:00,0.0,0.0,0.0,0.0,0.0,0.0,0.0,0.0
2026-01-01 01:00:00,0.0,0.0,0.0,0.0,0.0,0.0,0.0,0.0
2026-01-01 02:00:00,0.0,0.0,0.0,0.0,0.0,0.0,0.0,0.0
2026-01-01 03:00:00,0.0,0.0,0.0,0.0,0.0,0.0,0.0,0.0
2026-01-01 04:00:00,0.0,0.0,0.0,0.0,0.0,0.0,0.0,0.0
2026-01-01 05:00:00,1.6270024457580676,1.3783493542370169,1.3668592554904595,1.7328702760513508,0.9344517312554321,0.9869214282482549,1.3395310129979812,1.6140124725398477
2026-01-01 06:00:00,1.6270252288070755,1.958349460715805,2.4062029702674392,1.6414759648743178,4.0390588680689365,3.1651527310151244,0.750519784263025,2.123296394682768
2026-01-01 07:00:00,4.143422174155178,2.024164617820257,1.4423489077888225,2.4254216278389533,2.6889069218124853,1.4582830840116525,2.5935567285149426,0.7150778118202596
2026-01-01 08:00:00,3.016912590714144,0.7984147303300769,2.5047200662322653,2.3942703369636855,3.0356311425514,1.8216527841797387,3.2232080918433375,2.876162889071171
2026-01-01 09:00:00,1.3004459905260868,1.4078608835047957,2.8982140719533858,1.6824507905895307,1.4635687587844064,3.2009047691585426,1.6674632952423571,2.2793344464323266
2026-01-01 10:00:00,2.704852567633116,1.8552954351920874,3.9004187217088027,0.6731986618311119,3.2571993201153595,3.9475741741380737,0.750519784263025,1.367375015750933
2026-01-01 11:00:00,1.308850901869637,0.7984147303300769,1.4323154911406395,0.6731986618311119,2.633194938358068,3.662586540497826,2.6158661529966665,2.9025270178401907
2026-01-01 12:00:00,1.3056424405365035,0.8712415901366507,0.8667597159352896,2.0095680535014266,3.202399542876167,3.5744344123503495,2.166630970980588,1.7057061193497607
2026-01-01 13:00:00,2.287711138671697,1.9871913703800455,0.8667597159352896,2.238513180481221,3.573181204395103,1.441518810825297,2.0840097224651433,2.3338376738194766
2026-01-01 14:00:00,1.0166346689854708,0.7984147303300769,1.8720008688768297,1.9323511751457825,1.9356365318350324,2.351879690452521,2.991068189366529,1.897659957223014
2026-01-01 15:00:00,1.0166346689854708,0.9759609361871594,2.6543233403091198,0.7886966468077631,0.9344517312554321,1.990435680020669,3.377339029183612,1.0305157155975908
2026-01-01 16:00:00,1.1716486046874872,1.1558588488915456,1.928902455521522,1.7192070637948609,4.205032790649445,3.874132973089662,0.826588625264074,0.6450060039644868
2026-01-01 17:00:00,1.0166346689854708,2.8151668625875,0.8667597159352896,2.909839166922289,2.6526249874517536,1.5269789233208737,0.8501799734044696,1.7765189672565267
2026-01-01 18:00:00,2.388021574932353,2.483852006779391,3.4396551889863103,1.2206695392139895,4.205032790649445,3.3965782897898853,2.2208962123923253,1.9151109444493413
2026-01-01 19:00:00,1.0166346689854708,0.7984147303300769,1.603013035604284,1.25330017388044,3.6074609860239386,0.9869214282482549,1.6774397676910193,2.628362160054078
2026-01-01 20:00:00,1.0166346689854708,0.7984147303300769,3.728537867048793,3.029393978240003,2.223854625284453,2.66073440151438,3.377339029183612,1.1992900932035149
2026-01-01 21:00:00,3.9858286286237887,1.4712962875858424,1.1910458485298425,3.029393978240003,2.5899734171515094,4.197834488558048,1.3239711515874815,0.6450060039644868
2026-01-01 22:00:00,0.0,2.992950773053965,1.9928982705111888,1.793426986438863,0.0,1.0878204995443779,0.9106789756979322,1.2117048238771282
2026-01-01 23:00:00,0.0,0.0,0.0,0.0,0.0,0.0,0.0,0.0
2026-01-02 00:00:00,0.0,0.0,0.0,0.0,0.0,0.0,0.0,0.0
2026-01-02 01:00:00,0.0,0.0,0.0,0.0,0.0,0.0,0.0,0.0
2026-01-02 02:00:00,0.0,0.0,0.0,0.0,0.0,0.0,0.0,0.0
2026-01-02 03:00:00,0.0,0.0,0.0,0.0,0.0,0.0,0.0,0.0
2026-01-02 04:00:00,0.0,1.5736225741866374,0.0,2.235255424712269,0.0,0.0,0.0,0.0
2026-01-02 05:00:00,1.6204181105185622,1.893940023409562,0.9408695229143532,1.0347966889997993,3.739222543154552,0.8318396114818554,2.0401506563277954,3.684402615688308
2026-01-02 06:00:00,0.7822780766576842,3.2789441721027117,4.233912853114589,1.0347966889997993,2.4775642404664824,0.709036981062457,1.7345285140698865,1.9389079682241157
2026-01-02 07:00:00,1.903147848344687,2.1201552973699305,1.0751804051167642,2.911590906257541,2.400560338173166,2.2372676435382277,0.8164818612382259,3.6402745175523856
2026-01-02 08:00:00,0.8606061631895857,1.4194548179044877,1.7926415739980304,2.769022185085139,3.6019791962475436,1.4193370597009778,3.5551174240053482,1.3937063328131913
2026-01-02 09:00:00,1.1905005282915078,0.7286542604672693,2.0614875156337233,3.6513689692455986,1.1497926664612304,2.4255123105607517,0.8164818612382259,1.5293302872520453
2026-01-02 10:00:00,0.8594658255213663,2.754642396297936,1.6254466045929368,1.0347966889997993,1.7492395264726068,2.365593666526099,0.8164818612382259,1.4735986409949384
2026-01-02 11:00:00,3.4798542874940064,3.2789441721027117,1.4671713839627154,1.0347966889997993,0.9180394888327196,2.681417975780719,1.750997649189171,2.713454087909146
2026-01-02 12:00:00,1.4875614413765506,0.7286542604672693,3.3225420180062546,2.8844125618477863,1.7090644122435006,1.2389418797626879,1.7727875896640957,1.818217965287429
2026-01-02 13:00:00,0.7822780766576842,2.6239095395460237,2.217272023508073,2.3185328488039914,3.420818177363109,1.6767505495955803,2.1780109855218615,2.4638678010790853
2026-01-02 14:00:00,2.380295239896096,0.7286542604672693,2.9390258089425334,2.246865115873383,3.3822831251742262,2.542717453552559,2.9334475974600074,1.5695957475525364
2026-01-02 15:00:00,0.7822780766576842,1.1848129455015108,1.5013310107961741,4.148160890071115,2.9149087737135764,2.2755545880339034,1.0747971861880201,2.915138906707526
2026-01-02 16:00:00,1.7250004537220904,1.5308798359423168,0.9408695229143532,1.6580319621895705,3.905369712534181,1.5807052749595638,2.303205755909886,0.8674995915266301
2026-01-02 17:00:00,0.7822780766576842,2.52325659601254,2.781162747133547,1.246779522121741,2.400205772858202,2.7525713041025948,3.2982109175349383,2.473701913932763
2026-01-02 18:00:00,0.7822780766576842,1.7055053251288175,0.9408695229143532,2.07415197233851,1.1758222229587711,1.1890071031460092,3.322043443572731,1.76814581880571
2026-01-02 19:00:00,1.7121842197188222,1.4326747763251624,1.6740992213273176,1.0347966889997993,1.588578965908209,2.441927337665742,3.5267667185940366,3.577703739728321
2026-01-02 20:00:00,2.2905155918518387,3.2789441721027117,3.185944724823609,1.9462637819251343,3.0097696611117626,2.7602284649748414,0.8872324422536537,3.903748161869835
2026-01-02 21:00:00,1.6849625986266166,1.8497824329360057,2.859456554248845,1.0347966889997993,1.2980648411046285,0.709036981062457,0.8164818612382259,2.5831454853384423
2026-01-02 22:00:00,0.0,2.5645177079834687,1.2063244371587831,1.0347966889997993,0.0,2.0202323399072566,1.6973625606307001,2.813693354315433
2026-01-02 23:00:00,0.0,0.0,0.0,0.0,0.0,0.0,0.0,0.0
2026-01-03 00:00:00,0.0,0.0,0.0,0.0,0.0,0.0,0.0,0.0
2026-01-03 01:00:00,0.0,0.0,0.0,0.0,0.0,0.0,0.0,0.0
2026-01-03 02:00:00,0.0,0.0,0.0,0.0,0.0,0.0,0.0,0.0
2026-01-03 03:00:00,0.0,0.0,0.0,0.0,0.0,0.0,0.0,0.0
2026-01-03 04:00:00,0.0,0.0,0.0,0.6276800540639262,0.0,0.0,0.0,0.0
2026-01-03 05:00:00,0.4808677504321713,0.6889719974009537,1.3843968711639842,0.5223414629500349,1.272964160513004,1.1069565416398175,2.04979500239092,1.4518186767199477
2026-01-03 06:00:00,1.2524082545052333,0.5224578212514437,1.2879995028302176,0.8907808521284493,0.5983691779396602,0.859311974215714,2.0853555584273242,0.4349550888052337
2026-01-03 07:00:00,0.8897047801343014,0.7017293764377538,1.1073701238279754,0.5223414629500349,0.4179689641119059,0.6210663572364561,3.4796397634089686,1.3580773395414614
2026-01-03 08:00:00,0.37241116326335044,0.5224578212514437,2.0523828633506436,2.350536583275157,1.4625524859705537,0.3509579810307457,1.1567044883242654,0.4349550888052337
2026-01-03 09:00:00,0.8797746796365743,0.9948851377622708,1.5281614263358259,1.7256497336394083,0.5654299411386613,0.617976136120759,2.252240501054045,1.8016768111493209
2026-01-03 10:00:00,0.5192762303629791,0.5224578212514437,0.5257256443045639,2.085421780060891,0.5318176010129526,0.3021933982823633,1.5225614010863115,1.9572978996235517
2026-01-03 11:00:00,0.37241116326335044,0.5969661203710568,0.5257256443045639,0.5223414629500349,1.1580772552244516,0.5095251600775312,3.0620117293365117,1.5544141098804443
2026-01-03 12:00:00,1.0259697153012302,0.5224578212514437,0.5257256443045639,1.3710667793390352,0.8474129043952388,0.5060695982083359,1.7571866731003003,1.4042028508557678
2026-01-03 13:00:00,1.2391290069585956,0.5224578212514437,0.7838681974593507,1.3781110156273297,1.0089906833284865,0.8273033984838031,0.7732532807575487,1.8179627447703077
2026-01-03 14:00:00,1.1884375220064227,0.5224578212514437,1.3031074193667815,0.5223414629500349,0.8096740299465981,1.3082429271248428,1.1410986511590628,1.5440681889376153
2026-01-03 15:00:00,0.37241116326335044,1.0354485602721184,0.5257256443045639,0.5223414629500349,0.47049689020380897,0.5917508812954131,3.4796397634089686,0.6816533193490789
2026-01-03 16:00:00,0.5578440315655039,0.6123116825901086,2.3657653993705376,0.5223414629500349,0.9628679162420564,0.3021933982823633,3.4796397634089686,0.7573461901609106
2026-01-03 17:00:00,0.883424296241241,1.6841752129151195,1.398425727802988,0.5588977116235648,1.4625524859705537,0.41200859590114997,3.3653544655029957,0.7425960214079461
2026-01-03 18:00:00,1.2109392509699126,2.0108788264745674,0.5257256443045639,1.7425261300806587,0.5314229195214976,0.9668193689336423,2.2255482437335496,1.9572978996235517
2026-01-03 19:00:00,0.47144540825138426,1.100812511347462,1.455207099415465,1.2499089353332906,1.4625524859705537,1.082449673907016,1.0896854948886812,1.4862550154447605
2026-01-03 20:00:00,0.6206513194495532,0.5224578212514437,1.1228672121708945,0.8545089628838796,0.7057138136287596,0.3214774271546505,0.8743425922090208,1.008234892933294
2026-01-03 21:00:00,0.37241116326335044,1.6234236308576702,1.8602579889968058,0.6283715000888862,0.5771395132220198,1.0780595002727895,2.9298523419989277,0.6904205211862336
2026-01-03 22:00:00,0.37241116326335044,0.7485550476459305,0.5542098314006327,0.5223414629500349,0.68407596023139,0.0,1.8135273039478779,1.021959990261439
2026-01-03 23:00:00,0.0,0.0,0.0,0.0,0.0,0.0,0.0,0.0
2026-01-04 00:00:00,0.0,0.0,0.0,0.0,0.0,0.0,0.0,0.0
2026-01-04 01:00:00,0.0,0.0,0.0,0.0,0.0,0.0,0.0,0.0
2026-01-04 02:00:00,0.0,0.0,0.0,0.0,0.0,0.0,0.0,0.0
2026-01-04 03:00:00,0.0,0.0,0.0,0.0,0.0,0.0,0.0,0.0
2026-01-04 04:00:00,0.0,0.0,0.0,0.0,0.0,0.0,2.0938606678140683,0.0
2026-01-04 05:00:00,1.7361915014450782,1.550686981386354,0.4767582162674252,2.235287079390622,2.996853343003485,2.3952655400919824,1.666462469444223,1.1959318353902695
2026-01-04 06:00:00,0.7476767774018075,2.3518726572008744,1.4530929645200594,1.3950669119636128,1.0316061419745723,2.163791333333863,2.800238435139158,1.8520157768894527
2026-01-04 07:00:00,1.7359554379833428,1.5923747131481716,1.0766927071000734,0.7389410644553388,1.2477953583263366,1.6680258929707101,2.3502195897071507,1.450860991387036
2026-01-04 08:00:00,2.8912772531907436,2.388514763103097,1.5375994942496514,1.6527413217864064,0.6659674095563299,2.0776194761154936,0.6566869005797724,1.0356193521057406
2026-01-04 09:00:00,1.3459309133172215,2.4113434364181368,0.8498209225893768,0.557308624981279,1.8888383931566217,1.1078960372282056,1.6507174711649752,0.8563297658112689
2026-01-04 10:00:00,2.917402257999299,1.2441051286232625,0.4767582162674252,1.156080253092519,2.996853343003485,2.3340877964547007,0.9049249477421131,0.649187712068331
2026-01-04 11:00:00,0.7193269963351901,1.242355395655057,0.6263892153982449,0.557308624981279,1.3800352236293918,1.9873270443981854,1.8531317660852586,0.9016673574942679
2026-01-04 12:00:00,2.1881185735258644,0.5732079399635147,1.063090753945675,0.557308624981279,1.8646444558307993,3.3864652864455,2.0430747661883992,1.8490877159548886
2026-01-04 13:00:00,1.4665777258385884,1.1427145054508594,0.4767582162674252,2.3700173887544382,2.2058738337925194,1.9122083634775098,1.0357720848198637,1.7651882718217864
2026-01-04 14:00:00,1.0875180920289529,0.5732079399635147,0.5897554501392054,0.5590601577810882,1.5976552251413865,2.8203254621484586,1.4624953422697011,1.4090138749925176
2026-01-04 15:00:00,1.471206028105066,0.8690097057921785,1.3411832321696748,1.3342954374084646,2.3406874243366134,0.9607879508653989,2.0690493258018154,0.620181394070977
2026-01-04 16:00:00,0.7193269963351901,1.3478133387282587,0.4767582162674252,0.6744791571883318,1.006506285710868,0.7525478414323333,2.145721296822412,0.41155906153098953
2026-01-04 17:00:00,1.165416103177162,1.1671392339661375,1.2242496263467115,2.037361742818265,2.6279168096303063,2.7884413520321716,1.8287761455214457,1.5757261453352982
2026-01-04 18:00:00,1.7317500067806095,0.7211126906396685,1.3316303284913302,1.1295453075268327,2.733401741185899,2.6589942066101333,1.6577909546668408,1.3509791723362303
2026-01-04 19:00:00,2.8322244327676813,0.5732079399635147,1.3149057409405291,1.1198815508231477,0.6876871685666326,0.7525478414323333,2.033907710026777,0.9065541419808968
2026-01-04 20:00:00,0.8722279713815192,0.5732079399635147,0.4861717987510534,1.42163177151704,2.2242104610068285,3.3864652864455,1.7238873178616692,1.0371375191978403
2026-01-04 21:00:00,0.7193269963351901,0.642573842289473,0.9312194827659654,0.557308624981279,0.6659674095563299,0.7525478414323333,2.2837261080840157,0.5891870982833728
2026-01-04 22:00:00,0.0,1.1786901280763746,1.7881641097916914,2.166257241280358,1.2050316781433956,0.7525478414323333,0.6566869005797724,0.8523263101521158
2026-01-04 23:00:00,0.0,0.0,0.0,0.0,0.0,0.0,0.0,0.0
2026-01-05 00:00:00,0.0,0.0,0.0,0.0,0.0,0.0,0.0,0.0
2026-01-05 01:00:00,0.0,0.0,0.0,0.0,0.0,0.0,0.0,0.0
2026-01-05 02:00:00,0.0,0.0,0.0,0.0,0.0,0.0,0.0,0.0
2026-01-05 03:00:00,0.0,0.0,0.0,0.0,0.0,0.0,0.0,0.0
2026-01-05 04:00:00,0.0,0.0,0.0,0.0,0.0,0.0,0.0,3.8342503059021307
2026-01-05 05:00:00,1.9880541187483194,1.8176672695699412,0.7325124818103862,0.965700558311267,2.9167331512316115,0.8968764418427345,2.9330318497909484,2.903707956776133
2026-01-05 06:00:00,1.5570812088954378,1.884929694664209,1.8083029708666856,0.965700558311267,2.32725662007314,0.8968764418427345,1.610850133308724,1.270658124695451
2026-01-05 07:00:00,2.4596066447906386,2.196298781293531,0.7364106586457275,1.130292088563801,3.2084712324556004,4.0359439882923045,1.856545043227123,2.8953115617627305
2026-01-05 08:00:00,0.7586226427053844,1.6863337478237985,0.7325124818103862,0.965700558311267,0.7129936072123556,2.5024705567189423,3.054314307076473,3.525515923518646
2026-01-05 09:00:00,1.117254798326041,2.9787795077324764,0.7325124818103862,0.965700558311267,2.5269176670638105,2.2133551231220525,1.330164436399979,3.4739077085760983
2026-01-05 10:00:00,1.0505196756141557,1.3480252891518323,1.3385971561018561,1.6282441506923142,1.060293448269316,2.3647216271888083,0.6947824061409473,3.6531808432963437
2026-01-05 11:00:00,0.7586226427053844,0.6702950321279315,3.296306168146738,4.345652512400702,2.357601452926738,2.1262929592333992,1.0172329982929214,2.8448610791851836
2026-01-05 12:00:00,1.7631939158477807,0.9945846374465659,2.2029402469086765,1.975179076417442,2.8482293338064273,3.634055193588187,1.6788088332514215,0.9622219999950596
2026-01-05 13:00:00,1.7268834052403668,2.1363201403780336,2.1289767389624106,2.022873705200882,3.2084712324556004,1.8770510047730204,2.1305013969820825,2.5175945971675966
2026-01-05 14:00:00,1.4618505601426852,0.7177660579674446,1.5474493453448408,2.9729784740846683,2.768935870942688,3.502053387849216,3.1265208276342635,2.0614424738898705
2026-01-05 15:00:00,1.21363582738961,1.1395167270111246,1.7407048836756418,1.7857667195902747,2.484006532363345,3.126495619165338,1.2575543722888929,2.6973689768676135
2026-01-05 16:00:00,0.7586226427053844,0.837857383929435,1.0216737700545468,1.7067467576030537,2.663649294134425,3.0787875712051505,0.9974061273270078,0.9385567892499196
2026-01-05 17:00:00,1.0209688683611826,0.6619510017183281,0.9957995148467633,2.217717699221202,2.4457066091461757,2.812132236933832,3.1265208276342635,0.9385567892499196
2026-01-05 18:00:00,1.101667769612624,2.296730986100081,1.265565119019378,2.6025958615025244,0.7129936072123556,0.8968764418427345,2.0675377125164833,3.0324328775295104
2026-01-05 19:00:00,0.7586226427053844,1.0776656699799492,0.7325124818103862,3.610908386641369,2.4570222282588263,1.5426851817965601,2.893708327774822,2.343833344011358
2026-01-05 20:00:00,1.2895409088022909,0.6619510017183281,0.7325124818103862,2.9865787727100717,1.7831632706298997,0.8968764418427345,0.6947824061409473,1.3183923735882734
2026-01-05 21:00:00,1.8749581797845254,0.6619510017183281,2.854233958889022,1.478073352534705,3.2084712324556004,4.0359439882923045,2.3739471443235987,3.920537364957649
2026-01-05 22:00:00,3.4097385235529463,0.0,1.72457949659858,3.5573028672078277,2.963074910907748,2.3393885145919926,1.6369884628895472,4.223505551624639
2026-01-05 23:00:00,0.0,0.0,0.0,0.0,0.0,0.0,0.0,0.0
2026-01-06 00:00:00,0.0,0.0,0.0,0.0,0.0,0.0,0.0,0.0
2026-01-06 01:00:00,0.0,0.0,0.0,0.0,0.0,0.0,0.0,0.0
2026-01-06 02:00:00,0.0,0.0,0.0,0.0,0.0,0.0,0.0,0.0
2026-01-06 03:00:00,0.0,0.0,0.0,0.0,0.0,0.0,0.0,0.0
2026-01-06 04:00:00,0.0,0.0,2.4288319144068584,0.0,0.0,1.8038055087910345,0.0,0.9657883866124403
2026-01-06 05:00:00,1.0695269619598864,0.8637766545577835,1.8889935619491416,0.9440350420494049,0.8479542044036659,1.0696080553977323,0.8954781784557772,1.4052867353155876
2026-01-06 06:00:00,1.1367514486809511,2.1410975956415763,4.282717547018189,1.3626368157834678,3.0304030676647997,0.6515948790177382,0.8954781784557772,2.0687201275092573
2026-01-06 07:00:00,2.554862224847992,2.590306296384546,4.181011624717348,1.3401291962307456,0.8479542044036659,1.7786376944964744,0.8954781784557772,4.067551932518593
2026-01-06 08:00:00,0.9409996346572466,1.0068168048999573,2.182326690749713,2.6677464949929526,2.0633460146892815,1.2659352288754209,2.667637925969324,3.5238856242850027
2026-01-06 09:00:00,1.3237661631610174,0.7307962780147944,1.0952720562445497,3.7900273859183775,3.529670089959381,2.8292761981001493,2.6124333991922377,4.3460477397559805
2026-01-06 10:00:00,1.0631737998846202,0.7307962780147944,2.547082867558187,1.9460783443334055,3.4948598779987052,2.1644628057209894,2.2742952861733348,2.943164373373488
2026-01-06 11:00:00,0.5677471610773317,1.2637011529087354,1.2173680393047401,0.9440350420494049,1.565992419167625,0.6287280440222556,1.4032075053017805,4.3460477397559805
2026-01-06 12:00:00,1.9757335169464731,0.7307962780147944,2.5879468158468053,2.9033748145915723,2.888919521151326,0.9834804903372357,1.3381389496169414,3.734865793151237
2026-01-06 13:00:00,1.6728037571859484,0.7307962780147944,3.5928770586852576,0.9440350420494049,3.8157939198164965,0.6287280440222556,1.9142984002170305,3.3907415900773783
2026-01-06 14:00:00,1.7031044334467755,1.1218624619895823,2.867012967484996,2.283907956261258,3.8157939198164965,1.2550293879720116,2.7112600344957367,4.279196618840226
2026-01-06 15:00:00,0.5677471610773317,0.8257766812853433,3.348784272311643,1.1288155279903465,3.8157939198164965,1.422477767830933,2.75949322145355,4.165866702600968
2026-01-06 16:00:00,2.1772048948553104,2.3423521074269398,2.107023505374605,1.3431481182257974,1.2994611594954288,1.3093282526012888,0.8954781784557772,1.4444160308533711
2026-01-06 17:00:00,0.5677471610773317,1.2767284078577577,1.167569563016941,0.9440350420494049,0.8479542044036659,1.5464475900920622,2.5872868285264214,1.9917982355611068
2026-01-06 18:00:00,1.5448740521032402,1.9895043463132638,1.1183736658986216,0.9440350420494049,1.732428353828385,2.8292761981001493,0.8954781784557772,3.0017315207127755
2026-01-06 19:00:00,2.554862224847992,1.6931423478633296,3.2741790049761517,3.426896408006062,1.62720646819252,2.7868446331031875,3.033775626584931,1.938971516002727
2026-01-06 20:00:00,0.5677471610773317,3.145968350662822,1.2981371980808847,0.9440350420494049,1.8184348658026845,2.7458953797770675,0.8954781784557772,2.966479587453975
2026-01-06 21:00:00,0.6512080371300876,1.379038552299174,4.490483684972248,0.9440350420494049,2.379064809116953,2.5672567575854717,1.8344133479096472,1.0177364518422176
2026-01-06 22:00:00,1.1673018534579516,2.0059457687252715,2.5509138797228177,0.0,2.9430930054313653,2.6700824987175666,2.6334928041122856,0.9657883866124403
2026-01-06 23:00:00,0.0,0.0,0.0,0.0,0.0,0.0,0.0,0.0
2026-01-07 00:00:00,0.0,0.0,0.0,0.0,0.0,0.0,0.0,0.0
2026-01-07 01:00:00,0.0,0.0,0.0,0.0,0.0,0.0,0.0,0.0
2026-01-07 02:00:00,0.0,0.0,0.0,0.0,0.0,0.0,0.0,0.0
2026-01-07 03:00:00,0.0,0.0,0.0,0.0,0.0,0.0,0.0,0.0
2026-01-07 04:00:00,0.0,0.0,0.0,0.0,0.0,0.0,0.0,0.0
2026-01-07 05:00:00,1.7600205312217827,1.1596623584497365,1.5855400586778352,2.21569455477979,2.933181939834206,3.1999025759066635,3.8569780494123678,4.023059289974458
2026-01-07 06:00:00,0.6857791953512345,1.1596623584497365,3.3124002923331366,1.07591488858563,1.340801492991545,2.1300957006144627,0.9380757338905154,2.589306021650088
2026-01-07 07:00:00,2.7675719849233382,4.699786078003756,0.9838045707135329,4.841616998635335,1.2098255103535953,2.1551048026011954,2.4204688476338463,1.2812614684787953
2026-01-07 08:00:00,0.6857791953512345,1.1596623584497365,0.9838045707135329,1.9228137054553682,0.7970169173632901,2.7103182015615186,3.2731349272838695,2.767828521910361
2026-01-07 09:00:00,1.0152179407226924,1.1596623584497365,4.427120568210898,1.3708762988850207,1.9258276428144279,1.053550952051747,2.826193887820138,2.875516829201949
2026-01-07 10:00:00,2.0782202495037514,1.1596623584497365,0.9838045707135329,3.5307389682649104,2.5865997042383078,2.389915836919899,3.9793318059621914,3.8909700911349194
2026-01-07 11:00:00,0.6857791953512345,3.2059076975468743,0.9838045707135329,1.9579081768618634,2.9758272879872463,4.726284903735823,1.8635063379766867,2.345661732058625
2026-01-07 12:00:00,1.529618707190359,3.136162252000339,1.5738634416398993,4.495856524541761,2.4610664309588235,2.8291247990999917,2.9535984403686086,2.1644329757994933
2026-01-07 13:00:00,2.5402974880933358,2.2328687392517987,3.257120285936766,1.07591488858563,0.6612949528860548,4.497655222637662,2.6537247209490764,4.023059289974458
2026-01-07 14:00:00,0.6857791953512345,3.3327425655156113,0.9838045707135329,2.665705440140224,1.06252324804993,2.633522791322263,0.9380757338905154,3.692806805019261
2026-01-07 15:00:00,1.4895297055259378,1.1596623584497365,1.1248976325837856,2.2272284194238976,1.3108414318988455,2.6132085501074025,3.893036841878128,1.8537152876601863
2026-01-07 16:00:00,1.5599693765364242,4.474872051745046,0.9838045707135329,1.07591488858563,2.541665881177057,1.2424453846790746,2.9241103649440365,0.8940131755498796
2026-01-07 17:00:00,2.0485515338578475,2.5760120829745903,0.9838045707135329,1.07591488858563,2.2988261135982917,1.053550952051747,2.6868891355643765,3.5832425762958815
2026-01-07 18:00:00,0.6857791953512345,5.105671472705762,1.9037431251117454,1.7522899522183402,2.299639716460237,4.69108465901025,1.3168956809835868,2.946690839408377
2026-01-07 19:00:00,0.6857791953512345,3.0711447935115843,2.7775380369846827,2.8057492046080337,0.6612949528860548,2.0936770852806217,1.623575657761829,2.9600653068640033
2026-01-07 20:00:00,1.8052796053780187,1.7173314792472119,2.0681269576501102,1.07591488858563,0.9364369010214961,4.7409792842328615,1.2410721186019404,0.8940131755498796
2026-01-07 21:00:00,1.5947000225540229,1.1596623584497365,1.7817448993196645,2.48221391091989,2.3653003076301955,1.053550952051747,3.0299866792908547,3.252570066677101
2026-01-07 22:00:00,1.5511795570790758,0.0,2.870933790644249,1.07591488858563,2.273638111854444,4.7409792842328615,1.345575718066898,1.8496987510234526
2026-01-07 23:00:00,0.0,0.0,0.0,0.0,0.0,0.0,0.0,0.0
2026-01-08 00:00:00,0.0,0.0,0.0,0.0,0.0,0.0,0.0,0.0
2026-01-08 01:00:00,0.0,0.0,0.0,0.0,0.0,0.0,0.0,0.0
2026-01-08 02:00:00,0.0,0.0,0.0,0.0,0.0,0.0,0.0,0.0
2026-01-08 03:00:00,0.0,0.0,0.0,0.0,0.0,0.0,0.0,0.0
2026-01-08 04:00:00,0.0,0.0,0.0,0.0,0.0,0.0,0.0,0.0
2026-01-08 05:00:00,0.8415242563715427,0.7913757399129646,1.7944553565546217,1.3492956316938998,2.3256450245609632,0.9848804766221997,1.2429629762568752,2.6680970599540115
2026-01-08 06:00:00,3.7589055757189778,0.7913757399129646,0.711329232184043,0.8870226240659823,1.118631045519867,3.7128215882013547,2.168771824127202,1.2266622750830762
2026-01-08 07:00:00,2.1600092608393564,0.7913757399129646,0.711329232184043,2.0844074542680318,1.4421720078912108,3.9618719681745005,3.113351397550266,3.3341339314979126
2026-01-08 08:00:00,0.8415242563715427,1.1922708972713794,1.77034706787991,0.7305384712574133,1.4815854953937635,2.774235488940474,2.9910933768538794,3.0795723094442207
2026-01-08 09:00:00,2.3698969718618756,0.9167898107383652,0.9352789315851006,1.1002862605682369,1.7506523476956386,4.068009666806393,1.2554262121179895,2.136296453062479
2026-01-08 10:00:00,0.8415242563715427,2.6841345295083046,0.9265449685442955,2.253569504563139,2.386040308091466,2.223478270536736,3.3410954084853226,3.5903260899766547
2026-01-08 11:00:00,2.519835394940257,1.4601788777409366,1.8324226117369242,2.1091199218876393,0.560562610953703,1.5594806727834627,3.7359874470031493,2.662256463596896
2026-01-08 12:00:00,2.9465828486096655,0.7913757399129646,0.711329232184043,1.6004581130696016,1.9554067895904832,3.3440369415727895,1.6037341109726273,3.6521059242176235
2026-01-08 13:00:00,0.8415242563715427,1.0656338415853235,1.2415161956160505,0.7305384712574133,0.560562610953703,1.4211925519409552,1.4858507528743998,2.3603635650683588
2026-01-08 14:00:00,2.72233805198226,2.530956557940602,0.711329232184043,1.6975735506502236,1.2970473565585268,3.1474872320381064,3.8673533753234746,2.57224898795856
2026-01-08 15:00:00,2.089880019161331,1.7654420538990725,1.2292599468223786,0.7305384712574133,0.560562610953703,2.5559343398382883,2.0130973359175894,2.561278427767237
2026-01-08 16:00:00,2.5600111382290893,0.7913757399129646,0.8751527838799613,2.2978242950007726,1.4001351888781837,1.4869888884149998,3.118475430701434,0.8674279765699255
2026-01-08 17:00:00,3.7868591536719425,1.957473929159901,1.578860742463854,0.7305384712574133,1.5352196413485737,3.7185769103541757,0.9565929157175675,3.7470866778166676
2026-01-08 18:00:00,1.3338540014694011,2.031771379832198,0.711329232184043,0.7305384712574133,2.1610987396724184,1.312272963173885,1.394503977367038,2.540888644020406
2026-01-08 19:00:00,0.8415242563715427,2.3780832993671814,1.1966233169024463,1.155460359372086,1.7245073529222914,1.128750200229505,2.911137236847825,2.6671336987033456
2026-01-08 20:00:00,0.8415242563715427,1.1631696458465037,0.711329232184043,1.3041518390802067,0.8749702605188879,1.4678730896502261,1.1743633725041773,0.8421618482883312
2026-01-08 21:00:00,0.8415242563715427,0.7913757399129646,1.7067425987601965,1.998443275296857,0.560562610953703,2.640408828078366,2.652772592891009,2.8141633717528562
2026-01-08 22:00:00,1.5271613336356007,0.0,0.711329232184043,1.0094842503021093,1.4682048798675498,0.0,3.3638704387721563,1.3762855709030946
2026-01-08 23:00:00,0.0,0.0,0.0,0.0,0.0,0.0,0.0,0.0
2026-01-09 00:00:00,0.0,0.0,0.0,0.0,0.0,0.0,0.0,0.0
2026-01-09 01:00:00,0.0,0.0,0.0,0.0,0.0,0.0,0.0,0.0
2026-01-09 02:00:00,0.0,0.0,0.0,0.0,0.0,0.0,0.0,0.0
2026-01-09 03:00:00,0.0,0.0,0.0,0.0,0.0,0.0,0.0,0.0
2026-01-09 04:00:00,0.0,0.0,2.144820084436333,0.0,0.4648188652351665,0.0,0.0,0.0
2026-01-09 05:00:00,2.9755651160593986,1.669451665005213,1.7370483636916143,1.2802750843551798,0.6889274044669709,2.562289957175136,1.6456491614955024,2.2818698697003006
2026-01-09 06:00:00,1.188026286147541,0.6266038978777233,0.9796526668733481,0.5658433760488244,0.7422982212468635,1.212318712330225,1.0177668916512232,1.0009340257399415
2026-01-09 07:00:00,3.4297615695102723,0.8924842587162117,2.0756032941261027,0.9981424389171716,0.628542760374444,0.8300989429126611,1.2724733464648623,0.6311771549537755
2026-01-09 08:00:00,2.11428484980514,0.5977336551782092,3.9504227277623922,1.5961219797181976,0.9205430093084971,0.6075908565946234,1.9370926544233165,1.676303944485119
2026-01-09 09:00:00,0.7621692376689494,0.7743020138457747,1.68705292491387,0.9327916375374744,0.8355445348407069,1.9404729591606542,2.160620853968827,2.083509157028114
2026-01-09 10:00:00,0.7621692376689494,2.689801448301941,2.9210602772937904,2.060946176764962,0.5689026301358063,0.8825440468487343,0.48013796754862825,1.9622391483594996
2026-01-09 11:00:00,1.9653104252631795,2.267647793504442,0.9796526668733481,1.3263282866301205,0.6881922189699894,2.302220380984893,0.6642467190037566,2.8402971972919895
2026-01-09 12:00:00,1.230882967415397,0.5977336551782092,1.6885548932957475,0.5658433760488244,0.8202198390014874,2.057021074953836,1.7643947980043095,2.6664599382356124
2026-01-09 13:00:00,2.206183211083065,0.5977336551782092,2.615029554932155,0.5658433760488244,0.64631536692638,2.7341588546758056,1.0526914945301855,1.1270710923035767
2026-01-09 14:00:00,1.9557029091203475,2.0092512832450806,0.9796526668733481,1.8198506451380894,0.46182032044423516,0.6075908565946234,1.420828579747485,1.7230674899435339
2026-01-09 15:00:00,1.387596575237855,1.5809382244542158,1.8893185348740626,1.5357148537711833,0.5139966266196434,2.145049019871032,1.616281164293472,1.1945966688546892
2026-01-09 16:00:00,0.7621692376689494,0.5977336551782092,1.3092605080801425,0.8123852753738352,0.772492742765055,1.9413856017794917,1.6833528615817503,1.1387939176599848
2026-01-09 17:00:00,0.7621692376689494,1.1753114277618832,2.895366599916441,0.5658433760488244,1.0222793381010697,1.8445070767797018,1.9500903229333602,1.7641168344551597
2026-01-09 18:00:00,0.9988281900716551,1.6573262424156372,4.408437000930066,2.2587486545415323,0.2519210389192329,0.8960004946251137,1.2663593637150552,1.1160909994337744
2026-01-09 19:00:00,2.3543288504512083,0.8594065038318045,2.1645698425432753,1.9562164243159794,0.445972468717028,1.2743094843335314,0.48013796754862825,0.8292098657235106
2026-01-09 20:00:00,1.6860997200777859,1.016678088344143,0.9796526668733481,1.2003100304234922,0.2519210389192329,1.258628548030242,1.535651788886244,1.4395322797683583
2026-01-09 21:00:00,0.7621692376689494,1.4848378721562536,1.3682416937372417,0.7775953609939815,0.3943594817837967,1.8559881736538242,2.160620853968827,2.3764194006835324
2026-01-09 22:00:00,1.6435356191548824,1.7974552619344988,0.0,0.5658433760488244,0.5144451988484513,1.2615744754432043,0.9590649973816335,1.4000723823310535
2026-01-09 23:00:00,0.0,0.0,0.0,0.0,0.0,0.0,0.0,0.0
2026-01-10 00:00:00,0.0,0.0,0.0,0.0,0.0,0.0,0.0,0.0
2026-01-10 01:00:00,0.0,0.0,0.0,0.0,0.0,0.0,0.0,0.0
2026-01-10 02:00:00,0.0,0.0,0.0,0.0,0.0,0.0,0.0,0.0
2026-01-10 03:00:00,0.0,0.0,0.0,0.0,0.0,0.0,0.0,0.0
2026-01-10 04:00:00,0.0,0.0,0.7761784211086247,0.0,0.0,3.1137293830516133,0.0,0.0
2026-01-10 05:00:00,0.49854041957265466,2.1538770364830357,0.8172584025609018,1.333581343918975,1.5509003290654921,2.2178834961996268,0.6141591514438731,0.31758362635387377
2026-01-10 06:00:00,1.200674649497549,1.3120775071772237,0.45527449879838466,1.0224839301526554,1.7712256451139246,3.3642026450406766,1.0065490139403594,1.160228112201752
2026-01-10 07:00:00,1.3388157785138664,0.7135739565622357,1.8341269558058577,1.5185060109863844,1.6234920781701683,0.7476005877868172,1.2651618438183503,1.0716387990788927
2026-01-10 08:00:00,1.694222286505605,3.2110828045300606,1.1366179236098688,0.6199133227410287,1.737257151633183,0.9929035413778348,1.9277598791369845,0.6850116739378107
2026-01-10 09:00:00,1.6743179875138239,2.216301436654193,1.0261953220119806,0.4443690438941529,2.2964065586861047,1.644848356414466,1.1075074306719774,0.8954798587220599
2026-01-10 10:00:00,0.49854041957265466,0.7135739565622357,1.430788571038323,1.5814051908657516,0.5103125685969121,2.431814811395566,1.4804497453106211,0.31758362635387377
2026-01-10 11:00:00,0.49854041957265466,2.3699201334332693,1.0520094748755575,0.7948510711283123,2.2382546745914875,1.3205020498144733,1.461453155099911,0.9157799511110161
2026-01-10 12:00:00,1.3076830566346722,0.7135739565622357,0.8683601443943709,1.7798764805750327,1.0782888208169794,1.531196200751638,1.128970309322692,0.7782446621823459
2026-01-10 13:00:00,1.3068328873092874,0.7135739565622357,1.0090470206655275,1.4743187346185882,1.2967260661086875,2.126997978505324,1.688610749600943,1.2314827436900495
2026-01-10 14:00:00,1.307691507925733,3.2110828045300606,1.0324954945511244,1.768328780599851,0.5843962256255301,2.907384703151957,1.9277598791369845,0.996512869691774
2026-01-10 15:00:00,2.243431888076946,2.7413182944172974,1.1718732339159394,0.7728249497650597,1.8093585422312217,1.775708423164405,1.8359584959222153,0.32484192751879837
2026-01-10 16:00:00,1.3456929783873373,1.3204683551168828,0.7874854768924114,1.045915514369232,0.5103125685969121,2.705078340744123,1.9277598791369845,0.7734481111904502
2026-01-10 17:00:00,1.7299587365958158,0.940635511121821,1.8206412630587172,0.5473011815044655,2.2512244049438817,3.3642026450406766,1.8357273394848739,0.31758362635387377
2026-01-10 18:00:00,1.6064031254218585,1.6517742942103302,1.7292572121715386,0.4443690438941529,0.8272188754664932,2.9251861852434766,0.4283910842526632,0.577235998105511
2026-01-10 19:00:00,1.4004743500336072,1.181655946841149,0.45527449879838466,0.4443690438941529,1.5138485608251329,2.6763794046189204,0.8142949404144765,1.4104345622971042
2026-01-10 20:00:00,0.7426544656301518,2.755649252482019,1.7789071316689358,0.4443690438941529,0.5103125685969121,3.3642026450406766,1.9277598791369845,0.35319035892877515
2026-01-10 21:00:00,1.473681983480958,1.6078252275405744,1.3599908587660425,0.4443690438941529,1.1928227015510253,3.2504142635759585,1.9277598791369845,0.6738856268392085
2026-01-10 22:00:00,0.0,0.7135739565622357,1.4964248635513033,1.3408504595396018,0.0,3.3642026450406766,0.8932267444876207,1.4291263185924319
2026-01-10 23:00:00,0.0,0.0,0.0,0.0,0.0,0.0,0.0,0.0
2026-01-11 00:00:00,0.0,0.0,0.0,0.0,0.0,0.0,0.0,0.0
2026-01-11 01:00:00,0.0,0.0,0.0,0.0,0.0,0.0,0.0,0.0
2026-01-11 02:00:00,0.0,0.0,0.0,0.0,0.0,0.0,0.0,0.0
2026-01-11 03:00:00,0.0,0.0,0.0,0.0,0.0,0.0,0.0,0.0
2026-01-11 04:00:00,0.0,0.0,0.0,0.0,0.0,0.0,1.3042000053652665,0.0
2026-01-11 05:00:00,2.0165346457430218,1.4558425680483595,1.1388847549644645,0.797878612487779,1.6677764736457932,0.3032662790828881,0.7223323860940898,0.9081757621342412
2026-01-11 06:00:00,0.448118810165116,1.1693219782932978,2.801044262202031,1.8877159896358455,1.915928720960007,0.4077974358520091,1.2352138399091912,1.6725936564431805
2026-01-11 07:00:00,1.28016124198196,0.8706711317849991,2.9866748082942265,2.0384354423953046,1.33222917432282,0.4578084355980432,1.105481952284984,1.4055057939392492
2026-01-11 08:00:00,0.448118810165116,0.6340434898670503,0.7936919703811707,1.0189745971694417,0.47554485177904915,0.8526262109991245,1.5220537667499328,1.48586669598034
2026-01-11 09:00:00,0.5717158049860126,0.6340434898670503,1.196091117333388,1.1810467512943659,1.1612987841045082,0.1923547736646857,0.4193115060186969,0.8363516378367192
2026-01-11 10:00:00,1.526479786090819,0.6340434898670503,1.752757598934236,1.0843384704602077,1.5452411185837056,0.8134986393617851,0.4726234497179747,1.9106462384719234
2026-01-11 11:00:00,0.8997070574626466,0.9806317912055942,0.7936919703811707,1.7812412091057854,1.6541186721579417,0.6889617048430218,1.2868784318984385,0.6644424456420529
2026-01-11 12:00:00,0.448118810165116,2.0407263791354473,2.1501329819750525,1.3471322701806128,1.4999534144695115,0.1923547736646857,0.9449288592282759,1.2183925684892003
2026-01-11 13:00:00,0.448118810165116,1.6317238742954419,1.3062743468912672,1.5431728746039093,1.5644375016846759,0.44055852484962693,1.1468327725380765,2.0228041476934897
2026-01-11 14:00:00,1.2760859453053979,1.7521243344984396,2.193452745101177,0.5648470290457428,0.47554485177904915,0.45938472307981154,0.9784705012723336,0.8880286804017742
2026-01-11 15:00:00,0.448118810165116,1.4859021113310684,1.8309676700640782,0.5648470290457428,1.844310884523685,0.713246236798983,1.3163553376428352,1.9105359999900606
2026-01-11 16:00:00,0.9927919765794417,2.5115230462629143,3.543738123387864,1.328541697252572,1.7685278512754352,0.5557805854643506,1.886901777084136,1.9479405965260854
2026-01-11 17:00:00,0.8882635977080322,1.0918045889572223,2.909709004208279,1.306425351340709,1.210151199002652,0.8309401627785127,1.3194819591543896,1.34918036314851
2026-01-11 18:00:00,0.46181579709234055,1.5996033531556118,1.7132304993781846,0.5648470290457428,0.7478197875066165,0.4076230796432634,0.6825538893235782,1.6045603086478786
2026-01-11 19:00:00,2.0165346457430218,1.0031359274932294,3.201213370797208,1.8102477993674906,0.47554485177904915,0.8655964814910856,1.254547002148284,0.9439106066591253
2026-01-11 20:00:00,1.2481450824172995,1.887781311514385,2.80948418298396,0.8590394035881678,0.47554485177904915,0.6949868688570398,0.4193115060186969,0.7185642966741204
2026-01-11 21:00:00,0.448118810165116,0.6340434898670503,1.5092193061805355,0.5648470290457428,0.8328833350690388,0.6325666739229754,1.184749311258645,1.4839304831835602
2026-01-11 22:00:00,0.9744388964765398,1.7053455364101582,0.0,0.5648470290457428,2.010450719162655,0.8655964814910856,1.5152746065375717,1.0618764229926005
2026-01-11 23:00:00,0.0,0.0,0.0,0.0,0.0,0.0,0.0,0.0
2026-01-12 00:00:00,0.0,0.0,0.0,0.0,0.0,0.0,0.0,0.0
2026-01-12 01:00:00,0.0,0.0,0.0,0.0,0.0,0.0,0.0,0.0
2026-01-12 02:00:00,0.0,0.0,0.0,0.0,0.0,0.0,0.0,0.0
2026-01-12 03:00:00,0.0,0.0,0.0,0.0,0.0,0.0,0.0,0.0
2026-01-12 04:00:00,0.0,0.0,0.0,1.9499240606994173,0.0,0.0,0.0,0.0
2026-01-12 05:00:00,1.9650097383753475,1.6658709172717483,0.9090105872640935,1.6282730490672581,1.9794265762904077,3.2740191678878294,0.7919608493173077,3.286829446565335
2026-01-12 06:00:00,2.3358611871219344,2.9359009527429727,0.4846232440618289,2.6442949466152523,2.46263464783479,2.54318646938035,1.784624359306923,2.0896518847249874
2026-01-12 07:00:00,0.7530770658886365,0.7092093318747928,1.7777380894563795,1.8059487992053869,3.791398807551656,3.6796187435947747,2.8298288653454984,2.345047172515362
2026-01-12 08:00:00,1.102057355916481,1.2815241935265351,1.1228108109652728,0.7574235703958184,1.9326966128215095,2.7928439689209945,1.604029758134348,2.632387467513509
2026-01-12 09:00:00,0.9576878413133934,2.2541400493495627,1.7649869209306568,0.7574235703958184,3.000580101649556,3.03727021942168,3.4948828501235085,2.011282629885796
2026-01-12 10:00:00,0.7743180545233482,0.7092093318747928,1.016090820697123,1.778440325110512,3.2275391887449203,2.490642745413114,1.2470008080990216,0.7931609029262354
2026-01-12 11:00:00,3.2607069969572344,2.0256572722203012,1.7486098198682707,1.2538681954914885,1.361012626012271,2.7032175830757716,3.5638238219278846,3.286829446565335
2026-01-12 12:00:00,1.8622089952348166,0.7646574088256979,1.158064456788071,3.262605223893071,2.3754926832499343,2.5074685854227634,2.913911387653493,1.9980485158299433
2026-01-12 13:00:00,0.7530770658886365,1.4187103499263092,0.5569540726081568,1.2166857725677613,2.2433002716110684,2.099318344242908,1.0260418687638868,3.0728661283434406
2026-01-12 14:00:00,2.3894243339073014,2.0391741877049783,1.9159088114396163,0.7574235703958184,1.5586695823913685,3.233940217883657,1.2652537528431642,2.1419331550657525
2026-01-12 15:00:00,3.3888467964988642,2.688286138208548,1.280389719109686,0.8976895263761764,1.5733717916096217,2.72458287168705,2.030725810248799,2.3255642133171497
2026-01-12 16:00:00,2.507230832356435,1.136246617503654,1.707599278471539,1.4654297763830457,2.0554012987669883,2.816148213994916,1.6217849569274416,1.1087919869669949
2026-01-12 17:00:00,0.7530770658886365,0.7092093318747928,0.9592924598417495,0.7574235703958184,1.5222471013989947,1.5100410285640118,1.7816489459224298,1.576076009303774
2026-01-12 18:00:00,0.9481394569077027,1.3205168339269064,0.6421656190166534,1.8582542444279582,2.7152080991467398,0.8176930541321722,1.1732578085186762,2.1057845478795865
2026-01-12 19:00:00,2.7482295292816827,1.015520247501685,0.4846232440618289,1.9827083787987037,0.8425330683448125,2.6601508991448846,2.40293351375695,1.0927191840332848
2026-01-12 20:00:00,0.7530770658886365,2.5579115153283385,1.0903675851905366,1.4172484578019753,1.753705212987783,1.5147367805015337,2.193971287819652,0.7304065436811856
2026-01-12 21:00:00,1.9021322341863645,0.7092093318747928,0.5846218008532025,0.7574235703958184,1.982890492316428,3.1305620937686185,3.5638238219278846,2.9631874769220494
2026-01-12 22:00:00,0.0,0.8264230528685252,0.0,1.87429254112357,3.4065293859464916,2.0327178672631976,2.007080194406254,0.0
2026-01-12 23:00:00,0.0,0.0,0.0,0.0,0.0,0.0,0.0,0.0
2026-01-13 00:00:00,0.0,0.0,0.0,0.0,0.0,0.0,0.0,0.0
2026-01-13 01:00:00,0.0,0.0,0.0,0.0,0.0,0.0,0.0,0.0
2026-01-13 02:00:00,0.0,0.0,0.0,0.0,0.0,0.0,0.0,0.0
2026-01-13 03:00:00,0.0,0.0,0.0,0.0,0.0,0.0,0.0,0.0
2026-01-13 04:00:00,0.0,0.0,0.0,0.0,0.0,0.0,0.0,0.0
2026-01-13 05:00:00,0.2963701712529624,2.792590813509611,1.945495961068452,0.8219506005256274,2.8639972957262883,0.7671647373665841,1.7549183333912692,3.266810818349481
2026-01-13 06:00:00,0.4668554743315289,2.1842574563836368,0.7441186519647812,1.2079360636119127,3.2620068624172607,1.9588675751320288,2.2747539040057316,0.7259579596332181
2026-01-13 07:00:00,0.2963701712529624,0.9675138209762464,2.0270256382172946,1.308593718648497,1.59628859214561,2.285939499450108,0.6176996257626746,0.7259579596332181
2026-01-13 08:00:00,1.2294150229682224,1.3006585185203636,1.719186125720566,1.5569369528793102,3.821337173149553,0.985677283507068,0.6176996257626746,2.4693919142442153
2026-01-13 09:00:00,0.2963701712529624,2.5742029601086207,2.404313049276001,3.1859341589569192,1.5912443254401056,1.4447062893982436,0.7968739845964854,0.7259579596332181
2026-01-13 10:00:00,0.39101280706770375,2.9263509330700064,0.7441186519647812,0.8997996436513661,2.9538514290242137,3.4522413181496288,2.2431929333758243,2.1369990289488645
2026-01-13 11:00:00,0.6219212127428743,0.9675138209762464,1.2248049082150942,1.054289232580487,3.1293524148665846,1.6386540605155402,2.0951816371735803,1.7759279649235158
2026-01-13 12:00:00,1.1520910405070712,0.9675138209762464,0.7441186519647812,0.7079853686570932,2.811305136169998,3.303863344889093,1.6636076231048087,1.3727852331307502
2026-01-13 13:00:00,0.2963701712529624,1.0755286387039213,1.3300499426217398,0.7079853686570932,1.7481405327239372,1.9222996809226145,1.1205288557834283,2.5356849280908293
2026-01-13 14:00:00,1.039583138980904,0.9675138209762464,0.8326939011173026,1.9526104269748181,2.2010101349140605,3.4522413181496288,1.9203063648330045,0.9261647959571918
2026-01-13 15:00:00,0.573170465379593,1.161277638505696,2.331992649681045,1.390416409542587,2.7151137234328715,3.4522413181496288,2.7796483159320355,0.9452388569610785
2026-01-13 16:00:00,0.2963701712529624,1.819190129785868,0.7441186519647812,2.424716996647913,1.6707380709853954,3.4522413181496288,2.5367474542258317,2.6912231666012576
2026-01-13 17:00:00,0.7559725099281402,1.2200106958697057,0.7441186519647812,1.859129683384299,3.653352502264262,3.4522413181496288,0.7656574186768683,1.1199121901065474
2026-01-13 18:00:00,0.6495593898366949,1.3001502760613517,2.2033161361065723,1.6782671058391812,2.4955957936550757,3.4522413181496288,2.4776553655915605,2.1556977886707283
2026-01-13 19:00:00,0.32621582191776594,0.9675138209762464,2.114356868788143,1.3797921974947824,2.143290387218407,2.202770797628403,0.6176996257626746,2.0140235967229363
2026-01-13 20:00:00,0.5972688330850351,0.9675138209762464,0.7441186519647812,2.0079878772809336,2.899074162678632,2.325666719606351,2.540153554739496,3.206775170113717
2026-01-13 21:00:00,0.41315393042654774,3.182280849054385,0.7441186519647812,1.9572848834889391,2.4104207734864618,1.0348095054863553,0.9738829878556088,1.5726444608556043
2026-01-13 22:00:00,0.614953635452069,1.0132801918795997,0.9418316549360257,0.9540081193757495,1.7978330653029886,1.0375522224716394,0.0,2.0374727258582292
2026-01-13 23:00:00,0.0,0.0,0.0,0.0,0.0,0.0,0.0,0.0
2026-01-14 00:00:00,0.0,0.0,0.0,0.0,0.0,0.0,0.0,0.0
2026-01-14 01:00:00,0.0,0.0,0.0,0.0,0.0,0.0,0.0,0.0
2026-01-14 02:00:00,0.0,0.0,0.0,0.0,0.0,0.0,0.0,0.0
2026-01-14 03:00:00,0.0,0.0,0.0,0.0,0.0,0.0,0.0,0.0
2026-01-14 04:00:00,0.0,0.0,0.0,0.0,0.0,0.0,0.0,0.0
2026-01-14 05:00:00,1.093270245238585,3.490708249650728,0.6951164925205455,0.7076002539734019,3.3160507188932105,2.1871921827667866,2.2168555042128895,3.2109243698884504
2026-01-14 06:00:00,1.8725678660382823,2.2505803583826753,0.43344444178882824,2.2469122316031953,1.43937048362831,2.7526027163585467,4.336419112253458,2.30830519665464
2026-01-14 07:00:00,2.9770328067327414,1.2707056287291205,0.9016161170736489,0.7076002539734019,0.9784842009773888,1.766385088708495,4.604197265776419,2.0088010976410664
2026-01-14 08:00:00,2.5184069365810955,1.0119270649626342,0.5372428146886199,2.0161247620984417,0.7997721941873102,1.6885571065399458,4.8442273900910555,1.8031747662005337
2026-01-14 09:00:00,1.1698157314022366,0.7811020703710716,0.43344444178882824,1.4874112704140696,2.644798086844488,2.9882595919555865,1.1140537778635986,2.645706490173289
2026-01-14 10:00:00,1.7884951469243664,2.8941165636922084,0.5266111163965398,2.690865906208919,0.8524124822241284,2.3654965078740826,2.548141065605628,1.8041047128354022
2026-01-14 11:00:00,1.363366730871649,2.420512501746725,0.43344444178882824,2.6103735690413683,2.3370570142244578,2.7034311062235745,2.5649335416937866,3.407769564419407
2026-01-14 12:00:00,1.2195616608875328,3.5149593166698216,0.43344444178882824,1.403647878286203,2.0658626633283363,2.9882595919555865,2.729593425710976,1.5739014239676863
2026-01-14 13:00:00,3.366951876755843,1.0692046339446448,0.43344444178882824,2.2966328743978393,1.0665495498856672,1.581016248838825,1.1140537778635986,1.1293191922180963
2026-01-14 14:00:00,2.6318580376347303,2.0675556302618237,1.3697167167289168,1.4067584183187227,3.0243144545921763,0.9737980939685115,3.5957782385285886,3.4582887512279434
2026-01-14 15:00:00,1.093270245238585,1.5094383933122129,0.43344444178882824,2.3362923529102027,0.7997721941873102,0.6640576871012415,3.783388207528587,2.750910996738421
2026-01-14 16:00:00,3.4415642556870947,2.8469890287120743,0.8744465871265384,0.9259768739860836,3.5989748738428955,2.097801973993857,2.3466749021890623,1.470727393240161
2026-01-14 17:00:00,2.5576662126394747,0.7811020703710716,1.151705513624241,1.3073339255052632,2.733870352164742,0.6640576871012415,1.1140537778635986,0.8275078123060852
2026-01-14 18:00:00,3.3121242971893112,1.1073258600496236,0.5756040515042995,2.2819302243229593,1.5835398270350922,0.6903479895692548,2.852242959515405,1.63546877342303
2026-01-14 19:00:00,3.038682733900173,2.938499812494569,0.6445558774697121,0.7076002539734019,0.7997721941873102,2.4372488190758843,1.7108941020115092,3.4582887512279434
2026-01-14 20:00:00,1.093270245238585,1.9824391439044653,0.8052105288935625,2.3913000913857094,1.9074517552890116,2.861917703412341,3.440532026032738,2.4804696658471133
2026-01-14 21:00:00,1.2631129265980727,1.056005634247028,0.43344444178882824,1.6283035440529168,1.8377357806305554,2.6724787131487786,2.4958791149318977,2.500742654087009
2026-01-14 22:00:00,0.0,0.7811020703710716,0.7731126695367962,2.136834250200047,2.3503639650685995,1.108292062357969,0.0,3.0969567847300836
2026-01-14 23:00:00,0.0,0.0,0.0,0.0,0.0,0.0,0.0,0.0
