date,Consumption_km_Vehicle_0,Consumption_km_Vehicle_1,Consumption_km_Vehicle_2,Consumption_km_Vehicle_3,Consumption_km_Vehicle_4,Consumption_km_Vehicle_5,Consumption_km_Vehicle_6,Consumption_km_Vehicle_7
2026-01-01 00:00:00,0.0,0.0,0.0,0.0,0.0,0.0,0.0,0.0
2026-01-01 01:00:00,0.0,0.0,0.0,0.0,0.0,0.0,0.0,0.0
2026-01-01 02:00:00,0.0,0.0,0.0,0.0,0.0,0.0,0.0,0.0
2026-01-01 03:00:00,0.0,0.0,0.0,0.0,0.0,0.0,0.0,0.0
2026-01-01 04:00:00,0.0,0.0,0.0,0.0,0.0,0.0,0.0,0.0
2026-01-01 05:00:00,0.18131949059820934,0.19559239588308477,0.17866779579826791,0.2916379310605882,0.11329772784640002,0.11329772784640002,0.20221428313376802,0.283507354552599
2026-01-01 06:00:00,0.18132202962994293,0.27789635611632113,0.314524688049661,0.2762564866496924,0.4897162443856328,0.36335680070028453,0.11329772784640002,0.37296498882707424
2026-01-01 07:00:00,0.4617591079287514,0.2872357476311865,0.18853535877342337,0.4081926704313758,0.3260168871671093,0.16740963895030642,0.39152077072828473,0.12560610415197265
2026-01-01 08:00:00,0.33621649159398637,0.11329772784640002,0.3274022629087974,0.40294998253587383,0.3680555126895384,0.20912416679305987,0.486572320729123,0.5052088170420235
2026-01-01 09:00:00,0.14492676711546645,0.19978018085785545,0.378837483016223,0.28315245200976696,0.17745059415158018,0.36746110381052993,0.25171861765608256,0.40037365884276815
2026-01-01 10:00:00,0.30143930698148635,0.263272644286211,0.5098397753088001,0.11329772784640002,0.39491957665498084,0.45317810682135595,0.11329772784640002,0.24018455866504754
2026-01-01 11:00:00,0.14586344317720745,0.11329772784640002,0.18722384961133828,0.11329772784640002,0.3192620801202846,0.420461772540244,0.3948885794874132,0.5098397753088001
2026-01-01 12:00:00,0.14550587974757365,0.12363210348957235,0.11329772784640002,0.33820550652185255,0.3882753701753716,0.4103419843402238,0.3270724786219784,0.29961368810245764
2026-01-01 13:00:00,0.25495144114951296,0.28198911982367236,0.11329772784640002,0.3767364248955787,0.43323084339255946,0.16548511486293133,0.31460005627561144,0.4099473554987759
2026-01-01 14:00:00,0.11329772784640002,0.11329772784640002,0.24469693396095243,0.3252100902129575,0.23468651580190458,0.2699937578306771,0.4515287095617857,0.3333311008842978
2026-01-01 15:00:00,0.11329772784640002,0.13849212988735507,0.3469575222496172,0.13273576302178053,0.11329772784640002,0.22850029750698614,0.5098397753088001,0.18101395703231685
2026-01-01 16:00:00,0.13057308470305015,0.16402024701677068,0.2521347744133576,0.28933844505220435,0.5098397753088001,0.44474712035076663,0.12478100520435909,0.11329772784640002
2026-01-01 17:00:00,0.11329772784640002,0.3994816189172547,0.11329772784640002,0.4897189859439511,0.3216178790777129,0.17529586199042305,0.12834233189711886,0.3120522308770316
2026-01-01 18:00:00,0.2661304269290899,0.3524669297602824,0.44961147861689865,0.2054357696851049,0.5098397753088001,0.3899242550327975,0.335264306048651,0.3363964323529461
2026-01-01 19:00:00,0.11329772784640002,0.11329772784640002,0.20953642780473303,0.21092742760943728,0.43738710020038835,0.11329772784640002,0.25322465611643513,0.46168168801724646
2026-01-01 20:00:00,0.11329772784640002,0.11329772784640002,0.487372521772146,0.5098397753088001,0.26963155792641286,0.30545001199274885,0.5098397753088001,0.21065981053431676
2026-01-01 21:00:00,0.4441962693037587,0.2087818774378141,0.1556865021740272,0.5098397753088001,0.3140216808754899,0.4819077748398483,0.1998653817718331,0.11329772784640002
2026-01-01 22:00:00,0.0,0.42470975203946176,0.2604999306345186,0.3018294808686282,0.0,0.12488085411406386,0.13747520173019617,0.2128405046185579
2026-01-01 23:00:00,0.0,0.0,0.0,0.0,0.0,0.0,0.0,0.0
2026-01-02 00:00:00,0.0,0.0,0.0,0.0,0.0,0.0,0.0,0.0
2026-01-02 01:00:00,0.0,0.0,0.0,0.0,0.0,0.0,0.0,0.0
2026-01-02 02:00:00,0.0,0.0,0.0,0.0,0.0,0.0,0.0,0.0
2026-01-02 03:00:00,0.0,0.0,0.0,0.0,0.0,0.0,0.0,0.0
2026-01-02 04:00:00,0.0,0.26619366919199366,0.0,0.2662507140430991,0.0,0.0,0.0,0.0
2026-01-02 05:00:00,0.2553198515027284,0.32037850265432644,0.123259004,0.123259004,0.5020403283409943,0.1446070159067891,0.30798839490145097,0.5234997240120254
2026-01-02 06:00:00,0.123259004,0.5546655180000001,0.5546655180000001,0.123259004,0.3326459311834246,0.123259004,0.26185058995630844,0.2754904640247682
2026-01-02 07:00:00,0.2998679309203736,0.35864503161150485,0.1408544571031584,0.3468118896936589,0.3223071337610438,0.38892665515236047,0.123259004,0.5172297666797389
2026-01-02 08:00:00,0.13560070475735456,0.24011468342435865,0.234845756567357,0.3298299271883002,0.48361358477368493,0.2467375849097222,0.5366931631786621,0.19802528569348965
2026-01-02 09:00:00,0.18758024001597676,0.123259004,0.2700660312052402,0.43492997916405823,0.15437494857080095,0.4216511121062695,0.123259004,0.21729546599784702
2026-01-02 10:00:00,0.13542102838727277,0.4659747380412231,0.2129423099142569,0.123259004,0.2348586574032791,0.4112348537417551,0.123259004,0.20937681418978968
2026-01-02 11:00:00,0.5483003887495275,0.5546655180000001,0.19220739866712402,0.123259004,0.123259004,0.46613775843846145,0.2643368291343177,0.38554213920358116
2026-01-02 12:00:00,0.23438639931758204,0.123259004,0.435271001890961,0.34357456230565453,0.2294646143085074,0.21537768295894402,0.2676263160018954,0.2583421798064967
2026-01-02 13:00:00,0.123259004,0.4438599950313052,0.2904746455896711,0.276170239741575,0.4592903099876376,0.2914863515157025,0.32880028022833735,0.35007957826727754
2026-01-02 14:00:00,0.37504926860416055,0.123259004,0.38502830107456615,0.2676335933898137,0.45411646702154806,0.44202605667855444,0.44284367640546596,0.22301659898824536
2026-01-02 15:00:00,0.123259004,0.20042271281742202,0.19668249481803535,0.49410496301077594,0.39136524797602096,0.3955824584049198,0.16225520364975324,0.4141986021343141
2026-01-02 16:00:00,0.2717982826947787,0.2589633164306592,0.123259004,0.19749518956925435,0.5243477942662252,0.27478983891236475,0.34770012777747245,0.123259004
2026-01-02 17:00:00,0.123259004,0.4268335639202739,0.36434738486559526,0.14850917454409404,0.32225952865461105,0.47850705456050224,0.49790964377427577,0.3514768618711059
2026-01-02 18:00:00,0.123259004,0.28850292806531547,0.123259004,0.24706100142453188,0.15786976251668908,0.2066970203205701,0.5015074866189011,0.2512276601412856
2026-01-02 19:00:00,0.26977890328813187,0.2423509688566415,0.21931606624775798,0.123259004,0.21328784163975617,0.42450470077037883,0.5324132399157054,0.5083393743044212
2026-01-02 20:00:00,0.3609032119427157,0.5546655180000001,0.4173760165643701,0.23182769893981736,0.4041015830046192,0.47983817557081493,0.13393976319672946,0.5546655180000001
2026-01-02 21:00:00,0.26548975087135146,0.3129088137825149,0.3746042976992765,0.123259004,0.1742824588574194,0.123259004,0.123259004,0.36702719265792194
2026-01-02 22:00:00,0.0,0.4338132850876321,0.15803503568112431,0.123259004,0.0,0.35119723331274755,0.2562398855168036,0.3997846728711609
2026-01-02 23:00:00,0.0,0.0,0.0,0.0,0.0,0.0,0.0,0.0
2026-01-03 00:00:00,0.0,0.0,0.0,0.0,0.0,0.0,0.0,0.0
2026-01-03 01:00:00,0.0,0.0,0.0,0.0,0.0,0.0,0.0,0.0
2026-01-03 02:00:00,0.0,0.0,0.0,0.0,0.0,0.0,0.0,0.0
2026-01-03 03:00:00,0.0,0.0,0.0,0.0,0.0,0.0,0.0,0.0
2026-01-03 04:00:00,0.0,0.0,0.0,0.14528732673818773,0.0,0.0,0.0,0.0
2026-01-03 05:00:00,0.1561158028959877,0.15943888243127718,0.3183796880876103,0.1209049010004,0.47354486950796065,0.4428835038734143,0.3205033434742003,0.40356348942030096
2026-01-03 06:00:00,0.4065997772358954,0.1209049010004,0.29621049318270815,0.20618652429271966,0.22259436916969463,0.3438031067572555,0.32606354685657524,0.1209049010004
2026-01-03 07:00:00,0.2888465195809732,0.16239113921972814,0.25466985801944025,0.1209049010004,0.15548517759446223,0.24848314643257116,0.5440720545018,0.3775061161812788
2026-01-03 08:00:00,0.1209049010004,0.1209049010004,0.472001222684455,0.5440720545018,0.5440720545018,0.1404151784685067,0.18086084485868945,0.1209049010004
2026-01-03 09:00:00,0.2856226693422178,0.2302319616917483,0.3514422550343129,0.3994312628920995,0.21034091610599268,0.2472467763457779,0.35215746455321106,0.5008139049139086
2026-01-03 10:00:00,0.16858528265840378,0.1209049010004,0.1209049010004,0.4827066808718159,0.19783706744125779,0.1209049010004,0.23806576712487323,0.5440720545018
2026-01-03 11:00:00,0.1209049010004,0.13814728528931183,0.1209049010004,0.1209049010004,0.43080674202516,0.20385650178507633,0.47877226545330814,0.4320820445737445
2026-01-03 12:00:00,0.3330855223858732,0.1209049010004,0.1209049010004,0.31735694938845027,0.31523906617251995,0.2024739620999921,0.27475147669891087,0.39032767068790114
2026-01-03 13:00:00,0.4022886118671745,0.1209049010004,0.18027179734888585,0.31898745883767077,0.37534627941055465,0.3309967592260813,0.1209049010004,0.5053409221688469
2026-01-03 14:00:00,0.3858314011971181,0.1209049010004,0.29968496921971377,0.1209049010004,0.30120013960214675,0.5234164031628151,0.1784207359778856,0.4292061785831047
2026-01-03 15:00:00,0.1209049010004,0.23961897129004125,0.1209049010004,0.1209049010004,0.17502565695618258,0.23675428426490858,0.5440720545018,0.18947985484864324
2026-01-03 16:00:00,0.18110648676338623,0.14169848809539828,0.5440720545018,0.1209049010004,0.35818853027762726,0.1209049010004,0.5440720545018,0.21052027784284014
2026-01-03 17:00:00,0.2868075332179674,0.38974445228341464,0.32160600497259173,0.1293664724825052,0.5440720545018,0.16484098852549153,0.5262025504557442,0.20642015868406663
2026-01-03 18:00:00,0.39313668519781475,0.4653487718039138,0.1209049010004,0.4033375946419267,0.19769024524377113,0.3868158627905187,0.34798389709592203,0.5440720545018
2026-01-03 19:00:00,0.15305679859929225,0.25474521060028793,0.3346644246784723,0.2893128859281125,0.5440720545018,0.4330785232421177,0.17038184015464547,0.41313579293277714
2026-01-03 20:00:00,0.20149714545681194,0.1209049010004,0.25823383469091044,0.19779077268333295,0.2625267593159252,0.12862027008173973,0.13671109736243142,0.2802600614470199
2026-01-03 21:00:00,0.1209049010004,0.3756855872123938,0.42781688592037637,0.14544737379384892,0.2146968971745983,0.43132205367118176,0.4581079914825984,0.191916882710723
2026-01-03 22:00:00,0.1209049010004,0.17322733098759374,0.1274556140162786,0.1209049010004,0.25447744042594134,0.0,0.28356082618948525,0.284075240476741
2026-01-03 23:00:00,0.0,0.0,0.0,0.0,0.0,0.0,0.0,0.0
2026-01-04 00:00:00,0.0,0.0,0.0,0.0,0.0,0.0,0.0,0.0
2026-01-04 01:00:00,0.0,0.0,0.0,0.0,0.0,0.0,0.0,0.0
2026-01-04 02:00:00,0.0,0.0,0.0,0.0,0.0,0.0,0.0,0.0
2026-01-04 03:00:00,0.0,0.0,0.0,0.0,0.0,0.0,0.0,0.0
2026-01-04 04:00:00,0.0,0.0,0.0,0.0,0.0,0.0,0.4161117427831505,0.0
2026-01-04 05:00:00,0.3149864069392262,0.3530469706904633,0.13050301525000002,0.5234293724049964,0.5872635686250001,0.4153747550607127,0.33117514126050923,0.37922311799261627
2026-01-04 06:00:00,0.1356463393984335,0.5354539807461145,0.3977551027711273,0.3266779488526192,0.20215360413475905,0.3752336766183892,0.5564897957945625,0.5872635686250001
2026-01-04 07:00:00,0.3149435794161334,0.36253807211204636,0.2947230692201187,0.17303524955621444,0.24451805649923092,0.28926055801772543,0.46705780591270185,0.46005968956257687
2026-01-04 08:00:00,0.5245464182318927,0.5437963378070692,0.4208870731530272,0.38701666590686973,0.13050301525000002,0.3602901918622764,0.13050301525000002,0.32838895005322094
2026-01-04 09:00:00,0.24418385991485267,0.5489937722703104,0.2326214610179716,0.13050301525000002,0.3701368897182563,0.19212569019747514,0.3280461466837425,0.27153725171540694
2026-01-04 10:00:00,0.5292861150850725,0.28324707188051024,0.13050301525000002,0.2707152772032282,0.5872635686250001,0.404765622230485,0.1798352215508349,0.20585369587783142
2026-01-04 11:00:00,0.13050301525000002,0.2828487078448556,0.17146150509905334,0.13050301525000002,0.27043178877901275,0.3446321380554434,0.3682718246947977,0.2859135417108082
2026-01-04 12:00:00,0.39697671994030304,0.13050301525000002,0.290999806905238,0.13050301525000002,0.36539584424593685,0.5872635686250001,0.406019089361119,0.5863350973154999
2026-01-04 13:00:00,0.26607205943267404,0.2601633336424856,0.13050301525000002,0.5549786986300014,0.4322631745039646,0.33160543885836347,0.20583839887994043,0.5597310653293293
2026-01-04 14:00:00,0.1973016317638269,0.13050301525000002,0.1614337454021262,0.13091316557145263,0.3130766178930156,0.48908648265629034,0.29064086977640524,0.4467902092389341
2026-01-04 15:00:00,0.26691174347670554,0.19784859730765988,0.3671220543847024,0.312447304798076,0.45868125414303296,0.16661495482487237,0.4111809988591598,0.19665595899439747
2026-01-04 16:00:00,0.13050301525000002,0.30685845822268826,0.13050301525000002,0.15794042975615682,0.19723503473068382,0.13050301525000002,0.42641797616830746,0.13050301525000002
2026-01-04 17:00:00,0.2114341825906588,0.26572414411923745,0.3351138212315859,0.47708188726077955,0.5149667424587496,0.4835573026099842,0.36343164603574984,0.4996537129070894
2026-01-04 18:00:00,0.31418061423454113,0.16417668685731607,0.36450713828702686,0.264501681628724,0.5356375762471715,0.46110923769901696,0.32945185604767163,0.4283877382603856
2026-01-04 19:00:00,0.5138328329452433,0.13050301525000002,0.35992911733275784,0.26223875345581865,0.13475922058478693,0.13050301525000002,0.40419732549008464,0.2874631130117283
2026-01-04 20:00:00,0.15824288651838325,0.13050301525000002,0.13307979496034478,0.3328985492812084,0.435856421120307,0.5872635686250001,0.3425871488125627,0.3288703521208496
2026-01-04 21:00:00,0.13050301525000002,0.14629564263344264,0.2549026869677197,0.13050301525000002,0.13050301525000002,0.13050301525000002,0.4538435940278167,0.1868278457685922
2026-01-04 22:00:00,0.0,0.2683539515680236,0.489474119432375,0.5072648961851793,0.23613808305461684,0.13050301525000002,0.13050301525000002,0.27026777891362824
2026-01-04 23:00:00,0.0,0.0,0.0,0.0,0.0,0.0,0.0,0.0
2026-01-05 00:00:00,0.0,0.0,0.0,0.0,0.0,0.0,0.0,0.0
2026-01-05 01:00:00,0.0,0.0,0.0,0.0,0.0,0.0,0.0,0.0
2026-01-05 02:00:00,0.0,0.0,0.0,0.0,0.0,0.0,0.0,0.0
2026-01-05 03:00:00,0.0,0.0,0.0,0.0,0.0,0.0,0.0,0.0
2026-01-05 04:00:00,0.0,0.0,0.0,0.0,0.0,0.0,0.0,0.5009338271848736
2026-01-05 05:00:00,0.32133856957360374,0.33670455980675074,0.12261975796040002,0.12261975796040002,0.5016161567526846,0.12261975796040002,0.5176407064034814,0.37936113288587303
2026-01-05 06:00:00,0.2516783842340361,0.3491642467979008,0.3027029274077843,0.12261975796040002,0.4002387126314222,0.12261975796040002,0.2842934013742476,0.1660078468188283
2026-01-05 07:00:00,0.3975578297880392,0.4068422349567352,0.12327229769440569,0.14351875551010673,0.5517889108218,0.5517889108218,0.3276552512426575,0.3782641679114828
2026-01-05 08:00:00,0.12261975796040002,0.31237634728528746,0.12261975796040002,0.12261975796040002,0.12261975796040002,0.34213445648928104,0.5390454302792563,0.4605985638576846
2026-01-05 09:00:00,0.18058716579072434,0.5517889108218,0.12261975796040002,0.12261975796040002,0.4345761723343733,0.3026069777460239,0.23475614782019835,0.453856098300453
2026-01-05 10:00:00,0.1698004529591553,0.2497081117049683,0.2240759896432417,0.20674618228187397,0.18234795470621776,0.3233016054852059,0.12261975796040002,0.4772776201944736
2026-01-05 11:00:00,0.12261975796040002,0.12416540557870386,0.5517889108218,0.5517889108218,0.405457379422005,0.29070395413487715,0.17952795427394003,0.3716729567738082
2026-01-05 12:00:00,0.28499335378059404,0.1842367897295281,0.36876368196424597,0.25079821917291256,0.48983495503212315,0.4968432076741452,0.29628719866189296,0.12571155000419315
2026-01-05 13:00:00,0.27912431458843173,0.39573179564512356,0.3563824766367156,0.2568542411841906,0.5517889108218,0.25662792459092393,0.3760048661612772,0.32891652767630103
2026-01-05 14:00:00,0.23628580504758903,0.1329589351352161,0.25903703881360046,0.3774937249194797,0.4761981634454381,0.4787960958146874,0.5517889108218,0.26932155847455647
2026-01-05 15:00:00,0.19616568637587747,0.21108400001694952,0.2913872689094252,0.22674759897914232,0.4271963685078713,0.42745033563221624,0.2219414472634541,0.35240353579214906
2026-01-05 16:00:00,0.12261975796040002,0.15520464408403153,0.17102423987227902,0.21671404506895608,0.4580911082992016,0.42092775457119297,0.17602877798872593,0.12261975796040002
2026-01-05 17:00:00,0.16502401652170348,0.12261975796040002,0.16669298956628723,0.2815945431144174,0.4206095951240919,0.3844709908278858,0.5517889108218,0.12261975796040002
2026-01-05 18:00:00,0.17806776077883985,0.42544628965691783,0.2118507089377499,0.3304644196998751,0.12261975796040002,0.12261975796040002,0.36489262198061423,0.3961786753159538
2026-01-05 19:00:00,0.12261975796040002,0.19962671447304933,0.12261975796040002,0.4584948290404,0.4225556412915886,0.21091387260917643,0.5107006332105661,0.30621511733123113
2026-01-05 20:00:00,0.20843458290867184,0.12261975796040002,0.12261975796040002,0.37922062184553346,0.30666621192213755,0.12261975796040002,0.12261975796040002,0.17224418980062822
2026-01-05 21:00:00,0.3030583392174552,0.12261975796040002,0.4777877318026662,0.187678256138177,0.5517889108218,0.5517889108218,0.4189697690598828,0.5122069844596274
2026-01-05 22:00:00,0.5511321293750074,0.0,0.2886879414446969,0.45168827211992274,0.5095859552157647,0.31983809592013945,0.2889064652894549,0.5517889108218
2026-01-05 23:00:00,0.0,0.0,0.0,0.0,0.0,0.0,0.0,0.0
2026-01-06 00:00:00,0.0,0.0,0.0,0.0,0.0,0.0,0.0,0.0
2026-01-06 01:00:00,0.0,0.0,0.0,0.0,0.0,0.0,0.0,0.0
2026-01-06 02:00:00,0.0,0.0,0.0,0.0,0.0,0.0,0.0,0.0
2026-01-06 03:00:00,0.0,0.0,0.0,0.0,0.0,0.0,0.0,0.0
2026-01-06 04:00:00,0.0,0.0,0.2950752688714804,0.0,0.0,0.3817545615007427,0.0,0.13306301459840003
2026-01-06 05:00:00,0.25066524592144357,0.1572760139219711,0.2294910898866211,0.13306301459840003,0.13306301459840003,0.22637016694759798,0.13306301459840003,0.19361559112562987
2026-01-06 06:00:00,0.2664206621897719,0.38984996119491266,0.5203011473091629,0.19206550015060136,0.47553814290631075,0.13790251560006905,0.13306301459840003,0.28502117062340593
2026-01-06 07:00:00,0.5987835656928001,0.4716416529466323,0.5079450422239448,0.1888930207661312,0.13306301459840003,0.3764280848583737,0.13306301459840003,0.5604133676476537
2026-01-06 08:00:00,0.22054227076343122,0.18332069174222776,0.2651277065402189,0.3760224726800983,0.32378522265507786,0.2679205412292955,0.39639597348829364,0.4855088865916246
2026-01-06 09:00:00,0.3102513378654661,0.13306301459840003,0.13306301459840003,0.5342094804934163,0.5538843256731077,0.5987835656928001,0.3881928916833248,0.5987835656928001
2026-01-06 10:00:00,0.2491762540674588,0.13306301459840003,0.3094414057739421,0.2743023718478813,0.548421823431546,0.4580835047102671,0.3379474722511061,0.40549910250354093
2026-01-06 11:00:00,0.13306301459840003,0.2300940631694157,0.14789627861140672,0.13306301459840003,0.2457392994226949,0.13306301459840003,0.20850873338369813,0.5987835656928001
2026-01-06 12:00:00,0.4630530557108116,0.13306301459840003,0.3144059076222962,0.4092346026689199,0.45333620426695287,0.20814226450880707,0.19883991243049592,0.5145770113267859
2026-01-06 13:00:00,0.3920553479128256,0.13306301459840003,0.43649342625367643,0.13306301459840003,0.5987835656928001,0.13306301459840003,0.284453962254036,0.46716475778137784
2026-01-06 14:00:00,0.399156923409892,0.2042681464698083,0.34830924989935036,0.32191991206772314,0.5987835656928001,0.26561244620930174,0.4028779731654636,0.5895730473208267
2026-01-06 15:00:00,0.13306301459840003,0.150356998116328,0.40683894743134413,0.1591080737361224,0.5987835656928001,0.3010509580197554,0.4100451531311023,0.573958839790465
2026-01-06 16:00:00,0.5102719424578154,0.42649428033736403,0.25597923169531994,0.18931854189999395,0.20391457267152216,0.27710417253761915,0.13306301459840003,0.1990066913868702
2026-01-06 17:00:00,0.13306301459840003,0.23246605912452334,0.14184633390636076,0.13306301459840003,0.13306301459840003,0.3272877362677283,0.3844562528906572,0.27442313592645257
2026-01-06 18:00:00,0.36207243759287283,0.3622479394615949,0.1358695956712216,0.13306301459840003,0.271856826865156,0.5987835656928001,0.13306301459840003,0.41356828338148577
2026-01-06 19:00:00,0.5987835656928001,0.3082864975214701,0.39777526163749827,0.48302567855510964,0.2553451553247304,0.5898034159980239,0.45080197396287147,0.26714485151837647
2026-01-06 20:00:00,0.13306301459840003,0.5728163171650377,0.15770880664227885,0.13306301459840003,0.2853531757233376,0.5811369804144154,0.13306301459840003,0.40871139280912067
2026-01-06 21:00:00,0.15262375665042494,0.2510946381867405,0.5455423542677574,0.13306301459840003,0.37332857574389583,0.5433301833126831,0.2725834933390905,0.1402202410238223
2026-01-06 22:00:00,0.273580766608639,0.36524158529182604,0.30990682988905804,0.0,0.4618372378041007,0.5650920614783513,0.391322200662291,0.13306301459840003
2026-01-06 23:00:00,0.0,0.0,0.0,0.0,0.0,0.0,0.0,0.0
2026-01-07 00:00:00,0.0,0.0,0.0,0.0,0.0,0.0,0.0,0.0
2026-01-07 01:00:00,0.0,0.0,0.0,0.0,0.0,0.0,0.0,0.0
2026-01-07 02:00:00,0.0,0.0,0.0,0.0,0.0,0.0,0.0,0.0
2026-01-07 03:00:00,0.0,0.0,0.0,0.0,0.0,0.0,0.0,0.0
2026-01-07 04:00:00,0.0,0.0,0.0,0.0,0.0,0.0,0.0,0.0
2026-01-07 05:00:00,0.3292134624765522,0.12827563053440003,0.20673430152589878,0.2641655200623184,0.5689681452463444,0.38960576113922696,0.5274161492204804,0.5772403374048001
2026-01-07 06:00:00,0.12827563053440003,0.12827563053440003,0.4318949603712379,0.12827563053440003,0.2600838796430232,0.2593508824255841,0.12827563053440003,0.3715212165294901
2026-01-07 07:00:00,0.5176768904946967,0.5198651298285258,0.12827563053440003,0.5772403374048001,0.2346776268288715,0.26239587832274464,0.33098305009064627,0.18383915052198127
2026-01-07 08:00:00,0.12827563053440003,0.12827563053440003,0.12827563053440003,0.22924688847062372,0.15460249193671985,0.3299961673207131,0.44757947727758723,0.39713614806713665
2026-01-07 09:00:00,0.18989745148121612,0.12827563053440003,0.5772403374048001,0.16344231638555404,0.37356516045445154,0.12827563053440003,0.38646325651027585,0.4125875820021167
2026-01-07 10:00:00,0.388733013047903,0.12827563053440003,0.12827563053440003,0.42095129662341535,0.5017393623725906,0.29098541490377844,0.5441472133581152,0.5582877920382243
2026-01-07 11:00:00,0.12827563053440003,0.35462031542324685,0.12827563053440003,0.23343101631911697,0.5772403374048001,0.5754512156543055,0.25482212349467864,0.3365624198045674
2026-01-07 12:00:00,0.2861165889431263,0.3469054482990396,0.2052118188523698,0.5360171483786392,0.4773888668596639,0.34446152486342624,0.4038849834782348,0.3105591867249134
2026-01-07 13:00:00,0.47516498639657734,0.2469879645062997,0.4246871490969956,0.12827563053440003,0.12827563053440003,0.5476142928698583,0.3628792426307418,0.5772403374048001
2026-01-07 14:00:00,0.12827563053440003,0.3686501082710435,0.12827563053440003,0.3178179331661445,0.20610446065894608,0.3206459031959415,0.12827563053440003,0.5298547429843107
2026-01-07 15:00:00,0.2786179042340277,0.12827563053440003,0.14667237518695747,0.2655406416220416,0.2542723341129345,0.3181725324533216,0.532346949765412,0.2659765022026796
2026-01-07 16:00:00,0.29179370961680556,0.4949863465135829,0.12827563053440003,0.12827563053440003,0.49302326003376606,0.15127456798732547,0.39985268487837095,0.12827563053440003
2026-01-07 17:00:00,0.3831834524423571,0.28494464082591936,0.12827563053440003,0.12827563053440003,0.4459180701800629,0.12827563053440003,0.36741425621481394,0.514134146344488
2026-01-07 18:00:00,0.12827563053440003,0.5647619953262605,0.24822394306637785,0.20891624503438758,0.44607588995422737,0.5711653920039689,0.1800767440445414,0.4227998375779653
2026-01-07 19:00:00,0.12827563053440003,0.33971356574579503,0.3621557102230983,0.33451460906504815,0.12827563053440003,0.2549167154438729,0.22201319541222553,0.42471884536538074
2026-01-07 20:00:00,0.3376792140102086,0.18996199775898664,0.26965750863034593,0.12827563053440003,0.18164668187768512,0.5772403374048001,0.16970837513520848,0.12827563053440003
2026-01-07 21:00:00,0.2982901089636722,0.12827563053440003,0.2323169227054061,0.2959412105199867,0.45881249666327506,0.12827563053440003,0.4143305681566965,0.46668828555429104
2026-01-07 22:00:00,0.29014956578622836,0.0,0.37433333121262796,0.12827563053440003,0.4410321916602092,0.5772403374048001,0.1839985487642455,0.2654001977546779
2026-01-07 23:00:00,0.0,0.0,0.0,0.0,0.0,0.0,0.0,0.0
2026-01-08 00:00:00,0.0,0.0,0.0,0.0,0.0,0.0,0.0,0.0
2026-01-08 01:00:00,0.0,0.0,0.0,0.0,0.0,0.0,0.0,0.0
2026-01-08 02:00:00,0.0,0.0,0.0,0.0,0.0,0.0,0.0,0.0
2026-01-08 03:00:00,0.0,0.0,0.0,0.0,0.0,0.0,0.0,0.0
2026-01-08 04:00:00,0.0,0.0,0.0,0.0,0.0,0.0,0.0,0.0
2026-01-08 05:00:00,0.11765852221440001,0.11765852221440001,0.2968146898499799,0.21731385313931006,0.48813808027541505,0.11765852221440001,0.17001198034048817,0.3727601266155862
2026-01-08 06:00:00,0.5255549936130388,0.11765852221440001,0.11765852221440001,0.14286143060844816,0.23479353268869194,0.44355138687663,0.2966437454451726,0.17137711811069267
2026-01-08 07:00:00,0.30200376955928154,0.11765852221440001,0.11765852221440001,0.3357089467714565,0.3027027202880431,0.47330413389530784,0.425842962907335,0.46581220942535956
2026-01-08 08:00:00,0.11765852221440001,0.1772619816063799,0.2928270207225978,0.11765852221440001,0.3109753603183449,0.3314234119280765,0.4091205595790435,0.43024737788589573
2026-01-08 09:00:00,0.33134942147946755,0.13630457552888703,0.15470127188600366,0.1772090868923603,0.3674507791209976,0.485983849930593,0.17171669677265383,0.298462206748102
2026-01-08 10:00:00,0.11765852221440001,0.39906619098700685,0.15325661709331206,0.3629537225574906,0.50081466567384,0.2656273260532266,0.4569936979246851,0.5016048433837742
2026-01-08 11:00:00,0.35231320612261746,0.21709344911504933,0.30309472296990503,0.33968906901661294,0.11765852221440001,0.18630300400604435,0.5110068735152293,0.37194413627165684
2026-01-08 12:00:00,0.41197931126140047,0.11765852221440001,0.11765852221440001,0.257765393416857,0.41042743253923875,0.3994946129150913,0.21935811231251098,0.5102361106564687
2026-01-08 13:00:00,0.11765852221440001,0.15843409988329007,0.20535492465693345,0.11765852221440001,0.11765852221440001,0.1697824450911809,0.203234073590279,0.32976664701578107
2026-01-08 14:00:00,0.380626309626947,0.3762923139757689,0.11765852221440001,0.2734065393927471,0.2722419801690524,0.37601384655364034,0.5289750528171279,0.35936918218963637
2026-01-08 15:00:00,0.2921985822727847,0.26247873499352525,0.2033276606901092,0.11765852221440001,0.11765852221440001,0.305344114784164,0.27535065101309947,0.35783648404782586
2026-01-08 16:00:00,0.3579304162605769,0.11765852221440001,0.14475601255269813,0.37008127770847077,0.2938794596798263,0.17764278946840747,0.42654382611887154,0.12118845570845929
2026-01-08 17:00:00,0.5294633499648,0.29102925217735254,0.26115392610852795,0.11765852221440001,0.3222328259965109,0.4442389451290701,0.13084239763165334,0.5235058819361663
2026-01-08 18:00:00,0.18649407842305069,0.30207549457462535,0.11765852221440001,0.11765852221440001,0.45360086295562707,0.1567703911833953,0.19073969805506186,0.3549878251721012
2026-01-08 19:00:00,0.11765852221440001,0.35356374045160865,0.1979293479641618,0.18609527589565614,0.361963111216958,0.13484588603451064,0.3981841906264083,0.37262553531185716
2026-01-08 20:00:00,0.11765852221440001,0.1729353260563663,0.11765852221440001,0.2100431177365076,0.1836506856193151,0.175359124915197,0.1606289538888952,0.11765852221440001
2026-01-08 21:00:00,0.11765852221440001,0.11765852221440001,0.2823064242051743,0.32186379191778597,0.11765852221440001,0.3154358403154011,0.3628451776323594,0.39316706671443985
2026-01-08 22:00:00,0.2135215287474788,0.0,0.11765852221440001,0.16258476420115345,0.308166854331021,0.0,0.4601088574872326,0.19228100482891902
2026-01-08 23:00:00,0.0,0.0,0.0,0.0,0.0,0.0,0.0,0.0
2026-01-09 00:00:00,0.0,0.0,0.0,0.0,0.0,0.0,0.0,0.0
2026-01-09 01:00:00,0.0,0.0,0.0,0.0,0.0,0.0,0.0,0.0
2026-01-09 02:00:00,0.0,0.0,0.0,0.0,0.0,0.0,0.0,0.0
2026-01-09 03:00:00,0.0,0.0,0.0,0.0,0.0,0.0,0.0,0.0
2026-01-09 04:00:00,0.0,0.0,0.2490060889388575,0.0,0.20985075292141278,0.0,0.0,0.0
2026-01-09 05:00:00,0.4440268853143278,0.31765622070041355,0.20166522240216853,0.25733465831212077,0.3110285432637184,0.47963213076803435,0.38981848328524166,0.41117890599820717
2026-01-09 06:00:00,0.17728249624334907,0.1192275465341873,0.1137342385344,0.1137342385344,0.3351237487791505,0.2269325552077483,0.24108683389165939,0.18036215085927962
2026-01-09 07:00:00,0.5118040734047999,0.1698181400523008,0.24097026235875482,0.20062613621426917,0.2837668205251259,0.15538527309236885,0.3014212515923213,0.1137342385344
2026-01-09 08:00:00,0.31550286413140866,0.1137342385344,0.45863022275539767,0.32081972795879193,0.4155955320406306,0.1137342385344,0.45885510605678614,0.30205965342992924
2026-01-09 09:00:00,0.1137342385344,0.1473309210172312,0.19586092731692367,0.1874906574808549,0.3772214573239924,0.36323491706850647,0.5118040734047999,0.3754355264512013
2026-01-09 10:00:00,0.1137342385344,0.5118040734047999,0.33912485270051673,0.4142491615109416,0.2568412218221189,0.16520241220216025,0.1137342385344,0.3535834172854394
2026-01-09 11:00:00,0.29327224670554536,0.4314784567075224,0.1137342385344,0.26659132917639033,0.3106966306809527,0.43095000381875415,0.157345596247217,0.5118040734047999
2026-01-09 12:00:00,0.18367775830485497,0.1137342385344,0.19603530057797017,0.1137342385344,0.37030285052750445,0.385051425757676,0.4179467411203065,0.48047966926166813
2026-01-09 13:00:00,0.32921634091049096,0.1137342385344,0.3035957592239276,0.1137342385344,0.2917905801985052,0.5118040734047999,0.24935971248702432,0.203091273901809
2026-01-09 14:00:00,0.291838570982744,0.38231185870906637,0.1137342385344,0.36578907897873447,0.2084970064857401,0.1137342385344,0.3365633787107801,0.3104861564998496
2026-01-09 15:00:00,0.20706325062435427,0.30081425660166106,0.21934325519537426,0.30867792554058626,0.23205292892023083,0.40152927623261364,0.3828618436841148,0.2152589671878557
2026-01-09 16:00:00,0.1137342385344,0.1137342385344,0.1520005528131817,0.16328903827837601,0.3487556031392108,0.3634057535980245,0.3987496695464166,0.2052036548790332
2026-01-09 17:00:00,0.1137342385344,0.22363330075068763,0.3361419068764749,0.1137342385344,0.4615262091136888,0.34527117314541206,0.46193397094693384,0.31788299572909573
2026-01-09 18:00:00,0.14904952602381938,0.31534904643778644,0.5118040734047999,0.4540073616461582,0.1137342385344,0.1677213092932097,0.2999729820959263,0.2011127287472788
2026-01-09 19:00:00,0.35132328337547414,0.16352424438219007,0.2512989665836463,0.3931985331023244,0.20134221164870447,0.2385365370212199,0.1137342385344,0.14941851415738006
2026-01-09 20:00:00,0.2516071999213994,0.19344921807683083,0.1137342385344,0.24126172204875102,0.1137342385344,0.23560124046334074,0.36376249883899675,0.2593948567373822
2026-01-09 21:00:00,0.1137342385344,0.28252868693896965,0.15884806159399892,0.1562962827065087,0.17804060971612828,0.34742030655705786,0.5118040734047999,0.4282161495450685
2026-01-09 22:00:00,0.24525559798299834,0.3420122051766033,0.0,0.1137342385344,0.2322554448398619,0.23615268525131658,0.2271816322693726,0.2522844260881518
2026-01-09 23:00:00,0.0,0.0,0.0,0.0,0.0,0.0,0.0,0.0
2026-01-10 00:00:00,0.0,0.0,0.0,0.0,0.0,0.0,0.0,0.0
2026-01-10 01:00:00,0.0,0.0,0.0,0.0,0.0,0.0,0.0,0.0
2026-01-10 02:00:00,0.0,0.0,0.0,0.0,0.0,0.0,0.0,0.0
2026-01-10 03:00:00,0.0,0.0,0.0,0.0,0.0,0.0,0.0,0.0
2026-01-10 04:00:00,0.0,0.0,0.20281163232713087,0.0,0.0,0.4954682749630822,0.0,0.0
2026-01-10 05:00:00,0.11896100400000001,0.3590761299459213,0.21354563093843548,0.35700996225573955,0.3615365789575376,0.35291792405355077,0.17054740856478737,0.11896100400000001
2026-01-10 06:00:00,0.2865032727015643,0.21873844490007868,0.11896100400000001,0.273726796625822,0.4128974946328123,0.535324518,0.2795111422135316,0.43460017974211135
2026-01-10 07:00:00,0.3194663119182465,0.11896100400000001,0.47924841980387817,0.4065157151000911,0.37845873194183827,0.11896100400000001,0.351325993223414,0.4014162472020163
2026-01-10 08:00:00,0.4042729060457055,0.535324518,0.29699271475537575,0.16595555491442993,0.4049789632512575,0.157994528210757,0.535324518,0.2565928143680844
2026-01-10 09:00:00,0.39952337060380866,0.36948299702699444,0.2681398280133182,0.11896100400000001,0.535324518,0.2617344275852978,0.30754654037686074,0.3354303377613505
2026-01-10 10:00:00,0.11896100400000001,0.11896100400000001,0.373858068861045,0.423354308364046,0.11896100400000001,0.3869594757303486,0.4111098352593712,0.11896100400000001
2026-01-10 11:00:00,0.11896100400000001,0.39509300455873186,0.27488494013834525,0.21278773296913642,0.5217684997043748,0.21012322916308682,0.4058346240630761,0.34303438019769483
2026-01-10 12:00:00,0.3120374662186814,0.11896100400000001,0.22689826661362272,0.4764865960726714,0.2513642199310318,0.24364967114544644,0.31350662144968083,0.29151618247375505
2026-01-10 13:00:00,0.31183460002659913,0.11896100400000001,0.2636590605852001,0.39468644203760794,0.3022849998803523,0.3384558802689395,0.4689145911805282,0.4612908583479812
2026-01-10 14:00:00,0.31203948285370275,0.535324518,0.26978603234193294,0.4733951881498783,0.1362309416077436,0.46263393709345835,0.535324518,0.37327545137784346
2026-01-10 15:00:00,0.535324518,0.4570093591399268,0.30620475523076157,0.20689117120903658,0.42178680680275327,0.28255737125119934,0.5098319596409268,0.12167983054602502
2026-01-10 16:00:00,0.32110733954517,0.22013729597379517,0.20576611080522142,0.2799996115800034,0.11896100400000001,0.4304421914196487,0.535324518,0.28971948240995105
2026-01-10 17:00:00,0.412800286806069,0.15681478250719416,0.475724674122823,0.1465167273390579,0.5247919254227971,0.535324518,0.5097677692250241,0.11896100400000001
2026-01-10 18:00:00,0.3833176230579884,0.2753698150186265,0.4518464677400401,0.11896100400000001,0.19283630074762076,0.46546657555962695,0.11896100400000001,0.21622202211098374
2026-01-10 19:00:00,0.33417919232919024,0.19699566740918967,0.11896100400000001,0.11896100400000001,0.35289929306436957,0.4258755092755203,0.22612362214030854,0.5283229287778346
2026-01-10 20:00:00,0.1772111495637138,0.45939849504375724,0.4648197493262446,0.11896100400000001,0.11896100400000001,0.535324518,0.535324518,0.1322986332250972
2026-01-10 21:00:00,0.35164789342834285,0.26804299899932427,0.3553589722609885,0.11896100400000001,0.27806367097845563,0.5172180848006218,0.535324518,0.25242520110477906
2026-01-10 22:00:00,0.0,0.11896100400000001,0.3910085116747542,0.35895596030466714,0.0,0.535324518,0.24804239450797635,0.535324518
2026-01-10 23:00:00,0.0,0.0,0.0,0.0,0.0,0.0,0.0,0.0
2026-01-11 00:00:00,0.0,0.0,0.0,0.0,0.0,0.0,0.0,0.0
2026-01-11 01:00:00,0.0,0.0,0.0,0.0,0.0,0.0,0.0,0.0
2026-01-11 02:00:00,0.0,0.0,0.0,0.0,0.0,0.0,0.0,0.0
2026-01-11 03:00:00,0.0,0.0,0.0,0.0,0.0,0.0,0.0,0.0
2026-01-11 04:00:00,0.0,0.0,0.0,0.0,0.0,0.0,0.34900140919742234,0.0
2026-01-11 05:00:00,0.5049312808698,0.257641090478081,0.1610080371359303,0.1584987120663217,0.39351937648974045,0.17690532946501808,0.19329475511324648,0.22669834415369933
2026-01-11 06:00:00,0.1122069513044,0.20693541748221841,0.3959932175947695,0.3749950787267985,0.4520720177943312,0.23788183758033868,0.3305408442071977,0.41751192683955723
2026-01-11 07:00:00,0.32054666504162727,0.1540830476894125,0.4222364434598026,0.40493552176139735,0.3143454787288847,0.26705492076552517,0.2958248409773025,0.35084159858624475
2026-01-11 08:00:00,0.1122069513044,0.1122069513044,0.1122069513044,0.2024194642541935,0.1122069513044,0.4973652897494894,0.4072986560992988,0.3709012436318258
2026-01-11 09:00:00,0.1431550875232936,0.1122069513044,0.16909549644782043,0.23461512320351566,0.2740136826850079,0.1122069513044,0.1122069513044,0.20876964496635966
2026-01-11 10:00:00,0.3822237298227499,0.1122069513044,0.24779334287277638,0.21540400798065082,0.3646066071324826,0.47454087296104136,0.12647312474525246,0.4769344840333395
2026-01-11 11:00:00,0.2252826341918975,0.17354283326278636,0.1122069513044,0.3538438468007549,0.3902967566658915,0.4018943278250961,0.3443661895036864,0.16585776508559016
2026-01-11 12:00:00,0.1122069513044,0.36114823211459873,0.30397166131162195,0.2676080376949291,0.3539207692115824,0.1122069513044,0.252861142543562,0.3041344961206386
2026-01-11 13:00:00,0.1122069513044,0.2887668815015939,0.18467247685701496,0.30655153464732,0.3691360802532051,0.25699247282894905,0.30689024082428135,0.5049312808698
2026-01-11 14:00:00,0.319526228931013,0.31007420314582046,0.31009592454346085,0.1122069513044,0.1122069513044,0.2679744217965567,0.2618368213443708,0.22166924047277065
2026-01-11 15:00:00,0.1122069513044,0.26296074088575677,0.2588501684049351,0.1122069513044,0.43517346646847094,0.41606030479940675,0.352254152700476,0.4769069663629256
2026-01-11 16:00:00,0.24859068274862675,0.44446532241974873,0.5009903915943172,0.26391501745406554,0.4172921181801354,0.32420534152087116,0.5049312808698,0.4862438815857309
2026-01-11 17:00:00,0.22241724291102993,0.19321713148215067,0.41135552421977495,0.259521601854525,0.2855406301833802,0.4847150949541324,0.353090830594258,0.33678167491684713
2026-01-11 18:00:00,0.11563661573779835,0.283082498948964,0.2422052614752034,0.1122069513044,0.1764514496735815,0.23778012979190366,0.18265010600149037,0.4005294792391247
2026-01-11 19:00:00,0.5049312808698,0.17752540001874142,0.4525664945804245,0.359606010525862,0.1122069513044,0.5049312808698,0.33571436118153336,0.23561845677963358
2026-01-11 20:00:00,0.31252996148949996,0.33408147718521175,0.3971863980924078,0.17064831285351845,0.1122069513044,0.40540900683327324,0.1122069513044,0.17936763236356018
2026-01-11 21:00:00,0.1122069513044,0.1122069513044,0.21336350059700337,0.1122069513044,0.1965225771464344,0.368997226455069,0.31703663354850226,0.37041792723729033
2026-01-11 22:00:00,0.2439951533517838,0.30179573896622486,0.0,0.1122069513044,0.4743749093298849,0.5049312808698,0.4054845658849482,0.26506502025837275
2026-01-11 23:00:00,0.0,0.0,0.0,0.0,0.0,0.0,0.0,0.0
2026-01-12 00:00:00,0.0,0.0,0.0,0.0,0.0,0.0,0.0,0.0
2026-01-12 01:00:00,0.0,0.0,0.0,0.0,0.0,0.0,0.0,0.0
2026-01-12 02:00:00,0.0,0.0,0.0,0.0,0.0,0.0,0.0,0.0
2026-01-12 03:00:00,0.0,0.0,0.0,0.0,0.0,0.0,0.0,0.0
2026-01-12 04:00:00,0.0,0.0,0.0,0.28830620394813233,0.0,0.0,0.0,0.0
2026-01-12 05:00:00,0.29221357716377344,0.26305224370367747,0.2100582807540361,0.2407484636090129,0.2631040583718676,0.44840042400692237,0.1119889326784,0.5039501970528
2026-01-12 06:00:00,0.34736232595532174,0.4635985447033416,0.1119889326784,0.39097247607910424,0.3273317524849927,0.34830764046335805,0.25235865813687514,0.3203940138054192
2026-01-12 07:00:00,0.1119889326784,0.1119889326784,0.410807763885461,0.26701872822515743,0.5039501970528,0.5039501970528,0.40015805650715547,0.35955226880487207
2026-01-12 08:00:00,0.16388525508187118,0.2023613060127092,0.2594642041225065,0.1119889326784,0.2568927428406406,0.38250002691867413,0.22682128889667572,0.4036084635784841
2026-01-12 09:00:00,0.1424162865207049,0.3559439038499005,0.40786116614980655,0.1119889326784,0.39883510288792073,0.41597595627116973,0.4942014501837607,0.3083781176169625
2026-01-12 10:00:00,0.11514764744211206,0.1119889326784,0.2348028657487851,0.2629514602209593,0.4290023531483838,0.3411114003384076,0.17633483987054935,0.12161068890932113
2026-01-12 11:00:00,0.48489472446666054,0.31986493365578006,0.4040766715123415,0.18539079904669734,0.18090488916758146,0.37022505009221507,0.5039501970528,0.5039501970528
2026-01-12 12:00:00,0.27692623669846594,0.12074455767897166,0.2676107761598432,0.48239279982245253,0.31574890075843826,0.34341581989361336,0.4120479269954469,0.30634900886803257
2026-01-12 13:00:00,0.1119889326784,0.22402392456970116,0.12870346791355716,0.1798931884357033,0.29817797370069865,0.2875167149040592,0.14508966430003487,0.4711444618806659
2026-01-12 14:00:00,0.3553276191651361,0.32199934569775296,0.4427368796922391,0.1119889326784,0.20717731978545859,0.4429113241409563,0.17891593690570767,0.3284099930093087
2026-01-12 15:00:00,0.5039501970528,0.424498496877172,0.29587825143029317,0.13272796868852424,0.20913152761447742,0.3731511797148794,0.28715916481008297,0.3565650614408359
2026-01-12 16:00:00,0.37284644243235404,0.17942099777127754,0.3945997699896457,0.21667125633088133,0.2732025677364969,0.3856917105455751,0.22933200109166038,0.1700045437120236
2026-01-12 17:00:00,0.1119889326784,0.1119889326784,0.22167764344874952,0.1119889326784,0.20233606794017678,0.20681095703931754,0.2519379133873163,0.24165045018956363
2026-01-12 18:00:00,0.14099636095553772,0.2085185066930877,0.14839453773138458,0.2747523547093229,0.36090364692813054,0.1119889326784,0.16590705190271543,0.32286754001294493
2026-01-12 19:00:00,0.408684988137761,0.16035749040467534,0.1119889326784,0.2931535323599081,0.1119889326784,0.36432675862080616,0.3397919982215934,0.16754019551954336
2026-01-12 20:00:00,0.1119889326784,0.4039114653640543,0.25196707667004464,0.2095474029761299,0.23310132553120363,0.2074540739704791,0.310243243793905,0.1119889326784
2026-01-12 21:00:00,0.2828631601844744,0.1119889326784,0.13509705178260367,0.1119889326784,0.2635644797763399,0.42875294805663783,0.5039501970528,0.4543280803510266
2026-01-12 22:00:00,0.0,0.13049776909578276,0.0,0.27712369856383545,0.45279361060475803,0.27839530156302755,0.283815505482715,0.0
2026-01-12 23:00:00,0.0,0.0,0.0,0.0,0.0,0.0,0.0,0.0
2026-01-13 00:00:00,0.0,0.0,0.0,0.0,0.0,0.0,0.0,0.0
2026-01-13 01:00:00,0.0,0.0,0.0,0.0,0.0,0.0,0.0,0.0
2026-01-13 02:00:00,0.0,0.0,0.0,0.0,0.0,0.0,0.0,0.0
2026-01-13 03:00:00,0.0,0.0,0.0,0.0,0.0,0.0,0.0,0.0
2026-01-13 04:00:00,0.0,0.0,0.0,0.0,0.0,0.0,0.0,0.0
2026-01-13 05:00:00,0.11242502400000001,0.32449881585588797,0.29393488462828615,0.13052221144935136,0.3791689336828713,0.11242502400000001,0.3194056261665222,0.505912608
2026-01-13 06:00:00,0.17709689772205406,0.25381053131450637,0.11242502400000001,0.19181503877633033,0.43186202219346204,0.28706446401981445,0.41401880717699396,0.11242502400000001
2026-01-13 07:00:00,0.11242502400000001,0.11242502400000001,0.30625278028372893,0.20779904040158526,0.211335061048126,0.33499558904441973,0.11242502400000001,0.11242502400000001
2026-01-13 08:00:00,0.4663661423105561,0.15113640962039174,0.25974290650323534,0.24723487524319426,0.505912608,0.14444719218316324,0.11242502400000001,0.3824208296642645
2026-01-13 09:00:00,0.11242502400000001,0.29912216579920875,0.36325517651607125,0.505912608,0.21066724294969685,0.21171611695303552,0.14503582826785816,0.11242502400000001
2026-01-13 10:00:00,0.14832674973006266,0.3400417304125468,0.11242502400000001,0.14288430384455061,0.3910648582916036,0.505912608,0.40827452187627095,0.33094501400458154
2026-01-13 11:00:00,0.23591951569595707,0.11242502400000001,0.18504941495259952,0.16741658447070412,0.41429969924674115,0.2401384124008898,0.38133558127506406,0.2750279701866934
2026-01-13 12:00:00,0.4370340723953602,0.11242502400000001,0.11242502400000001,0.11242502400000001,0.3721929389840566,0.4841683901125243,0.30278653111245374,0.21259552393302
2026-01-13 13:00:00,0.11242502400000001,0.1249763366656282,0.20095034081678276,0.11242502400000001,0.23143896913235404,0.28170558060940765,0.20394294937220073,0.3926872556657143
2026-01-13 14:00:00,0.39435533898641373,0.11242502400000001,0.12580739855207548,0.31006611694770486,0.2913950607166758,0.505912608,0.3495072364454536,0.14342993011062227
2026-01-13 15:00:00,0.21742641323843356,0.13494036317530964,0.35232866279586783,0.22079213092965813,0.3594580123654419,0.505912608,0.505912608,0.14638382260216937
2026-01-13 16:00:00,0.11242502400000001,0.2113897389035444,0.11242502400000001,0.38503460468175377,0.2211915401541121,0.505912608,0.46170319930362397,0.41677458739810197
2026-01-13 17:00:00,0.28677051814188564,0.14176513946334188,0.11242502400000001,0.2952217779161843,0.4836728633502093,0.505912608,0.1393542266829821,0.1734344987611043
2026-01-13 18:00:00,0.2464037783663623,0.15107735188972843,0.3328875963897927,0.2665015804073286,0.3303957016285141,0.505912608,0.45094808596724234,0.3338407856985277
2026-01-13 19:00:00,0.12374666942099684,0.11242502400000001,0.3194472025266777,0.21910505186371482,0.28375345602002916,0.32280753758307357,0.11242502400000001,0.31190050083966564
2026-01-13 20:00:00,0.22656788505454523,0.11242502400000001,0.11242502400000001,0.3188598172914464,0.38381281315129917,0.34081745944848746,0.46232312995603825,0.4966152249984121
2026-01-13 21:00:00,0.1567257607185213,0.369780764959701,0.11242502400000001,0.31080840048780656,0.3191192518839761,0.15164732921521148,0.17725252487837037,0.24354659785600655
2026-01-13 22:00:00,0.2332764357907529,0.11774307242023928,0.14229645518300207,0.15149237606485239,0.23801783867881504,0.1520492637774728,0.0,0.31553193551275105
2026-01-13 23:00:00,0.0,0.0,0.0,0.0,0.0,0.0,0.0,0.0
2026-01-14 00:00:00,0.0,0.0,0.0,0.0,0.0,0.0,0.0,0.0
2026-01-14 01:00:00,0.0,0.0,0.0,0.0,0.0,0.0,0.0,0.0
2026-01-14 02:00:00,0.0,0.0,0.0,0.0,0.0,0.0,0.0,0.0
2026-01-14 03:00:00,0.0,0.0,0.0,0.0,0.0,0.0,0.0,0.0
2026-01-14 04:00:00,0.0,0.0,0.0,0.0,0.0,0.0,0.0,0.0
2026-01-14 05:00:00,0.11024750000000001,0.4926908689034009,0.1768043331987054,0.11024750000000001,0.4571130432993741,0.36311976331781937,0.2193814895268319,0.46062773952756886
2026-01-14 06:00:00,0.1888333892833631,0.3176548462391367,0.11024750000000001,0.35007965989648276,0.19841524692548507,0.4569897674047596,0.4291349085454093,0.33114121741575175
2026-01-14 07:00:00,0.30020978416790484,0.17935187233182134,0.22932794444623356,0.11024750000000001,0.13488270501436037,0.2932569622339152,0.45563441204077576,0.28817542930761997
2026-01-14 08:00:00,0.25396105853053114,0.14282695351385896,0.13664883316519721,0.31412186960266847,0.11024750000000001,0.28033588529919556,0.47938795218057495,0.2586770103703687
2026-01-14 09:00:00,0.11796649584991044,0.11024750000000001,0.11024750000000001,0.2317457817661258,0.3645817886625574,0.4961137500000001,0.11024750000000001,0.3795436016651735
2026-01-14 10:00:00,0.18035533260810008,0.4084858150536963,0.13394463847621063,0.4192497633076304,0.11750389150437873,0.3927220199652447,0.2521657281833231,0.2588104171925031
2026-01-14 11:00:00,0.1374845554577134,0.3416396680520247,0.11024750000000001,0.40670867263949007,0.3221601038999952,0.44882624909354263,0.2538275227432586,0.4888664479331514
2026-01-14 12:00:00,0.12298297222875249,0.4961137500000001,0.11024750000000001,0.2186950451083008,0.28477633459953633,0.4961137500000001,0.27012237396489125,0.2257862757404789
2026-01-14 13:00:00,0.3395299823161593,0.15091131153296442,0.11024750000000001,0.35782637357517594,0.14702239257080413,0.26248184800740715,0.11024750000000001,0.16200809698130436
2026-01-14 14:00:00,0.2654016884368916,0.2918220908555569,0.3483903106574878,0.21917968210540412,0.4168975994113667,0.16167090216730778,0.3558405969525088,0.4961137500000001
2026-01-14 15:00:00,0.11024750000000001,0.21304745638125422,0.11024750000000001,0.3640055097933154,0.11024750000000001,0.11024750000000001,0.3744066037901606,0.39463586434867404
2026-01-14 16:00:00,0.3470540398692193,0.4018340686177228,0.2224173176990497,0.1442716206523834,0.4961137500000001,0.34827911433036013,0.23222850316545932,0.21098529786705145
2026-01-14 17:00:00,0.25792004036150706,0.11024750000000001,0.2929387053373473,0.20368887114271622,0.37686027826530405,0.11024750000000001,0.11024750000000001,0.11871131459791995
2026-01-14 18:00:00,0.33400106244974315,0.1562918757824127,0.14640609395364468,0.3555356304542848,0.21828879317122601,0.11461224146394516,0.28225985309452023,0.2346185077526281
2026-01-14 19:00:00,0.30642668284871377,0.41475022326351424,0.16394413505009825,0.11024750000000001,0.11024750000000001,0.40463440812500195,0.16931121392831736,0.4961137500000001
2026-01-14 20:00:00,0.11024750000000001,0.279808449891547,0.2048069815310782,0.3725759782372208,0.2629396082029505,0.47513834736898153,0.3404773289018781,0.3558393171327026
2026-01-14 21:00:00,0.12737476665225747,0.14904835818235848,0.11024750000000001,0.2536974710861563,0.2533293567188159,0.4436875028342988,0.2469938509172622,0.3587476076031931
2026-01-14 22:00:00,0.0,0.11024750000000001,0.19664282389456356,0.33292898451642583,0.32399444882202677,0.18399972098535744,0.0,0.44427835689395107
2026-01-14 23:00:00,0.0,0.0,0.0,0.0,0.0,0.0,0.0,0.0
