date,Consumption_kWh_Vehicle_0,Consumption_kWh_Vehicle_1,Consumption_kWh_Vehicle_2,Consumption_kWh_Vehicle_3,Consumption_kWh_Vehicle_4,Consumption_kWh_Vehicle_5,Consumption_kWh_Vehicle_6
2026-01-01 00:00:00,0.0,0.0,0.0,0.0,0.0,0.0,0.0
2026-01-01 01:00:00,0.0,0.0,0.0,0.0,0.0,0.0,0.0
2026-01-01 02:00:00,0.0,0.0,0.0,0.0,0.0,0.0,0.0
2026-01-01 03:00:00,0.0,0.0,0.0,0.0,0.0,0.0,0.0
2026-01-01 04:00:00,0.0,0.0,0.0,0.0,0.0,0.0,0.0
2026-01-01 05:00:00,0.0,0.0,0.0,0.0,0.0,0.0,0.0
2026-01-01 06:00:00,0.0,0.0,0.0,0.0,0.0,0.0,0.0
2026-01-01 07:00:00,0.0,0.0,0.0,0.0,0.0,0.0,0.0
2026-01-01 08:00:00,1.343353028903611,1.1957110626650818,1.1169893351743532,1.3728959055490366,0.7516232692250627,0.8525802583364507,1.2446545234534805
2026-01-01 09:00:00,1.343371839986515,1.6988582085840531,1.9663348989718579,1.3004872103688412,3.2488041163258394,2.734307570839765,0.6973618642345775
2026-01-01 10:00:00,3.421063528324536,1.7559525230253985,1.1786790345304405,1.9215814756069505,2.162813705208009,1.259779484878693,2.4098599305697435
2026-01-01 11:00:00,2.490948109660018,0.6926207225445314,2.0468424897007753,1.896901336368441,2.441700226142774,1.5736867767599034,2.994914259257032
2026-01-01 12:00:00,1.073727986613331,1.2213121643837246,2.3684034741840057,1.3329502119174548,1.177216862486077,2.7651929899257337,1.549359972242146
2026-01-01 13:00:00,2.233292211048072,1.6094593649657105,3.187399212730082,0.5333530727730227,2.619917882985383,3.4102246773208527,0.6973618642345775
2026-01-01 14:00:00,1.0806675970241586,0.6926207225445314,1.1704797855248361,0.5333530727730227,2.118001949032264,3.16402997188927,2.4305892200205905
2026-01-01 15:00:00,1.0780184945220557,0.7557976534599034,0.7083109361622405,1.592114418894043,2.5758398569690044,3.0878772387154814,2.013172530175275
2026-01-01 16:00:00,1.88887465744359,1.723878418698353,0.7083109361622405,1.77350008392039,2.8740769036542804,1.245297188765805,1.936403190980978
2026-01-01 17:00:00,0.8393959489309394,0.6926207225445314,1.529788087232319,1.5309380356420283,1.5569230698890115,2.031738430911719,2.77921639419219
2026-01-01 18:00:00,0.8393959489309394,0.846641154175263,2.1690974043745257,0.6248583128738171,0.7516232692250627,1.7194947010991821,3.1381283890555984
2026-01-01 19:00:00,0.9673849636927141,1.0027016795491537,1.5762877287874508,1.3620709935964086,3.382304711512782,3.346780398607063,0.7680428907484159
2026-01-01 20:00:00,0.8393959489309394,2.442142952000248,0.7083109361622405,2.3053694978119927,2.1336304470408005,1.3191243473454575,0.7899633075901223
2026-01-01 21:00:00,1.9716971072393616,2.1547289976952206,2.810865966881292,0.9670961730811375,3.382304711512782,2.934231148379325,0.0
2026-01-01 22:00:00,0.8393959489309394,0.0,1.3099728137502806,0.0,2.901649736658261,0.8525802583364507,0.0
2026-01-01 23:00:00,0.0,0.0,0.0,0.0,0.0,0.0,0.0
2026-01-02 00:00:00,0.0,0.0,0.0,0.0,0.0,0.0,0.0
2026-01-02 01:00:00,0.0,0.0,0.0,0.0,0.0,0.0,0.0
2026-01-02 02:00:00,0.0,0.0,0.0,0.0,0.0,0.0,0.0
2026-01-02 03:00:00,0.0,0.0,0.0,0.0,0.0,0.0,0.0
2026-01-02 04:00:00,0.0,0.0,0.0,0.0,0.0,0.0,0.0
2026-01-02 05:00:00,0.0,0.0,0.0,0.0,0.0,0.0,0.0
2026-01-02 06:00:00,0.0,0.0,0.0,0.0,0.0,0.0,0.0
2026-01-02 07:00:00,0.0,0.0,0.0,0.0,0.0,0.8049427944507757,0.0
2026-01-02 08:00:00,0.688730302934683,0.9608265124508315,0.0,1.5731414391686855,1.300248040010437,1.8569897063863252,0.6656011888063251
2026-01-02 09:00:00,0.8105788021072116,1.704195874492487,0.9666012464291391,2.232612106291445,2.8579627510207866,1.3522988466845716,0.5485433110446961
2026-01-02 10:00:00,1.4266423787645761,3.2376347296120866,0.9666012464291391,0.786930504402393,3.6548118951484057,0.944355963489682,0.5485433110446961
2026-01-02 11:00:00,0.688730302934683,1.1242475456158811,2.9581866671787815,2.914388579823532,2.4216347522905264,0.8049427944507757,0.8836857855069714
2026-01-02 12:00:00,1.6755622242670847,2.075028407711567,0.9666012464291391,1.6687465192771405,2.3463691657076455,2.539885107579923,1.4933608219860164
2026-01-02 13:00:00,0.7576916203678662,2.497409109111217,4.349705608931126,0.7725351446804819,3.5206667323460485,1.61131953567682,1.3706501628277257
2026-01-02 14:00:00,1.048135968474678,4.3237193060287415,1.1045853802373138,0.7725351446804819,1.1238368045330906,2.753592138892326,1.1653216799775574
2026-01-02 15:00:00,0.7566876485947645,2.7957037112769503,1.8416683053564302,2.173669790333549,1.7097515205453238,2.685568774727762,0.5485433110446961
2026-01-02 16:00:00,3.06372013879543,1.8717379369937306,2.117866881198845,2.0672340539143597,0.8973153122817766,3.04411213542238,2.388461979987074
2026-01-02 17:00:00,1.3096732130479314,0.9608265124508315,1.6699007415362588,2.7259565912067947,1.6704833347984518,1.4065237293602144,0.5485433110446961
2026-01-02 18:00:00,0.688730302934683,3.6323584315376927,1.507296871590367,0.7725351446804819,3.3435953119867086,1.9035513083759026,0.5485433110446961
2026-01-02 19:00:00,2.09565052449373,4.3237193060287415,3.413409806250447,0.7725351446804819,3.305930164888704,2.8866506927387836,1.176386266145674
2026-01-02 20:00:00,0.688730302934683,0.9608265124508315,2.2779119201956113,2.153379595695354,2.8491065018165984,2.58335082363771,1.1910255700457697
2026-01-02 21:00:00,1.5187183694710162,3.459969959211843,3.019404860103928,1.7309178980157993,3.8172083944168382,1.7945147505880976,1.463269931897844
2026-01-02 22:00:00,0.688730302934683,0.0,1.542390725807793,1.6774138203384878,0.0,0.0,1.9708007419130227
2026-01-02 23:00:00,0.0,0.0,0.0,0.0,0.0,0.0,0.0
2026-01-03 00:00:00,0.0,0.0,0.0,0.0,0.0,0.0,0.0
2026-01-03 01:00:00,0.0,0.0,0.0,0.0,0.0,0.0,0.0
2026-01-03 02:00:00,0.0,0.0,0.0,0.0,0.0,0.0,0.0
2026-01-03 03:00:00,0.0,0.0,0.0,0.0,0.0,0.0,0.0
2026-01-03 04:00:00,0.0,0.0,0.0,0.0,0.0,0.0,0.0
2026-01-03 05:00:00,0.0,0.0,0.0,0.0,0.0,0.0,0.0
2026-01-03 06:00:00,0.0,0.0,0.0,0.0,0.0,0.0,0.0
2026-01-03 07:00:00,0.0,0.0,1.6680254039840012,0.0,0.0,0.0,0.0
2026-01-03 08:00:00,0.9771716567613796,1.8884684202573196,1.497090058378117,0.0,0.9073032861787504,0.0,3.1430604653440217
2026-01-03 09:00:00,0.8367925113003264,1.5863691726585116,0.6315802628179489,0.581505900316195,0.6416784575653173,0.8040968220593934,0.7907030533422357
2026-01-03 10:00:00,0.5545368724025532,3.6307025428578212,0.8599728223891369,1.0937065075605374,1.4929677194149682,2.2910827611655176,0.7276500158625238
2026-01-03 11:00:00,0.5545368724025532,2.04822327874148,0.7116874282103831,0.581505900316195,1.7808226904792241,0.8569868081052133,1.51269238522253
2026-01-03 12:00:00,0.7160335797327858,2.8396338805636208,0.4925993391622132,0.581505900316195,0.8012819002963488,1.6634116469210907,2.5382950294300044
2026-01-03 13:00:00,1.8648918854598155,2.057559366682533,1.0972724009618051,1.220757002534815,2.5132442021753305,3.102116258720406,1.9257947798633015
2026-01-03 14:00:00,1.3248101958436391,2.2008031962833643,1.2971651492780225,2.6167765514228774,1.1813748680962233,0.8040968220593934,2.7646426073964494
2026-01-03 15:00:00,0.5545368724025532,3.6307025428578212,1.206841840052725,0.581505900316195,0.8252063242064429,2.9454655275385675,3.2744250713813567
2026-01-03 16:00:00,1.3100238322330544,1.8776950866733648,1.0375940323915893,1.3899898433108968,2.887553059043928,2.2865159581640193,1.9289066120009655
2026-01-03 17:00:00,0.7732255235723019,1.063967816549071,1.9230609218839685,0.6987759556508262,1.1163421291691282,1.65257575771133,1.9623699542303317
2026-01-03 18:00:00,0.5545368724025532,0.8068227873017381,1.4318710089594118,0.581505900316195,1.0499804659244705,0.9338529525370958,3.2744250713813567
2026-01-03 19:00:00,0.0,0.0,0.0,0.0,0.0,0.0,1.0884868648120347
2026-01-03 20:00:00,0.0,0.0,0.0,0.0,0.0,0.0,0.0
2026-01-03 21:00:00,0.0,0.0,0.0,0.0,0.0,0.0,0.0
2026-01-03 22:00:00,0.0,0.0,0.0,0.0,0.0,0.0,0.0
2026-01-03 23:00:00,0.0,0.0,0.0,0.0,0.0,0.0,0.0
2026-01-04 00:00:00,0.0,0.0,0.0,0.0,0.0,0.0,0.0
2026-01-04 01:00:00,0.0,0.0,0.0,0.0,0.0,0.0,0.0
2026-01-04 02:00:00,0.0,0.0,0.0,0.0,0.0,0.0,0.0
2026-01-04 03:00:00,0.0,0.0,0.0,0.0,0.0,0.0,0.0
2026-01-04 04:00:00,0.0,0.0,0.0,0.0,0.0,0.0,0.0
2026-01-04 05:00:00,0.0,0.0,0.0,0.0,0.0,0.0,0.0
2026-01-04 06:00:00,0.0,0.0,0.0,0.0,0.0,0.0,0.0
2026-01-04 07:00:00,0.0,0.0,0.0,0.0,0.0,0.0,0.0
2026-01-04 08:00:00,0.0,0.4260405641053027,1.2754284518016576,2.9469865716078276,0.0,1.076116813466387,0.0
2026-01-04 09:00:00,0.5523812680096953,0.37286575785714293,0.5145588419054717,0.7381400212779949,0.870811090499593,1.7017000202799077,0.4932574797757038
2026-01-04 10:00:00,0.8747732436588925,0.37286575785714293,2.315514788574623,1.9375051254004605,1.7821075497153795,0.7697213306661077,0.7279056666849836
2026-01-04 11:00:00,1.1990809636455286,0.37286575785714293,1.36872212870837,1.9474595959767826,2.706940155692017,0.39307876337288145,2.2196586589906673
2026-01-04 12:00:00,0.46682871496612777,0.738975083621421,0.5145588419054717,0.7381400212779949,0.9835749857231392,0.5359211362536014,2.2196586589906673
2026-01-04 13:00:00,0.6145735069842327,0.43699232796797244,1.424297421896454,0.7381400212779949,2.706940155692017,1.2575925354606448,2.146756183924168
2026-01-04 14:00:00,0.36876427629255676,1.201955912199057,1.0990166802164976,0.7381400212779949,1.3061582943948469,1.4079989227136633,1.4196749566297109
2026-01-04 15:00:00,0.36876427629255676,1.4351165339937952,1.82074473032376,0.7897990069945936,1.068188758190442,0.4181625086335335,0.6951092666950631
2026-01-04 16:00:00,1.1170230387013569,0.7856237855125457,0.5424380037526366,2.4624280589768826,1.266110244970181,1.4022883941814634,0.5577422485308573
2026-01-04 17:00:00,1.3907087816010693,0.37286575785714293,1.2006561382081182,1.7662924993774123,1.9633030004859529,0.9580974307126431,1.8689498231595139
2026-01-04 18:00:00,0.6717801625762347,0.0,0.0,1.2075381886842076,2.706940155692017,0.6305616519948916,1.156847219029435
2026-01-04 19:00:00,1.2131689785404611,0.0,0.0,0.8879749844604311,0.0,0.0,0.4932574797757038
2026-01-04 20:00:00,0.0,0.0,0.0,0.0,0.0,0.0,0.0
2026-01-04 21:00:00,0.0,0.0,0.0,0.0,0.0,0.0,0.0
2026-01-04 22:00:00,0.0,0.0,0.0,0.0,0.0,0.0,0.0
2026-01-04 23:00:00,0.0,0.0,0.0,0.0,0.0,0.0,0.0
2026-01-05 00:00:00,0.0,0.0,0.0,0.0,0.0,0.0,0.0
2026-01-05 01:00:00,0.0,0.0,0.0,0.0,0.0,0.0,0.0
2026-01-05 02:00:00,0.0,0.0,0.0,0.0,0.0,0.0,0.0
2026-01-05 03:00:00,0.0,0.0,0.0,0.0,0.0,0.0,0.0
2026-01-05 04:00:00,0.0,0.0,0.0,0.0,0.0,0.0,0.0
2026-01-05 05:00:00,0.0,0.0,0.0,0.0,0.0,0.0,0.0
2026-01-05 06:00:00,0.0,0.0,0.0,0.0,0.0,0.0,0.0
2026-01-05 07:00:00,0.0,0.0,0.0,0.9910577250334685,0.0,0.0,0.0
2026-01-05 08:00:00,1.7045596602276323,1.1989093435285516,1.571888133721475,1.7493352116801069,0.9717811310917753,0.0,1.809265900200236
2026-01-05 09:00:00,3.6947559138724944,1.7580227653794032,1.1647159068821527,1.0917790803018848,0.5186544077203195,1.6278228493362452,3.0401980278721914
2026-01-05 10:00:00,0.9109945899405075,1.9781445187259694,1.6633033525322,0.5782951260830909,1.4710244736070448,2.027544338309733,2.5516159167136037
2026-01-05 11:00:00,2.7711516358848574,3.000182539369793,0.9192966015410343,1.293435020788414,2.3339448347414375,1.0811933385981438,0.7129600804771867
2026-01-05 12:00:00,1.8573533049267628,2.03132376061851,0.5157347816713876,0.4361496160567236,1.0747693374688165,2.277831215592866,1.7921716727527643
2026-01-05 13:00:00,1.377291695360123,3.046925293913496,0.6775986112497717,0.9047481698923999,1.4521822719405897,1.9394281501312631,0.9824702807356471
2026-01-05 14:00:00,1.8632148370906494,3.076046848121399,1.150001948944922,0.4361496160567236,1.7179311935603636,3.3048441244171953,2.0119313662515803
2026-01-05 15:00:00,0.9109945899405075,1.5870512685318086,0.5157347816713876,0.4361496160567236,1.2442514643306892,1.8661199924282088,2.2181510677867458
2026-01-05 16:00:00,1.4759459472993561,1.5848192096302787,0.6379699141806605,1.8547751242639214,1.8229238132485837,2.752349498408345,1.1245300436132075
2026-01-05 17:00:00,2.1931818148688524,0.7312166530961046,1.4508294095897971,0.43752036526803045,0.7838655675807418,0.9376308763410239,1.5878203082801599
2026-01-05 18:00:00,3.5868821118822476,1.4577116223709896,0.5157347816713876,1.0442193367301444,2.0466176225426715,0.7344098054260434,2.2463514538398117
2026-01-05 19:00:00,1.1046366494954745,0.7312166530961046,1.324336093666896,0.5278472506249753,2.128769127127307,2.721233864534336,2.3295936421352192
2026-01-05 20:00:00,0.9109945899405075,1.1085582112101124,1.4404955243524313,1.5944388837131185,0.5355697230700923,2.594906676217094,1.9854886502754936
2026-01-05 21:00:00,1.1251709079736476,1.719347360411467,1.4224036463003111,0.8839819269135676,1.7322117310025211,0.7344098054260434,1.7998513011453692
2026-01-05 22:00:00,2.887419117081483,1.4888691953781943,0.0,0.0,0.5186544077203195,3.3048441244171953,2.208198463139145
2026-01-05 23:00:00,0.0,0.0,0.0,0.0,0.0,0.0,0.0
2026-01-06 00:00:00,0.0,0.0,0.0,0.0,0.0,0.0,0.0
2026-01-06 01:00:00,0.0,0.0,0.0,0.0,0.0,0.0,0.0
2026-01-06 02:00:00,0.0,0.0,0.0,0.0,0.0,0.0,0.0
2026-01-06 03:00:00,0.0,0.0,0.0,0.0,0.0,0.0,0.0
2026-01-06 04:00:00,0.0,0.0,0.0,0.0,0.0,0.0,0.0
2026-01-06 05:00:00,0.0,0.0,0.0,0.0,0.0,0.0,0.0
2026-01-06 06:00:00,0.0,0.0,0.0,0.0,0.0,0.0,0.0
2026-01-06 07:00:00,0.0,0.0,0.0,1.0966511579789724,0.0,0.0,0.0
2026-01-06 08:00:00,2.311243403166329,1.44613264551138,1.7395935982933322,2.874633467367034,0.9602141130160774,2.1744128001800367,1.9560092315558109
2026-01-06 09:00:00,0.7128625962037407,3.164704723540658,3.6086627643946096,2.1339067151568183,2.364666942724222,3.132809095018418,4.034082578907801
2026-01-06 10:00:00,1.0498620939068044,2.256141262427062,0.9220799430913377,3.6479312168191296,1.8867638935016386,0.9001863585172121,1.7276021622833098
2026-01-06 11:00:00,0.9871524275241664,0.7032677163423685,0.8019250587543578,1.0966511579789724,2.6011861444595126,0.9001863585172121,5.465616237071864
2026-01-06 12:00:00,0.7128625962037407,0.7032677163423685,1.9796570053987375,1.0966511579789724,0.5780413654354474,4.050838613327454,3.0017705551779343
2026-01-06 13:00:00,1.656838224574348,1.9311198357921104,0.8061926251990822,1.283561573108704,2.048633990314981,2.51170590803005,3.459615596687328
2026-01-06 14:00:00,1.6227179605537851,2.0025805511153023,0.8019250587543578,1.0966511579789724,0.8596058455504667,2.221523495806154,5.69162243194458
2026-01-06 15:00:00,1.3736718717607699,2.333384229824124,0.8019250587543578,1.0966511579789724,1.9113651920815569,2.3734486169715354,2.4787212392805933
2026-01-06 16:00:00,1.140429428356544,1.791588925380538,1.4654420637343692,1.8490367619251915,2.3091292215421015,2.134140029568005,1.2947060225433558
2026-01-06 17:00:00,0.7128625962037407,3.164704723540658,3.6086627643946096,4.934930210905375,2.6011861444595126,3.6474666506407503,1.8955829588933246
2026-01-06 18:00:00,0.9593841221870797,1.4321644112821668,2.411689944952869,2.243016639813154,2.2448440707634503,1.8839782492959984,3.1284095393006526
2026-01-06 19:00:00,1.0352152733002857,0.7121325525553515,2.3307176858742293,2.2971787394770518,2.0138448833107523,3.514977693096366,3.970124984929679
2026-01-06 20:00:00,0.7128625962037407,1.0566632044827409,1.6940849992318294,3.3761192930786676,2.159485666417833,3.1380339309101464,0.0
2026-01-06 21:00:00,1.2117559223930712,0.0,1.9056533516884486,0.0,1.9827941982995867,3.0901498167093013,0.0
2026-01-06 22:00:00,1.7618608786156524,0.0,1.1184871499443736,0.0,0.5780413654354474,2.8225103926614366,0.0
2026-01-06 23:00:00,0.0,0.0,0.0,0.0,0.0,0.0,0.0
2026-01-07 00:00:00,0.0,0.0,0.0,0.0,0.0,0.0,0.0
2026-01-07 01:00:00,0.0,0.0,0.0,0.0,0.0,0.0,0.0
2026-01-07 02:00:00,0.0,0.0,0.0,0.0,0.0,0.0,0.0
2026-01-07 03:00:00,0.0,0.0,0.0,0.0,0.0,0.0,0.0
2026-01-07 04:00:00,0.0,0.0,0.0,0.0,0.0,0.0,0.0
2026-01-07 05:00:00,0.0,0.0,0.0,0.0,0.0,0.0,0.0
2026-01-07 06:00:00,0.0,0.0,0.0,0.0,0.0,0.0,0.0
2026-01-07 07:00:00,0.0,0.0,0.0,0.0,0.0,0.0,0.0
2026-01-07 08:00:00,0.0,0.6385376391880512,2.216941309947053,3.021705629230095,2.1477523434783334,2.86320369350565,0.0
2026-01-07 09:00:00,0.7410752393300704,2.2154950712476347,1.3395158152295465,2.4992497519526347,0.8710219486761033,1.6193256794072814,3.275808575242865
2026-01-07 10:00:00,1.396043879462794,1.0395483819145541,1.9215990108699728,1.2368916880561953,1.6302188916363713,3.1735434611697406,4.584794026726069
2026-01-07 11:00:00,1.483791394555817,0.6385376391880512,1.3571698015097993,2.9768470832671503,1.9660176503577198,1.7984639230258166,1.1008138570755293
2026-01-07 12:00:00,3.334838576985317,0.6385376391880512,0.5689572769323309,1.8979601677274378,0.8710219486761033,1.0976970797645347,3.761283949245766
2026-01-07 13:00:00,1.2282783204760805,2.0594937187536932,2.1147670381437202,2.519674817945694,3.1128421459125017,3.149266297707902,2.5936459643971133
2026-01-07 14:00:00,1.727900011547532,2.7427170825831655,1.2616971137614037,3.6365593510980663,0.8710219486761033,1.8674300439844111,1.1008138570755293
2026-01-07 15:00:00,1.3877511544115642,0.6385376391880512,0.981269107544289,1.740081871739711,2.1194772750394537,1.137620315632013,2.1207290922598783
2026-01-07 16:00:00,0.7410752393300704,0.6385376391880512,2.2247288237925456,0.8081243002440148,3.6256912271604342,3.105325779199367,3.524835218122395
2026-01-07 17:00:00,2.5789071074265015,0.7547300422566111,2.1718959917393033,1.1664608559987317,3.5899340382717506,2.2101979021289027,2.7947724902347675
2026-01-07 18:00:00,2.183495629210138,1.8707968898064193,1.133645877539369,1.1471936111497312,1.60859367342208,4.939636858940406,1.1008138570755293
2026-01-07 19:00:00,2.2230468281439126,2.2632956913251383,0.5689572769323309,2.2836766364248775,2.9675096813173902,3.7789383242697845,1.1008138570755293
2026-01-07 20:00:00,0.7410752393300704,0.8797122331302578,1.3231245371271747,3.2443851051353803,3.919598769042465,1.0976970797645347,1.1008138570755293
2026-01-07 21:00:00,2.8418858765649246,0.6385376391880512,0.6323820650023292,1.6659055333585384,3.919598769042465,0.0,3.279334846139166
2026-01-07 22:00:00,0.7410752393300704,0.0,0.0,0.8081243002440148,3.919598769042465,0.0,0.0
2026-01-07 23:00:00,0.0,0.0,0.0,0.0,0.0,0.0,0.0
2026-01-08 00:00:00,0.0,0.0,0.0,0.0,0.0,0.0,0.0
2026-01-08 01:00:00,0.0,0.0,0.0,0.0,0.0,0.0,0.0
2026-01-08 02:00:00,0.0,0.0,0.0,0.0,0.0,0.0,0.0
2026-01-08 03:00:00,0.0,0.0,0.0,0.0,0.0,0.0,0.0
2026-01-08 04:00:00,0.0,0.0,0.0,0.0,0.0,0.0,0.0
2026-01-08 05:00:00,0.0,0.0,0.0,0.0,0.0,0.0,0.0
2026-01-08 06:00:00,0.0,0.0,0.0,0.0,0.0,0.0,0.0
2026-01-08 07:00:00,0.0,0.0,0.0,0.0,0.0,0.0,0.0
2026-01-08 08:00:00,1.1941263903750332,0.8212542991279395,1.4383834346472677,0.7928297540411096,1.2030908918264827,1.279673211720922,1.1050262471443588
2026-01-08 09:00:00,0.7159770856138001,0.6045060536409035,0.7970545719865313,0.5572423919879209,1.5740080971501194,1.5114220215133556,1.5650713079066674
2026-01-08 10:00:00,0.5807939618142378,1.7147081781167814,0.7634704362200816,0.5572423919879209,1.947173613540312,2.7651957804128227,1.5929138519769976
2026-01-08 11:00:00,1.169480019501246,0.9346232085459415,2.235155341558598,2.022818927723845,2.524559441941669,2.7237252500472473,0.5169136070042517
2026-01-08 12:00:00,0.5807939618142378,1.4564075837298684,0.8861880452952008,0.5572423919879209,1.6361915237821048,2.683703458401569,1.4935079369488296
2026-01-08 13:00:00,1.4905807935441304,1.239457134301767,3.065479492536347,0.5572423919879209,1.7503720463651782,2.5091108312714705,0.5169136070042517
2026-01-08 14:00:00,0.5807939618142378,2.3029917841446306,1.7414102208379267,1.3147367076301577,0.579651327472296,2.6096076670654518,1.7512430115091246
2026-01-08 15:00:00,2.3438872287551176,1.0095188832063653,1.679134414169319,0.5572423919879209,2.4883810263564463,2.7651957804128227,0.5169136070042517
2026-01-08 16:00:00,0.5807939618142378,1.4684434520266767,2.2714964126943618,0.9387530285926184,1.1374763187922612,1.767163473236624,1.058912705209543
2026-01-08 17:00:00,0.8597992675984188,1.1791096184842282,2.171135299473894,2.1668477430067137,1.0263621237679024,2.7651957804128227,1.5201802759068008
2026-01-08 18:00:00,1.7600676433668436,1.359392066658017,2.232884947281942,1.1475618998480253,0.6761536841332171,2.520338508557617,2.2189194242027743
2026-01-08 19:00:00,0.5807939618142378,1.2678759875993404,1.2050239618779615,0.5572423919879209,1.6337864696804503,1.8663564150251257,1.1800011628790354
2026-01-08 20:00:00,1.2954509484051262,2.2484688498881398,2.5174524615426495,2.507590763945644,2.1943560811538383,1.2423871293434035,1.820876232326819
2026-01-08 21:00:00,2.1514059515043127,0.534976082577866,0.7476998610198792,0.9958718109976508,2.524559441941669,1.256973791536933,1.7982020734289133
2026-01-08 22:00:00,0.0,0.0,0.7476998610198792,0.7100100537826499,0.0,0.0,0.0
2026-01-08 23:00:00,0.0,0.0,0.0,0.0,0.0,0.0,0.0
2026-01-09 00:00:00,0.0,0.0,0.0,0.0,0.0,0.0,0.0
2026-01-09 01:00:00,0.0,0.0,0.0,0.0,0.0,0.0,0.0
2026-01-09 02:00:00,0.0,0.0,0.0,0.0,0.0,0.0,0.0
2026-01-09 03:00:00,0.0,0.0,0.0,0.0,0.0,0.0,0.0
2026-01-09 04:00:00,0.0,0.0,0.0,0.0,0.0,0.0,0.0
2026-01-09 05:00:00,0.0,0.0,0.0,0.0,0.0,0.0,0.0
2026-01-09 06:00:00,0.0,0.0,0.0,0.0,0.0,0.0,0.0
2026-01-09 07:00:00,0.0,0.4757891411767323,0.0,0.0,0.0,0.0,0.0
2026-01-09 08:00:00,0.7386529286722783,1.3153277408665809,0.0,0.7332227091737916,2.2702239043914942,2.369822592574863,2.2834288364690063
2026-01-09 09:00:00,0.7386529286722783,1.286712406932714,2.4908713595491685,0.6126162444838423,2.05331866543897,3.7674707611377958,3.215108855330817
2026-01-09 10:00:00,1.9444670771936208,0.9161069099709277,0.7523611084197701,0.2959386350682752,2.054045378056686,2.2059761417812718,1.5056235622817713
2026-01-09 11:00:00,1.717651760214129,1.367365864258619,0.8602615345603519,0.2959386350682752,0.5906707175846871,2.1889598730760857,2.3863655919550206
2026-01-09 12:00:00,1.6707758568648214,0.4757891411767323,0.7523611084197701,0.4819807795252727,0.8364283651117701,1.0407371013076234,2.1440820383839947
2026-01-09 13:00:00,1.7675239270000285,1.8359615752483007,0.7523611084197701,0.7717428197755775,2.1126936231916775,0.8825092655492794,0.7579201097238202
2026-01-09 14:00:00,0.7386529286722783,1.056892609895373,1.4558809039856062,0.2959386350682752,2.030820663602373,3.929497352729162,3.1453866716261483
2026-01-09 15:00:00,1.652386025518787,2.094767522140374,2.124112510138313,0.6827519579274356,0.5906707175846871,1.7537732021693482,2.362540644188122
2026-01-09 16:00:00,1.7137072406271574,1.2600368832249234,1.581592865625665,0.2959386350682752,1.544858391788852,3.9712916949717574,2.170877291534726
2026-01-09 17:00:00,0.7386529286722783,0.7045910076094046,1.36258318702582,0.9721314025397845,0.5906707175846871,0.8825092655492794,1.063988421154912
2026-01-09 18:00:00,3.2994017594681315,0.4757891411767323,2.1955365864607557,0.5791971393321734,0.5906707175846871,3.9712916949717574,1.3117711035678359
2026-01-09 19:00:00,1.8959609950610894,0.4757891411767323,1.1720501666503318,0.8464387478524433,2.45055661698089,2.5904050371521397,1.0027266267775985
2026-01-09 20:00:00,0.7386529286722783,0.4757891411767323,2.5614478493037227,0.33385505094605616,1.1787132952830839,0.8825092655492794,2.448083617839181
2026-01-09 21:00:00,2.0801911836329268,1.2834954136426155,0.0,0.5465950435981599,1.5196318094286971,0.8825092655492794,1.0871605127758253
2026-01-09 22:00:00,0.7386529286722783,0.0,0.0,0.3593298299389223,0.0,0.0,0.0
2026-01-09 23:00:00,0.0,0.0,0.0,0.0,0.0,0.0,0.0
2026-01-10 00:00:00,0.0,0.0,0.0,0.0,0.0,0.0,0.0
2026-01-10 01:00:00,0.0,0.0,0.0,0.0,0.0,0.0,0.0
2026-01-10 02:00:00,0.0,0.0,0.0,0.0,0.0,0.0,0.0
2026-01-10 03:00:00,0.0,0.0,0.0,0.0,0.0,0.0,0.0
2026-01-10 04:00:00,0.0,0.0,0.0,0.0,0.0,0.0,0.0
2026-01-10 05:00:00,0.0,0.0,0.0,0.0,0.0,0.0,0.0
2026-01-10 06:00:00,0.0,0.0,0.0,0.0,0.0,0.0,0.0
2026-01-10 07:00:00,0.0,0.0,0.0,0.0,0.0,0.0,0.0
2026-01-10 08:00:00,0.0,0.5120693562073958,0.0,0.0,1.0595000961729837,0.0,0.0
2026-01-10 09:00:00,2.0674537927801935,0.3937527698081845,0.35688301200000005,2.26402186285741,0.30373022297872343,2.1861730151919954,0.9519392010584412
2026-01-10 10:00:00,2.5325399969206046,1.1528110294773972,0.8882058620457239,1.7180019594780211,0.702780519291576,3.205702253671639,1.6609818288835676
2026-01-10 11:00:00,3.746222868394756,0.6271333633854926,0.4692414525681577,0.7841920477925892,0.30373022297872343,1.752161348339481,2.384400258584764
2026-01-10 12:00:00,1.319540590401744,0.3398885828571429,0.4648595111327849,1.8222499311659988,0.7586367067807354,1.2289131828007613,2.290767379112212
2026-01-10 13:00:00,0.8324939707543902,0.45767990853609325,0.9193499596883995,0.7841920477925892,0.8318296562712232,2.6351920565559697,0.961484330732344
2026-01-10 14:00:00,0.8324939707543902,1.0870225031740712,0.35688301200000005,2.466585416456852,1.1709503795891827,1.1199383826034783,2.5588209420296093
2026-01-10 15:00:00,0.8324939707543902,0.7582410826520324,0.6228846212011145,0.7841920477925892,0.9343916140614579,2.4803055399493155,2.8612540947716516
2026-01-10 16:00:00,1.5107735671252647,0.3398885828571429,0.35688301200000005,0.7841920477925892,0.4740860470073384,2.014145772639897,1.228240420247198
2026-01-10 17:00:00,1.986057927177459,0.8407170023118655,0.6167355037637825,1.2403218461576155,0.30373022297872343,1.1717876851848483,1.1379579324581797
2026-01-10 18:00:00,1.9128071951588737,0.872627072263824,0.4390753920126495,1.3999338043901826,0.795518978302766,2.9303397381875085,2.9618623825809474
2026-01-10 19:00:00,0.0,0.0,0.0,0.0,1.3667860034042554,0.0,0.0
2026-01-10 20:00:00,0.0,0.0,0.0,0.0,0.0,0.0,0.0
2026-01-10 21:00:00,0.0,0.0,0.0,0.0,0.0,0.0,0.0
2026-01-10 22:00:00,0.0,0.0,0.0,0.0,0.0,0.0,0.0
2026-01-10 23:00:00,0.0,0.0,0.0,0.0,0.0,0.0,0.0
2026-01-11 00:00:00,0.0,0.0,0.0,0.0,0.0,0.0,0.0
2026-01-11 01:00:00,0.0,0.0,0.0,0.0,0.0,0.0,0.0
2026-01-11 02:00:00,0.0,0.0,0.0,0.0,0.0,0.0,0.0
2026-01-11 03:00:00,0.0,0.0,0.0,0.0,0.0,0.0,0.0
2026-01-11 04:00:00,0.0,0.0,0.0,0.0,0.0,0.0,0.0
2026-01-11 05:00:00,0.0,0.0,0.0,0.0,0.0,0.0,0.0
2026-01-11 06:00:00,0.0,0.0,0.0,0.0,0.0,0.0,0.0
2026-01-11 07:00:00,0.0,0.0,0.0,0.0,0.0,2.1481198538172,0.0
2026-01-11 08:00:00,0.0,0.0,0.0,0.0,0.9763887021436642,1.1490133744170075,1.141223761351549
2026-01-11 09:00:00,1.9482179719997172,0.694627904920036,0.8283879509967305,1.0831796472647592,1.052028983238862,0.900302563212575,0.4603738251151244
2026-01-11 10:00:00,1.2009837007139978,0.6584737329036143,0.3452521578596923,0.4131882360500928,0.8908080097621116,0.5898682655092082,1.0399396765462867
2026-01-11 11:00:00,0.4329373271110483,0.3366208539132,0.3452521578596923,0.9348781414699385,1.3046480489792127,2.0130892975847097,1.3187041910094324
2026-01-11 12:00:00,0.4329373271110483,0.9401716637041644,0.5325960658947136,0.4131882360500928,1.1841831790499808,0.9524705891382615,0.43216684157889507
2026-01-11 13:00:00,1.1163613019323808,0.3528794762377106,1.0309403289153392,0.7288601954533395,0.8062824864895439,0.6521757200953817,0.6412360427357765
2026-01-11 14:00:00,0.6991822230049151,0.5026131800853179,1.3399431477246138,1.1655147930257623,0.975346753734328,0.4773599675149333,0.8322014118692306
2026-01-11 15:00:00,1.2531850084173028,0.3366208539132,0.7558839856332322,0.6811399543239158,1.1624641128839617,1.5245524166380833,0.3372175602083711
2026-01-11 16:00:00,1.110903915103472,0.43605743599925906,0.6121758416533876,1.5049371458900314,0.915996399906616,0.6933797521171216,1.1557965266353585
2026-01-11 17:00:00,0.7882007337756866,1.5147938426094,0.3452521578596923,0.9685069550566845,0.6545190979171392,1.8087629765179236,0.7148130147169063
2026-01-11 18:00:00,0.4329373271110483,1.277052964997038,0.0,0.4131882360500928,0.7284664478685806,1.6161196352114182,0.8937021987989379
2026-01-11 19:00:00,0.4329373271110483,0.0,0.0,0.0,0.0,0.0,0.0
2026-01-11 20:00:00,0.0,0.0,0.0,0.0,0.0,0.0,0.0
2026-01-11 21:00:00,0.0,0.0,0.0,0.0,0.0,0.0,0.0
2026-01-11 22:00:00,0.0,0.0,0.0,0.0,0.0,0.0,0.0
2026-01-11 23:00:00,0.0,0.0,0.0,0.0,0.0,0.0,0.0
2026-01-12 00:00:00,0.0,0.0,0.0,0.0,0.0,0.0,0.0
2026-01-12 01:00:00,0.0,0.0,0.0,0.0,0.0,0.0,0.0
2026-01-12 02:00:00,0.0,0.0,0.0,0.0,0.0,0.0,0.0
2026-01-12 03:00:00,0.0,0.0,0.0,0.0,0.0,0.0,0.0
2026-01-12 04:00:00,0.0,0.0,0.0,0.0,0.0,0.0,0.0
2026-01-12 05:00:00,0.0,0.0,0.0,0.0,0.0,0.0,0.0
2026-01-12 06:00:00,0.0,0.0,0.0,0.0,0.0,0.0,0.0
2026-01-12 07:00:00,0.0,0.0,0.0,0.0,0.0,0.0,0.0
2026-01-12 08:00:00,0.8828865971791912,0.7117253038834833,0.726691077675826,0.54911412340136,0.5545572894850047,0.0,1.8914754919324441
2026-01-12 09:00:00,1.001443044169871,1.3994508688525529,1.2525436990235979,2.1919683783937294,0.8681090163765482,2.1557335222681506,1.1285116940504147
2026-01-12 10:00:00,0.40942769774969134,1.973389005786641,1.9397881613417391,1.8983805634033344,1.1324553768351064,1.0471840019201477,1.5231638859224217
2026-01-12 11:00:00,0.8720133463109779,1.0233008461214579,0.726691077675826,1.1648226665977335,0.5996427684593064,1.4893256348563906,1.7326939604396132
2026-01-12 12:00:00,0.8186322167392547,1.2105651323291817,1.4014670388867974,0.7546056260210265,1.73540819017066,1.4709988306521093,1.8045965027541708
2026-01-12 13:00:00,0.40942769774969134,1.7680059950163585,0.9711890364283172,0.54911412340136,0.5545572894850047,2.1691518418373903,2.090545753736725
2026-01-12 14:00:00,0.9860573750701821,2.1402415297092263,2.147737811478735,1.0316287865585527,1.5575210943758495,1.4744418288158134,1.3575690107199812
2026-01-12 15:00:00,1.0995061591550825,0.7952156203754005,3.2701098495412166,2.1185068024837297,1.685365275467694,2.943057270204416,0.514719947821036
2026-01-12 16:00:00,1.391384736336543,1.0702194844354114,1.6056441683588287,2.1429969169281606,1.9247930646140279,0.7101105731030418,1.6462572470208856
2026-01-12 17:00:00,1.3750382757656792,1.0703911709126572,0.726691077675826,0.8990959182909347,1.764250817583868,1.650911354365313,2.316239765194662
2026-01-12 18:00:00,0.40942769774969134,2.949243593501143,1.0149403605629725,1.6479283620505845,1.8878794613995076,3.1954975789636886,1.0281417400286297
2026-01-12 19:00:00,0.40942769774969134,2.1482969974182966,3.2701098495412166,1.2635001801149106,2.4955078026825213,2.9575848291294666,1.3378968233556774
2026-01-12 20:00:00,1.0739383252478416,1.30867831417688,3.2701098495412166,1.8764428093265209,0.5545572894850047,2.10666303142501,1.0071801245799015
2026-01-12 21:00:00,1.0732401213391431,0.7117253038834833,0.726691077675826,0.7660370709415285,0.0,3.1954975789636886,0.0
2026-01-12 22:00:00,1.073945265893988,3.2027638674756753,1.384807513954111,0.54911412340136,0.0,0.7101105731030418,0.0
2026-01-12 23:00:00,0.0,0.0,0.0,0.0,0.0,0.0,0.0
2026-01-13 00:00:00,0.0,0.0,0.0,0.0,0.0,0.0,0.0
2026-01-13 01:00:00,0.0,0.0,0.0,0.0,0.0,0.0,0.0
2026-01-13 02:00:00,0.0,0.0,0.0,0.0,0.0,0.0,0.0
2026-01-13 03:00:00,0.0,0.0,0.0,0.0,0.0,0.0,0.0
2026-01-13 04:00:00,0.0,0.0,0.0,0.0,0.0,0.0,0.0
2026-01-13 05:00:00,0.0,0.0,0.0,0.0,0.0,0.0,0.0
2026-01-13 06:00:00,0.0,0.0,0.0,0.0,0.0,0.0,0.0
2026-01-13 07:00:00,0.0,0.0,0.0,0.0,0.0,0.9764547128942522,0.0
2026-01-13 08:00:00,0.0,0.2900846267309692,2.315627684435877,0.0,0.0,1.3564017461697904,1.8294638359997697
2026-01-13 09:00:00,2.320613324152005,1.3053808202893615,2.0906641079022474,3.1626877981204506,1.6591989051256029,1.854059913547201,2.7876014445142934
2026-01-13 10:00:00,1.2305929402712448,1.114410478232557,2.9149405062593385,1.3822113090733523,0.4679614544741945,1.1323818970251904,1.6014905938044677
2026-01-13 11:00:00,2.441919801206356,0.536801499524359,2.1432551904283015,1.8706386908651347,2.064394082595042,1.7250477066695638,2.1407769158502403
2026-01-13 12:00:00,0.8260912027848785,0.3823904987343376,1.769107057571375,0.9788579972407112,0.7585675367474185,2.1453759657114686,2.113307248655004
2026-01-13 13:00:00,1.3190550164587254,0.6714851700701375,2.0557279340886407,0.7947620196000823,1.3882134557751158,1.8654120453486214,1.632526591688681
2026-01-13 14:00:00,1.0387921390227473,0.4803709848314069,2.1034994271817737,0.7947620196000823,0.4679614544741945,1.7067461908868387,2.441784278090303
2026-01-13 15:00:00,1.6784175754227482,1.1202363503550905,2.3874532036999354,0.7947620196000823,1.0938297049637538,2.1453759657114686,2.7876014445142934
2026-01-13 16:00:00,3.7174104125319527,0.653618838931189,1.6043413828912665,0.7947620196000823,1.211522650700779,2.07281230515687,2.6548537557448477
2026-01-13 17:00:00,0.8260912027848785,0.2900846267309692,3.7091860198503577,2.398135139807867,2.105826545133875,2.1453759657114686,2.7876014445142934
2026-01-13 18:00:00,2.3599320451596273,0.6899765393112867,3.5230096154890966,0.7947620196000823,2.105826545133875,1.9127991308355035,2.6545194962628367
2026-01-13 19:00:00,0.8260912027848785,0.40609376438987116,0.9275291296541844,2.4041637253404047,1.3778462176259068,0.47675021460254857,0.6194669876698431
2026-01-13 20:00:00,1.0539378983399472,0.40588144537025506,3.6241612212574115,1.2824203917127575,1.6411808506082803,1.6683415778710797,1.1774961066086054
2026-01-13 21:00:00,2.8140115833431096,1.1171200255773688,2.7707045769052194,2.403801779006216,1.88537587479951,0.47675021460254857,2.7876014445142934
2026-01-13 22:00:00,1.6585781904122785,0.6660703164382586,0.0,1.1226466367855243,0.0,0.7516437511788514,0.0
2026-01-13 23:00:00,0.0,0.0,0.0,0.0,0.0,0.0,0.0
2026-01-14 00:00:00,0.0,0.0,0.0,0.0,0.0,0.0,0.0
2026-01-14 01:00:00,0.0,0.0,0.0,0.0,0.0,0.0,0.0
2026-01-14 02:00:00,0.0,0.0,0.0,0.0,0.0,0.0,0.0
2026-01-14 03:00:00,0.0,0.0,0.0,0.0,0.0,0.0,0.0
2026-01-14 04:00:00,0.0,0.0,0.0,0.0,0.0,0.0,0.0
2026-01-14 05:00:00,0.0,0.0,0.0,0.0,0.0,0.0,0.0
2026-01-14 06:00:00,0.0,0.0,0.0,0.0,0.0,0.0,0.0
2026-01-14 07:00:00,0.0,0.0,0.0,0.0,2.3296497718366505,0.0,0.0
2026-01-14 08:00:00,1.0691993138658737,0.5847514705947555,2.4567865481985143,1.2420730837626488,2.112524444951581,1.002332620588926,0.0
2026-01-14 09:00:00,0.9566262133520218,0.9043951892632469,0.7833984440536154,2.040351626167193,2.203343405886179,0.8488874568278231,1.6634124348401498
2026-01-14 10:00:00,0.4973581022328509,1.8820755521536623,1.9267390376147806,1.5430945029085499,0.6697542166063967,0.23700526963557605,1.702475894104387
2026-01-14 11:00:00,2.1717313500495194,1.504869855692239,2.054427708785014,1.7676523920844216,2.5975152228474436,0.5428235025466742,2.10139790892274
2026-01-14 12:00:00,1.3442049263165607,1.6159101033868433,0.5459525662663365,0.6470131885325952,2.4907829012265577,0.5660197461477597,1.1638611865058035
2026-01-14 13:00:00,0.482606966677671,1.3703846165866111,0.8227486724893099,0.6470131885325952,1.7043689259407535,0.8788090539607826,1.990243650957994
2026-01-14 14:00:00,1.049433742511281,2.316271388643714,1.2056598087056447,1.5217996296981158,1.0532244310300447,0.6847915703190041,1.7812125849768548
2026-01-14 15:00:00,0.4906479108730902,1.0069251545011666,0.5459525662663365,1.49646610265222,0.6697542166063967,1.0238227706979255,2.4524157257770476
2026-01-14 16:00:00,1.4881530891124075,1.4752464587597607,1.4790002458503126,0.6470131885325952,0.6697542166063967,0.5022428924428191,0.6756174806855292
2026-01-14 17:00:00,0.482606966677671,0.9251498015240224,0.8985398095821393,2.0735776953303624,1.1730273674855565,1.0665237133600922,0.7615165809380959
2026-01-14 18:00:00,0.8510217688533366,1.7410207907044377,1.508798375012939,0.9840006143428052,2.8315054645238273,0.8563112165533301,2.0734884486308363
2026-01-14 19:00:00,1.2592700432463404,0.5847514705947555,1.2594577437165078,0.6470131885325952,0.6697542166063967,0.7794016870979185,1.5225207182137097
2026-01-14 20:00:00,1.496928977337525,0.0,2.437611812691402,0.6470131885325952,1.924246662925036,1.0665237133600922,1.8478392732567341
2026-01-14 21:00:00,0.482606966677671,0.0,2.0014856609584557,0.6470131885325952,0.7763655903224487,0.5749748247854783,1.5765648342720266
2026-01-14 22:00:00,0.7062498404676127,0.0,1.178470518344892,0.9364685779216889,0.0,0.3059914851869104,2.120983240716379
2026-01-14 23:00:00,0.0,0.0,0.0,0.0,0.0,0.0,0.0
