date,Consumption_kWh_Vehicle_0,Consumption_kWh_Vehicle_1,Consumption_kWh_Vehicle_2,Consumption_kWh_Vehicle_3,Consumption_kWh_Vehicle_4,Consumption_kWh_Vehicle_5,Consumption_kWh_Vehicle_6,Consumption_kWh_Vehicle_7,Consumption_kWh_Vehicle_8,Consumption_kWh_Vehicle_9
2026-01-01 00:00:00,0.0,0.0,0.0,0.0,0.0,0.0,0.0,0.0,0.0,0.0
2026-01-01 01:00:00,0.0,0.0,0.0,0.0,0.0,0.0,0.0,0.0,0.0,0.0
2026-01-01 02:00:00,0.0,0.0,0.0,0.0,0.0,0.0,0.0,0.0,0.0,0.0
2026-01-01 03:00:00,0.0,0.0,0.0,0.0,0.0,0.0,0.0,0.0,0.0,0.0
2026-01-01 04:00:00,0.0,0.0,0.0,0.0,0.0,0.0,0.0,0.0,0.0,0.0
2026-01-01 05:00:00,0.0,0.0,0.0,0.0,0.0,0.0,0.0,0.0,0.0,0.0
2026-01-01 06:00:00,1.4589557150753134,1.3687129832979668,1.314235822008943,1.8602098629334805,0.8883966790592892,0.9589068791105108,1.5206324304271999,0.0,4.176443927079178,2.1951586821387004
2026-01-01 07:00:00,1.458976144952136,1.9446581699166066,2.3135652963882363,1.7620994611237544,3.155925821409947,3.075307355108276,0.8519882798930772,1.9146865087152858,3.121544687826263,2.1834216520712086
2026-01-01 08:00:00,3.7154642740176738,2.010013197471666,1.386819158473903,2.6036531967984993,1.8723169787486111,1.4168885596407528,2.9441994498550947,2.518844823116776,1.2534738083094479,0.7883442965502238
2026-01-01 09:00:00,2.705307467472345,0.7928328214468088,2.4082895308528944,2.570212760240648,2.2019526741526274,1.7699437220663619,3.658978184837097,0.8482895035001637,1.5977571054772381,3.333974386682618
2026-01-01 10:00:00,1.1661280012033461,1.3980181903861555,2.7866342038594256,1.8060853127947198,0.8883966790592892,3.1100445432335717,1.8929003798259607,3.4119626547286126,1.1905562154685316,1.6403773771650993
2026-01-01 11:00:00,2.4254789058696176,1.8423246198033183,3.7502544496175587,0.7226685157907027,2.4126007221460606,3.8355191437061453,0.8519882798930772,2.703951169947514,2.0579509221084713,2.5610396088361314
2026-01-01 12:00:00,1.1736648020676255,0.7928328214468088,1.3771720236111025,0.7226685157907027,1.8193507960885238,3.55862111055257,2.9695250556394286,1.62210301317732,3.2808302090451638,1.3134259744368433
2026-01-01 13:00:00,1.1707877301795173,0.8651505312086099,0.8333898776927909,2.157240715027773,2.36050178703351,3.472971250625135,2.459554341983735,3.443238151372477,2.67430022553124,2.779139785868673
2026-01-01 14:00:00,2.0514223865541936,1.9732984388725165,0.8333898776927909,2.4030098237511486,2.713009236837213,1.4006001536728965,2.365762896533147,2.0234617452570287,1.7940337270657447,1.479088296033755
2026-01-01 15:00:00,0.9116304430439713,0.7928328214468088,1.799929722703603,2.074349571537556,1.1561720024954307,2.28511971618467,3.395453517862496,2.7686077918355707,2.8818709604865287,3.547549334476007
2026-01-01 16:00:00,0.9116304430439713,0.9691377591934515,2.5521331497857553,0.8466538445090671,0.8883966790592892,1.93393558126161,3.833947259518847,2.2511746222794,1.952776128244957,2.0632478146502957
2026-01-01 17:00:00,1.0506335945133596,1.1477779624407605,1.8546406252323104,1.8455426125627301,3.4173302920817825,3.7641626295199466,0.9383414478666354,1.2224902664902253,2.3326722392946726,2.2958393133137753
2026-01-01 18:00:00,0.9116304430439713,2.7954853558201305,0.8333898776927909,3.123668051017214,1.8378232227654996,1.483634412952302,0.9651222903493306,0.7651640336383282,3.015953745261844,2.1343919915873686
2026-01-01 19:00:00,2.1413721494729545,2.466486801636403,3.3072300945152446,1.3103701688521787,3.473565975207263,3.3001637154621126,2.5211561153917037,2.1074663033614858,0.9280986504620395,3.547549334476007
2026-01-01 20:00:00,0.9116304430439713,0.7928328214468088,1.5412977935189842,1.3453986584507338,2.745599517468424,0.9589068791105108,1.9042256476991892,2.271876550160683,2.4306397850191663,1.197721030282226
2026-01-01 21:00:00,0.9116304430439713,0.7928328214468088,3.584990926395014,3.2520083210581623,1.4301850825731575,2.58520734079789,3.833947259518847,3.117999181229416,3.824493760133142,2.077253853594061
2026-01-01 22:00:00,3.5741479505471974,1.4610101023419912,1.1451911478854395,3.2520083210581623,1.7782594752428653,4.078675620196498,0.0,1.4227055865802651,4.176443927079178,1.0465315049722461
2026-01-01 23:00:00,1.469379941475956,2.9720263363262167,1.916172631677186,1.9252165697172943,0.9880575098652435,0.0,0.0,0.0,2.663549339995474,1.6527331612880634
2026-01-02 00:00:00,0.0,0.0,0.0,0.0,0.0,0.0,0.0,0.0,0.0,0.0
2026-01-02 01:00:00,0.0,0.0,0.0,0.0,0.0,0.0,0.0,0.0,0.0,0.0
2026-01-02 02:00:00,0.0,0.0,0.0,0.0,0.0,0.0,0.0,0.0,0.0,0.0
2026-01-02 03:00:00,0.0,0.0,0.0,0.0,0.0,0.0,0.0,0.0,0.0,0.0
2026-01-02 04:00:00,0.0,0.0,0.0,0.0,0.0,0.0,0.0,0.0,0.0,0.0
2026-01-02 05:00:00,0.8487232665715662,1.6884578779059192,0.0,2.049876874822101,0.0,0.0,0.0,0.0,0.0,0.0
2026-01-02 06:00:00,2.064797553214013,2.032150532957415,0.0,0.9489769175691481,1.864368101068192,1.503372696182235,1.14149647943964,2.9220086705932404,0.0,0.0
2026-01-02 07:00:00,0.9337043895881916,3.5182255322322873,1.0199262047344746,0.9489769175691481,1.7832895781175115,1.0498559356668664,1.929041010716446,2.963271562985048,2.591893938157529,4.319437471172376
2026-01-02 08:00:00,1.2916193453148315,2.2748738947638207,4.589667921305135,2.670121186909962,3.0482808779963206,0.8948680405465078,1.7705301602351904,4.240373108142312,0.9114745647867645,0.9598749935938614
2026-01-02 09:00:00,0.9324671938394613,1.523039710370911,1.165522575966614,2.539376252182028,0.9666170615799377,2.8236317227786474,1.5052981692422782,2.2314860956324774,3.134620144185348,2.7413761663279677
2026-01-02 10:00:00,3.775426394017905,0.7818278960516194,1.943268511189176,3.3485465368965803,1.0975044710385584,1.791330223123827,0.708577945517654,4.189586150209901,4.10163554154044,0.9784566792582866
2026-01-02 11:00:00,1.6139120389839083,2.955662768911989,2.2347042674047795,0.9489769175691481,0.9666170615799377,3.0612133169986775,3.085283237713874,1.6040144009084198,1.6886956061470177,3.168768114995672
2026-01-02 12:00:00,0.8487232665715662,3.5182255322322873,1.762024963127564,0.9489769175691481,1.0552035119434824,2.985590632975698,0.708577945517654,1.7601037942808095,2.444129526046495,0.9598749935938614
2026-01-02 13:00:00,2.582472923235692,0.7818278960516194,1.590450646870762,2.645196849813822,2.8575338198609943,3.384189138170931,0.708577945517654,1.695962331278133,2.2819966578801285,2.7937485238617192
2026-01-02 14:00:00,0.8487232665715662,2.8153896656248136,3.601719035386819,2.1262477736254666,2.8169597058193334,1.5636553831549476,1.5195907904029953,3.122909992397572,2.327949476597746,2.7507169558692435
2026-01-02 15:00:00,1.8715186627441394,0.7818278960516194,2.4035785884483114,2.0605237284979205,2.3248544883834823,2.1162090537978653,1.538501034448416,2.0925841632825204,3.3612212524311955,1.446047395148495
2026-01-02 16:00:00,0.8487232665715662,1.2712748180490163,3.1859778278781548,3.8041375440092313,3.367725142574841,3.209136682707882,1.8901712612396586,2.8356615320016205,2.7833849683723786,1.8224271286648728
2026-01-02 17:00:00,0.8487232665715662,1.6425959830044707,1.6274805407113846,1.5205248310473576,1.782916251166921,2.871953268642192,2.5457715236192384,1.8064452484742672,4.10163554154044,2.1023430774687086
2026-01-02 18:00:00,1.8576138425619426,2.7073915609767716,1.0199262047344746,1.143379178121486,0.9666170615799377,1.9949913331248268,0.9327550533484003,3.355028729451893,3.1854312784603898,4.220847463260492
2026-01-02 19:00:00,2.4850675651751324,1.8299647890553885,3.0148503021401782,1.9021343672661766,0.9666170615799377,3.473990997868501,1.9988206475916934,0.9984038996093139,4.10163554154044,4.319437471172376
2026-01-02 20:00:00,1.8280800695160955,1.5372243969070165,1.0199262047344746,0.9489769175691481,2.424734889336919,1.5006332321253406,2.8623287629275604,2.84697959683786,2.0455491669518833,2.0462953234449404
2026-01-02 21:00:00,1.495569297194761,3.5182255322322873,1.8147656221964146,1.7848524489704325,0.9666170615799377,3.0819305483043697,2.8830116502494474,2.0349562095665066,1.6507729547480443,3.6067016513122545
2026-01-02 22:00:00,1.2807178548045766,1.9847705368087478,3.4536441371998357,0.9489769175691481,0.9666170615799377,3.4836550192508966,3.0606792807271774,4.1175735415685555,1.6478729708587316,3.5075121729539513
2026-01-02 23:00:00,0.8487232665715662,2.751663707742639,0.0,0.9489769175691481,1.5046942948454767,0.0,0.0,4.492817548241912,1.2040887589575837,3.227064055396184
2026-01-03 00:00:00,0.0,0.0,0.0,0.0,0.0,0.0,0.0,0.0,0.0,0.0
2026-01-03 01:00:00,0.0,0.0,0.0,0.0,0.0,0.0,0.0,0.0,0.0,0.0
2026-01-03 02:00:00,0.0,0.0,0.0,0.0,0.0,0.0,0.0,0.0,0.0,0.0
2026-01-03 03:00:00,0.0,0.0,0.0,0.0,0.0,0.0,0.0,0.0,0.0,0.0
2026-01-03 04:00:00,0.0,0.0,0.0,0.0,0.0,0.0,0.0,0.0,0.0,0.0
2026-01-03 05:00:00,0.0,0.0,0.0,0.0,0.0,0.0,0.0,0.0,0.0,0.0
2026-01-03 06:00:00,0.0,0.0,0.0,0.0,0.0,2.4692168771856404,2.0522548451001827,0.0,0.0,2.6810549438675704
2026-01-03 07:00:00,0.6749453430187302,0.0,0.0,0.9665432885066196,0.6037762920269562,0.6400435310375467,2.9461868135308293,0.0,0.5999640276975431,1.213477797763248
2026-01-03 08:00:00,1.594473747035869,0.8983714620232287,0.7284125184136969,0.8043359543677125,2.6042207933226686,2.3445263121011393,3.489444871242668,3.3028159411870472,0.5999640276975431,1.8042281599854
2026-01-03 09:00:00,0.9411186022261372,0.6812485826618886,1.6225497872769847,1.3716833099610872,0.6037762920269562,1.8200168281835365,2.05557102014045,1.9848063700148968,1.7726901810162212,2.034808080880432
2026-01-03 10:00:00,0.6749453430187302,0.9150061950749476,1.918133578479968,0.8043359543677125,0.6037762920269562,1.3154142564121243,2.0912317805400273,2.931388375168612,2.6998381246389442,1.3034615353253072
2026-01-03 11:00:00,1.8594326640287506,0.6812485826618886,1.7845714237759955,3.6195117946547066,1.686459942701421,0.743326580598689,3.489444871242668,0.878224196650173,0.5999640276975431,3.491889703578767
2026-01-03 12:00:00,2.2457553240816983,1.297260874358194,1.5343026718444224,2.6572696671870615,1.1093367473046576,1.3088691894258178,1.1599639097043202,2.7421138669369047,1.42552139830436,2.0544870482269757
2026-01-03 13:00:00,2.1538837985362123,0.6812485826618886,2.8436531229514883,3.211270474779334,1.409500843488104,0.6400435310375467,2.2585869801386,0.878224196650173,2.1680012593931735,3.491889703578767
2026-01-03 14:00:00,0.6749453430187302,0.7784022113513819,2.1173247399266777,0.8043359543677125,1.0392289935365073,1.079170770976857,1.5268517528859626,3.6377920636384995,0.5999640276975431,3.250774381782798
2026-01-03 15:00:00,1.0110175751355723,0.6812485826618886,0.7284125184136969,2.111259367068507,0.6037762920269562,1.071851914797173,3.0706400234231332,3.9520088849257786,1.230472227164865,3.491889703578767
2026-01-03 16:00:00,1.6010881882076597,0.6812485826618886,0.7284125184136969,2.122106548308414,1.323818277559918,1.752222885789757,1.762138164054872,3.138540318406825,2.4487635854985483,3.4358995047294143
2026-01-03 17:00:00,2.1946651678181994,0.6812485826618886,0.7284125184136969,0.8043359543677125,2.424037479716787,2.770849486756472,0.7754321936094818,2.8352465630742394,0.7476094177135866,0.9929513575779959
2026-01-03 18:00:00,0.8544316448479309,1.3501527499675166,1.0860786686011275,0.8043359543677125,0.6037762920269562,1.2533242807806266,1.144314097608767,0.0,0.5999640276975431,1.499093719358053
2026-01-03 19:00:00,1.1248473703906594,0.7984117548717337,0.0,0.0,2.2834503871041343,0.0,0.0,0.0,0.6782573893631783,1.0945138996841257
2026-01-03 20:00:00,0.6749453430187302,2.1960470875993017,0.0,0.0,0.0,0.0,0.0,0.0,1.8164505075278263,0.0
2026-01-03 21:00:00,0.0,2.6220458278512475,0.0,0.0,0.0,0.0,0.0,0.0,0.0,0.0
2026-01-03 22:00:00,0.0,0.0,0.0,0.0,0.0,0.0,0.0,0.0,0.0,0.0
2026-01-03 23:00:00,0.0,0.0,0.0,0.0,0.0,0.0,0.0,0.0,0.0,0.0
2026-01-04 00:00:00,0.0,0.0,0.0,0.0,0.0,0.0,0.0,0.0,0.0,0.0
2026-01-04 01:00:00,0.0,0.0,0.0,0.0,0.0,0.0,0.0,0.0,0.0,0.0
2026-01-04 02:00:00,0.0,0.0,0.0,0.0,0.0,0.0,0.0,0.0,0.0,0.0
2026-01-04 03:00:00,0.0,0.0,0.0,0.0,0.0,0.0,0.0,0.0,0.0,0.0
2026-01-04 04:00:00,0.0,0.0,0.0,0.0,0.0,0.0,0.0,0.0,0.0,0.0
2026-01-04 05:00:00,0.0,0.0,0.0,0.0,0.0,0.0,0.0,0.0,0.0,0.0
2026-01-04 06:00:00,2.0584982543248693,0.0,0.0,1.1513381121444641,0.0,0.8360338725199661,0.0,0.0,0.0,0.0
2026-01-04 07:00:00,1.5102516376443877,0.0,0.0,0.8466477100440154,3.18078331617376,2.8036004480850267,0.0,1.1865406597161579,0.0,0.0
2026-01-04 08:00:00,0.6503776090137012,1.5589022479799097,0.7990899008924047,0.7037862210573381,0.8448637425929253,1.9155277881501747,1.0226319834409323,3.127425240815502,3.040884813953647,2.007639984192972
2026-01-04 09:00:00,1.5100462943804809,1.6754066922794209,2.211878589997351,0.7037862210573381,2.5537389575724276,1.2606842767960216,0.8205401498612577,2.3747797667818267,1.7724242813364057,2.6281614159131967
2026-01-04 10:00:00,2.515019917377137,1.1579528404023365,1.7067302289883397,0.9659576250899041,3.4299438006473304,3.536477309260532,2.7495646457086247,1.6109858665034853,1.667909852082638,3.0263020440977684
2026-01-04 11:00:00,1.1707777421451924,1.6979661270064748,2.8275458657302877,0.7037862210573381,0.8448637425929253,3.536477309260532,1.7019323764146848,1.1031731884809708,1.7353603419196353,3.3222284399751505
2026-01-04 12:00:00,2.537745135915961,1.910568198128735,0.842385156678733,1.5992052852346765,0.9324408741198073,2.501369869667286,0.7256713427061642,1.6329162102825006,3.040884813953647,0.8482280079985511
2026-01-04 13:00:00,0.625717136221914,2.89769189967616,1.8645723605364404,2.822788265003912,0.8448637425929253,2.2596419289865795,1.3117062868128162,2.1399413378903063,3.0150870101586764,2.7878203597455533
2026-01-04 14:00:00,1.9033670285086777,1.9619307590532118,1.5223129306884142,1.7617327744137865,1.7456849004763724,1.7419153077873688,3.2655210421777383,3.127425240815502,1.6538425930390463,0.8482280079985511
2026-01-04 15:00:00,1.2757241412234703,2.9428378531081436,1.7910547614246572,0.9331571700591921,3.8018868416681633,2.1696528719691166,2.9145772992493066,0.6949833868478892,2.136697366164383,2.135879753549115
2026-01-04 16:00:00,0.9459935600926461,2.9709645722750198,1.3248675447482137,2.08713182805028,1.1002038395693554,1.1569730870590649,2.3138190832050585,1.3061821039489179,2.398813737324866,2.077913857655508
2026-01-04 17:00:00,1.2797501378209906,1.5328352674705585,0.7990899008924047,0.7037862210573381,1.7149918363056036,2.4374821035440153,1.841523040437315,2.019522433321901,1.8840806817671638,2.316080317164664
2026-01-04 18:00:00,0.625717136221914,1.5306794589776787,2.4355152641028983,1.459933179017867,2.147884385115847,2.0753607092104143,3.094401279103926,3.127425240815502,2.1753716721338705,3.6277166534803595
2026-01-04 19:00:00,1.013754287413281,0.7062372188293484,1.8046343812259917,0.7037862210573381,0.0,3.536477309260532,2.5971083081014505,0.0,2.286918134358903,2.119324225763713
2026-01-04 20:00:00,1.5063881383788864,0.0,2.577155852900853,0.7037862210573381,0.0,0.0,0.7256713427061642,0.0,0.0,1.8140098548981924
2026-01-04 21:00:00,0.0,0.0,0.0,0.0,0.0,0.0,0.0,0.0,0.0,0.0
2026-01-04 22:00:00,0.0,0.0,0.0,0.0,0.0,0.0,0.0,0.0,0.0,0.0
2026-01-04 23:00:00,0.0,0.0,0.0,0.0,0.0,0.0,0.0,0.0,0.0,0.0
2026-01-05 00:00:00,0.0,0.0,0.0,0.0,0.0,0.0,0.0,0.0,0.0,0.0
2026-01-05 01:00:00,0.0,0.0,0.0,0.0,0.0,0.0,0.0,0.0,0.0,0.0
2026-01-05 02:00:00,0.0,0.0,0.0,0.0,0.0,0.0,0.0,0.0,0.0,0.0
2026-01-05 03:00:00,0.0,0.0,0.0,0.0,0.0,0.0,0.0,0.0,0.0,0.0
2026-01-05 04:00:00,0.0,0.0,0.0,0.0,0.0,0.0,0.0,0.0,0.0,0.0
2026-01-05 05:00:00,0.0,1.7374532482995424,0.0,0.0,0.0,0.0,0.0,0.0,0.0,0.0
2026-01-05 06:00:00,0.0,1.073479110529383,0.8679077415327052,0.0,3.1742229441891014,2.6231807676351706,1.4421622144175201,1.645320581526795,1.53842385405328,1.2541396806423382
2026-01-05 07:00:00,2.702510171316223,0.8533017897585239,1.0736119553308565,3.1097533297231448,0.9519600666761492,2.501405474764515,2.036312382129699,3.3741291073945656,1.9035566103961177,3.0470094226260267
2026-01-05 08:00:00,2.019722327989733,0.8533017897585239,2.441538017167569,1.7240960244476577,2.446364856729371,0.7079471199679307,2.8808507210892533,3.2210333109641973,1.1736852464954493,1.966281696016196
2026-01-05 09:00:00,1.0205233491589172,0.9565628307809539,0.8679077415327052,1.7093456249700725,0.9519600666761492,3.185762039855688,2.987605306515303,2.5711028672752523,3.1567491485410124,1.7622824008547322
2026-01-05 10:00:00,2.2344760756562883,1.7546484019783346,2.2286678908095223,2.169925959736488,0.9895105299749244,0.7079471199679307,2.546305209758407,1.131678111072625,3.722529486513477,2.0435977582720946
2026-01-05 11:00:00,1.750083499397578,3.839858053913357,2.424147568983031,0.8506551957835372,2.777728108400214,0.7079471199679307,2.3082331617765726,0.7509937992349851,2.587585800608333,2.344231166002058
2026-01-05 12:00:00,2.7644781655995163,2.737463034972938,2.3937015304796483,3.3064946334910017,4.240786504567924,2.145676124511802,2.831921124349684,2.875311650379369,2.8781469456466797,2.110947400069932
2026-01-05 13:00:00,0.8526549300597417,0.8533017897585239,0.8850445644218041,0.8506551957835372,0.9519600666761492,2.6909913940815056,2.4002627490834905,2.4652038459459984,3.297751457059101,2.237236506924902
2026-01-05 14:00:00,1.2557400192121104,0.8533017897585239,1.6952253166945255,2.2298083371338584,0.9519600666761492,1.71005621774197,3.1797569652886897,1.654237758162401,2.3739623194968527,2.1918031294293354
2026-01-05 15:00:00,1.1807329891220144,2.343102027617304,3.2552380243586914,1.6552381505809104,3.161294227731096,2.4637822549109667,0.914341145700802,1.8925202204857419,2.966646909102447,3.2135981073477167
2026-01-05 16:00:00,0.8526549300597417,2.429808064117661,2.2816626961992035,2.8296433381486064,2.3742491375238424,0.7079471199679307,4.114535155653609,1.0751211642724314,2.8926007586859757,2.848237834357575
2026-01-05 17:00:00,1.9817441510018368,2.8311849004795366,1.8827279863591289,0.8506551957835372,3.8751640554379065,0.7079471199679307,1.3813635610258355,1.5552853373412507,1.4548253629816938,1.7111005429215451
2026-01-05 18:00:00,1.9409329042244032,2.173803803322207,3.9055848368971735,0.8506551957835372,0.9519600666761492,3.185762039855688,2.8489306628885225,2.1117225089575555,2.080978971772976,3.4292294692543686
2026-01-05 19:00:00,1.6430488848463272,3.839858053913357,0.9979490130463008,0.9956386890478673,2.640828447188338,1.9753187181433063,1.220059004031093,2.7902073157335483,0.8272287747807727,1.8311275161664555
2026-01-05 20:00:00,1.3640676052464735,1.7377002057358792,0.8679077415327052,0.8506551957835372,0.9519600666761492,1.7471061918641422,3.859901572364738,2.6209254824000374,1.8859124930206352,2.2400253881771848
2026-01-05 21:00:00,0.8526549300597417,0.8640578367526845,2.1425438970991375,0.8506551957835372,2.4147643242160903,1.8665869537776816,2.119896162343228,2.8938669958456336,3.722529486513477,0.977910402218447
2026-01-05 22:00:00,1.1475193199364533,1.2820901380864078,0.8725264448821614,1.434268971753177,3.0698307167767456,1.6783838960075232,2.4432333157340564,3.0680063661875976,2.950032124701872,3.5635441851871748
2026-01-05 23:00:00,1.2382209575214629,2.7538681783843635,0.8679077415327052,3.8279483810259176,3.682313406751686,2.8685321501134706,0.0,2.3234253859810865,3.519013119606188,1.076395241795775
2026-01-06 00:00:00,0.0,0.0,0.0,0.0,0.0,0.0,0.0,0.0,0.0,0.0
2026-01-06 01:00:00,0.0,0.0,0.0,0.0,0.0,0.0,0.0,0.0,0.0,0.0
2026-01-06 02:00:00,0.0,0.0,0.0,0.0,0.0,0.0,0.0,0.0,0.0,0.0
2026-01-06 03:00:00,0.0,0.0,0.0,0.0,0.0,0.0,0.0,0.0,0.0,0.0
2026-01-06 04:00:00,0.0,0.0,0.0,0.0,0.0,0.0,0.0,0.0,0.0,0.0
2026-01-06 05:00:00,0.0,0.0,0.0,1.5878482646395244,0.0,0.0,0.0,3.834457041819828,0.0,0.0
2026-01-06 06:00:00,2.3641581257711466,2.8603366932368974,3.004358821453531,2.063223020335002,1.0046942178973173,3.106493306592013,0.0,2.9860272639111423,3.925982827100952,0.7386139256810552
2026-01-06 07:00:00,2.4882182476776875,1.3421191587263466,2.1837218821399946,2.421289100937558,2.6886269099346864,0.990757343069451,2.221081500812255,1.0099688687587145,1.3992009116834947,2.337307387109703
2026-01-06 08:00:00,1.9918192770481042,0.8243902968170034,2.4564392729659095,3.3593587273328147,1.7390781460192568,1.7041663718684001,2.8186754480716347,2.6425213384306985,2.116496480334345,3.1072740756459494
2026-01-06 09:00:00,1.0953804076660918,0.8243902968170034,1.441760516935953,2.7785222970728802,4.290785980534552,0.990757343069451,4.136419486615065,2.1637342768887096,1.7743731696570366,1.3545445507143006
2026-01-06 10:00:00,2.0634869884306197,2.658929613381955,1.4052474139699103,1.375105121704293,3.401716338880113,4.458408043812529,1.6637574792520304,2.8312163868689573,2.9283836915867987,1.7585107312003192
2026-01-06 11:00:00,2.1931862466883527,3.5410118543222,1.7859338995421914,3.309487572969418,1.7037447934479084,2.584264945528325,1.3195786526285445,0.9851293555015571,3.9209232127244995,1.9488419107221697
2026-01-06 12:00:00,4.929211834497413,0.8243902968170034,1.0337033262394462,2.1100430802750814,1.0046942178973173,1.4615678926993596,4.136419486615065,0.9851293555015571,3.4658578564619056,1.7672284311050483
2026-01-06 13:00:00,1.8155133730102464,0.8243902968170034,1.0337033262394462,2.801229712062743,1.1067875440647343,2.864370822939988,2.735373840396225,3.1829066503581687,4.449802091663056,0.7386139256810552
2026-01-06 14:00:00,2.554002237028162,0.9744016411370853,4.027823703259293,4.0429177731279236,1.4941200008153628,1.6232541480073353,3.828406134318021,2.460137796706228,3.7793136132545193,3.323762665564748
2026-01-06 15:00:00,2.051229544023908,2.4153107172083845,2.4336835293132406,1.93452306060396,1.0046942178973173,0.990757343069451,0.9192043303589034,1.3838129393631633,1.569801340334101,1.26185715706882
2026-01-06 16:00:00,1.0953804076660918,2.9220501537367958,3.491234526333283,0.8984261718062053,2.8169430839514176,2.8424587869037126,3.140756697087005,4.115080186727052,2.4529133327511308,0.8969037366778384
2026-01-06 17:00:00,3.8118724911380237,1.1357611274191792,2.46575796632137,1.2968041687402427,1.0046942178973173,1.6855014583285037,2.1657527170173907,4.433082099757007,2.1163345068417354,1.2962037495294632
2026-01-06 18:00:00,3.22741633443788,0.8243902968170034,1.0337033262394462,1.2753839527837203,1.671130462874068,1.0267911813878352,0.9192043303589034,1.340404694019288,1.8136598960637438,3.323762665564748
2026-01-06 19:00:00,3.285876806617365,0.8243902968170034,3.842189581153214,2.5388604914948787,3.408497071043138,2.8027990372577096,1.770856491852496,2.7920052406256914,2.7099046297393348,2.6470257396420265
2026-01-06 20:00:00,1.0953804076660918,1.4255449841157122,2.292299538260392,3.606920976131655,3.367252368795018,1.9948762199865102,2.9433166883521245,1.2829712927146986,2.483880887814719,1.6993331077383735
2026-01-06 21:00:00,4.200580379431228,0.8243902968170034,1.782807218625636,1.8520580688814294,1.0818435897433887,4.458408043812529,2.3336978898653813,3.3676808190791694,3.8562447311290806,0.7386139256810552
2026-01-06 22:00:00,1.0953804076660918,0.8243902968170034,4.041972356052039,0.8984261718062053,2.6493070248677077,3.41078696736624,0.9192043303589034,0.9851293555015571,1.8494849131124511,2.271076016471652
2026-01-06 23:00:00,2.9805957387343414,1.2655408297094841,3.9459836475104266,2.7631049736557833,3.93919656981009,0.990757343069451,0.0,1.4334291393916623,1.8402293067607922,1.7470216025802674
2026-01-07 00:00:00,0.0,0.0,0.0,0.0,0.0,0.0,0.0,0.0,0.0,0.0
2026-01-07 01:00:00,0.0,0.0,0.0,0.0,0.0,0.0,0.0,0.0,0.0,0.0
2026-01-07 02:00:00,0.0,0.0,0.0,0.0,0.0,0.0,0.0,0.0,0.0,0.0
2026-01-07 03:00:00,0.0,0.0,0.0,0.0,0.0,0.0,0.0,0.0,0.0,0.0
2026-01-07 04:00:00,0.0,0.0,0.0,0.0,0.0,0.0,0.0,0.0,0.0,0.0
2026-01-07 05:00:00,0.0,0.0,1.9118199148186235,0.0,0.0,0.0,0.0,0.0,0.0,2.3792944496618222
2026-01-07 06:00:00,0.0,2.192924148114208,2.6542021150623385,0.8331658483524893,0.0,1.7954723260914989,2.2895429263513463,3.1697073653444265,1.4625418866124464,1.2597203540606952
2026-01-07 07:00:00,0.0,4.074595366466143,2.1179772527464165,0.8331658483524893,1.0301412470671467,2.1206323519291748,1.41261508015189,4.680574301411907,3.6102690461939706,1.400856051444664
2026-01-07 08:00:00,1.2212187172874196,1.7861031863821906,2.47388100212635,3.0244354561184257,0.929730833579703,3.879765907797221,1.3471102829947947,4.02234809588806,2.338994491261332,2.950881211967325
2026-01-07 09:00:00,0.9906412807150194,2.5980608905071483,1.556542612815645,0.8331658483524893,1.1122149466379576,3.8215798108017274,1.9271325002467432,3.651735760761758,1.903145346746216,0.7570179681302686
2026-01-07 10:00:00,1.9947438514518998,2.086153594254323,0.8625303769163701,0.8331658483524893,1.6472090125724725,3.7654263970377713,2.7294372332466397,4.608577476407765,2.1727406102117004,2.405901506551477
2026-01-07 11:00:00,0.9906412807150194,2.40512044122331,0.8261873982808547,1.965740116190915,2.185445939883377,3.5204605514762033,2.7779937917049984,4.486524262707812,0.8022820102653269,1.532808207075012
2026-01-07 12:00:00,2.5424349483820143,2.2432045393703937,2.418767104511074,0.8331658483524893,3.641309438205441,3.6614647436989953,0.9014817652087219,1.555596477396098,2.2865007089035077,1.4737808853155967
2026-01-07 13:00:00,0.9906412807150194,3.9781300222051996,0.9589859158855275,1.4035848218055016,1.7368995520516517,3.879765907797221,2.6046328692268172,2.1451121094883203,3.6102690461939706,1.4372392905956217
2026-01-07 14:00:00,3.9978918494476443,0.9465127414909991,3.317300063327983,3.2397814021514693,1.9015883320556604,2.4794557569968534,0.9014817652087219,3.2327825778497234,3.6102690461939706,1.9123227374464429
2026-01-07 15:00:00,0.9906412807150194,0.9465127414909991,1.8844622023832234,1.7157872365256073,0.8091798751567647,3.879765907797221,3.054115078289472,2.0882191803722834,3.4205972836573304,1.975878093966136
2026-01-07 16:00:00,1.4665315130875265,3.8359505011952795,1.8170706122882445,0.8331658483524893,2.9660588371572265,3.5362137794635675,0.9014817652087219,3.1948172118973703,2.162071594627171,2.453725301901279
2026-01-07 17:00:00,3.0020898614777107,0.9465127414909991,2.4580934930495046,3.749246317586201,1.0175754780225654,2.618630493401119,1.8467118716926914,1.0960742650218298,0.8022820102653269,2.616218381348364
2026-01-07 18:00:00,0.9906412807150194,0.9465127414909991,2.349487994936561,1.488986470143092,0.857309429087859,1.7431573065661836,2.651148625206674,1.0401276225359795,2.2451583532441597,2.096289440917147
2026-01-07 19:00:00,2.2096083482389965,0.9465127414909991,2.416310203691457,1.0615777573710523,0.8091798751567647,1.7636234287438193,3.869728659260821,3.6589398083212576,1.4032968367626153,2.1493790392599488
2026-01-07 20:00:00,3.6695828249981313,2.616651701818354,1.3040133117126378,2.734129956759589,1.7334306116677352,2.217980616931161,2.057886495628249,1.0401276225359795,0.9666516133034379,3.4065808565862086
2026-01-07 21:00:00,0.9906412807150194,2.5597256902170007,2.724254143742767,1.5161628902782498,2.5419706615147244,0.8621702017327156,3.1755533185859552,2.1661576161091007,3.6102690461939706,2.8104110022320197
2026-01-07 22:00:00,2.151697842611761,1.8224603880426582,0.8091213144144561,3.4814966825722014,3.526902006431248,1.9557803210453895,3.136010268236849,2.903382825195515,0.9518593723904332,2.642799627887284
2026-01-07 23:00:00,2.253451360910364,2.720173919059435,0.8091213144144561,0.8331658483524893,0.0,0.0,3.7065188393001978,4.680574301411907,2.2775060967144807,0.7570179681302686
2026-01-08 00:00:00,0.0,0.0,0.0,0.0,0.0,0.0,0.0,0.0,0.0,0.0
2026-01-08 01:00:00,0.0,0.0,0.0,0.0,0.0,0.0,0.0,0.0,0.0,0.0
2026-01-08 02:00:00,0.0,0.0,0.0,0.0,0.0,0.0,0.0,0.0,0.0,0.0
2026-01-08 03:00:00,0.0,0.0,0.0,0.0,0.0,0.0,0.0,0.0,0.0,0.0
2026-01-08 04:00:00,0.0,0.0,0.0,0.0,0.0,0.0,0.0,0.0,0.0,0.0
2026-01-08 05:00:00,0.0,2.5140853232235365,0.0,0.0,0.0,0.0,0.0,0.0,0.0,0.0
2026-01-08 06:00:00,2.1533500620958668,1.405833380505801,0.0,1.3209606953399287,2.472252387303195,0.0,3.536654389754,3.692228757298175,2.3145462201837,0.0
2026-01-08 07:00:00,2.0945836510420643,0.949317049926411,3.0774933833925533,2.1151090979985634,2.1768671864370717,2.062464158467834,1.6562021444567794,2.225851008655412,1.3067636660979955,2.4713948876003102
2026-01-08 08:00:00,2.215872766600233,0.949317049926411,0.9295487397240777,0.8110765444688032,2.1778568358968657,0.9805949374568872,2.6250278687616073,2.05387897858664,2.1190088739359343,0.854804529285786
2026-01-08 09:00:00,0.9260190957598161,0.949317049926411,1.0628606613694327,1.8712125864787361,0.8043853131536324,0.8315107792055421,2.3585133487690952,3.817571159593939,1.246050308959928,3.273744818186288
2026-01-08 10:00:00,2.0715290683913996,2.5608908951974043,0.9295487397240777,0.8110765444688032,0.8043853131536324,3.7024193775691154,0.8337202887215377,3.504187172166502,1.1590927128859634,1.5944215269086106
2026-01-08 11:00:00,2.148404978526375,1.5807467239430877,0.9295487397240777,2.664312412469135,2.257725002075355,1.6524260750712796,3.459959236290221,1.7590319978393456,2.9400467786685853,3.846620381786037
2026-01-08 12:00:00,0.9260190957598161,0.949317049926411,1.7987536095939565,1.5874007603886358,2.1462290293151765,3.7417985064249395,2.598820169459062,0.848349146576431,2.44861879362134,2.883700184601622
2026-01-08 13:00:00,4.13632562094205,0.949317049926411,2.6243596123386923,2.31982760397024,0.8043853131536324,0.8315107792055421,2.3879884160045264,3.4002192190369365,2.6554885777075716,1.471326461734604
2026-01-08 14:00:00,2.3768890883546607,0.949317049926411,1.9540718393682157,0.9149937486611439,1.4844374378985523,3.7417985064249395,1.1703987297617515,2.7961810040429445,1.9707927646064545,3.475892825327898
2026-01-08 15:00:00,0.9260190957598161,1.43022212310332,1.6834834630532132,1.498048469011458,0.8043853131536324,2.4407105907944255,1.4429623507438845,2.808872336074954,3.240565464570659,1.4214697196946044
2026-01-08 16:00:00,2.607850973173294,1.0997610296070686,2.7126046842708798,0.9848122625968909,0.8043853131536324,0.8315107792055421,1.1030100957347895,0.848349146576431,1.8865071146224126,1.810715192379128
2026-01-08 17:00:00,0.9260190957598161,3.2198291464414592,1.4480782474143405,2.314202553032999,2.7178325069360385,0.8315107792055421,2.69291836236286,3.0864366607890266,1.329722681841297,1.8566846235701704
2026-01-08 18:00:00,2.7728442480639868,1.7515986840010216,3.16469125469572,0.8110765444688032,0.9858148900993506,3.5484119678599533,1.195888280267951,1.7552206161716537,1.1264973634137694,3.7043540878819874
2026-01-08 19:00:00,3.2424400893872756,0.949317049926411,3.9159509345847283,1.2215871076743525,1.4500834539486713,0.8315107792055421,3.75174129924692,3.2342736805407992,0.9017251928584186,0.854804529285786
2026-01-08 20:00:00,0.9260190957598161,1.2783110775000333,1.057789269012786,2.5020138410168564,1.5066402593219,3.1346455180477055,1.3806469405525692,2.511494955325385,1.7337271673668802,2.2354049389378114
2026-01-08 21:00:00,2.9956795685472537,3.036080197935209,2.3449531380216033,2.34163944189076,1.8927406163897411,3.3449127336423814,0.8337202887215377,0.848349146576431,1.8666882902876227,0.854804529285786
2026-01-08 22:00:00,2.2997183871261337,2.1177857216191818,0.0,0.0,2.8044973648954974,2.3422199625888744,2.7176399157114086,2.4461609045720105,3.240565464570659,1.7108329527460167
2026-01-08 23:00:00,0.0,0.949317049926411,0.0,0.0,0.0,3.434522226964019,1.2046933334527687,2.6876993637215,2.5426020709790746,2.048659667909663
2026-01-09 00:00:00,0.0,0.0,0.0,0.0,0.0,0.0,0.0,0.0,0.0,0.0
2026-01-09 01:00:00,0.0,0.0,0.0,0.0,0.0,0.0,0.0,0.0,0.0,0.0
2026-01-09 02:00:00,0.0,0.0,0.0,0.0,0.0,0.0,0.0,0.0,0.0,0.0
2026-01-09 03:00:00,0.0,0.0,0.0,0.0,0.0,0.0,0.0,0.0,0.0,0.0
2026-01-09 04:00:00,0.0,0.0,0.0,0.0,0.0,0.0,0.0,0.0,0.0,0.0
2026-01-09 05:00:00,0.0,0.0,0.9525912571488727,0.0,0.0,0.0,0.0,3.2497283134462536,0.0,0.0
2026-01-09 06:00:00,0.7220936026833816,0.7628384434935622,1.8839342056812947,1.9167716606232938,0.7790228542748685,2.2585842104674505,2.829193582648332,2.409700397843914,0.0,1.7405007740833613
2026-01-09 07:00:00,0.7220936026833816,0.7628384434935622,0.7313255487184113,0.6093918676670637,1.3459427383759004,1.834095746025385,3.1635827229213556,3.305647378038573,1.58923262032509,2.931058299646443
2026-01-09 08:00:00,1.310423818368,1.5741415412517192,1.276416702592066,0.6093918676670637,1.5336717693089539,1.0670383632787372,1.3580199606137398,2.136446694589644,2.7452060959325855,3.4003163921150357
2026-01-09 09:00:00,1.7226788110836266,1.4922102170744083,0.7313255487184113,0.9638481395799136,2.4034659940391716,2.668388614779644,1.2581979563137373,2.328231518785737,2.794052097196012,3.022071128178715
2026-01-09 10:00:00,1.6591421527525594,0.7628384434935622,1.2638159159679305,1.0878818244446538,1.7967279390710402,0.9416651366457354,3.274821582020861,2.318301685345917,1.6648190861275858,2.097430021246975
2026-01-09 11:00:00,2.201739311845015,2.130584246993124,0.8997543766314167,1.6670375727970632,0.7790228542748685,0.8099722705307126,1.7046631022747452,0.7851390611021101,1.575869059353495,0.8830511627389043
2026-01-09 12:00:00,1.3992351328758639,0.7996831665794869,1.6232444086222924,0.8420795302035852,0.7790228542748685,1.0533211857089226,2.640682051096162,3.3916177429770076,1.9375813155905273,0.9480653160115758
2026-01-09 13:00:00,2.819106870864805,1.139004466058716,0.7313255487184113,0.6093918676670637,1.440540280074099,1.8947132263392967,0.8100297080656946,2.2998461869074585,2.2372574207310656,2.55810322012298
2026-01-09 14:00:00,1.1255586537060587,0.7628384434935622,1.2302618312985423,0.7273364329796889,3.505602844236908,3.180301930931969,1.1808467647240877,2.4141149520151943,3.4305472455219594,3.0998027089659868
2026-01-09 15:00:00,3.2494212120752173,0.9881781591500635,0.7313255487184113,1.5975306426332965,0.7790228542748685,1.7011199104330943,2.4651109237351325,0.7622698145796037,3.5625100142987285,1.5533245950729129
2026-01-09 16:00:00,2.003113598449663,3.43277299572103,1.754721177037813,0.6093918676670637,1.6493863313406913,1.3329023402116036,0.9944347320187179,2.5471965940308494,2.6735738380769614,3.8680817893875803
2026-01-09 17:00:00,0.7220936026833816,2.894012907258501,0.7313255487184113,1.3788077369231075,0.7790228542748685,0.8733028468876421,2.2463313010971704,1.245723668286746,1.8577897521109055,3.973730232325069
2026-01-09 18:00:00,0.7220936026833816,0.7628384434935622,0.7313255487184113,0.6093918676670637,0.8375254801766321,2.980388533195853,2.8484791646668777,3.430214165608217,0.9170664271695416,2.840612961838361
2026-01-09 19:00:00,1.8619724009195777,0.7628384434935622,1.1281641584815485,1.0749615720464116,1.530542921866782,1.4101373572845797,0.9335059767688026,0.7622698145796037,2.830014600774221,2.3842088876892493
2026-01-09 20:00:00,1.1661618870120996,2.5642426325168994,2.1837749151631662,1.718962871027753,1.6955830717535205,0.9655493375942664,1.3851078352667752,1.5491457550482788,0.9170664271695416,2.4036605710428782
2026-01-09 21:00:00,2.0901798502690516,2.0176218018752374,2.8383158090482254,1.0045812360877264,1.3438137070416007,0.7067337624293265,1.7976043442322742,1.050379928021332,3.1111209585762305,3.733817718748306
2026-01-09 22:00:00,1.8528700577633066,0.7628384434935622,1.601140667701013,2.219560912049496,2.2467746838201528,2.2571072958639933,0.7284099047854417,2.755803990717343,0.9170664271695416,0.0
2026-01-09 23:00:00,1.3146353336814094,1.4999535870316116,1.296732904103268,0.0,0.0,1.0265521081650344,0.0,1.208823526357,2.756337973024176,0.0
2026-01-10 00:00:00,0.0,0.0,0.0,0.0,0.0,0.0,0.0,0.0,0.0,0.0
2026-01-10 01:00:00,0.0,0.0,0.0,0.0,0.0,0.0,0.0,0.0,0.0,0.0
2026-01-10 02:00:00,0.0,0.0,0.0,0.0,0.0,0.0,0.0,0.0,0.0,0.0
2026-01-10 03:00:00,0.0,0.0,0.0,0.0,0.0,0.0,0.0,0.0,0.0,0.0
2026-01-10 04:00:00,0.0,0.0,0.0,0.0,0.0,0.0,0.0,0.0,0.0,0.0
2026-01-10 05:00:00,0.0,0.0,0.0,0.0,0.0,0.0,0.0,2.816453628270359,0.0,0.0
2026-01-10 06:00:00,0.0,0.0,1.6748254304483128,0.0,0.0,0.0,0.0,2.6440756885728134,0.0,0.0
2026-01-10 07:00:00,1.8442523475983812,0.0,0.5616957692519989,0.0,0.0,0.0,0.0,1.117609618551025,0.5455885195912905,0.0
2026-01-10 08:00:00,0.8336591182005426,2.4636391269170246,0.9681534811118933,2.5038042052088856,1.4400874885968555,1.5481778487414393,3.998950531809514,1.70860277876311,1.7351930841268144,2.091558942589542
2026-01-10 09:00:00,1.7976958230252928,0.9153753394172287,1.4993589944100318,1.324499573430482,0.8527167949521739,1.4011848478508364,0.8886556737354476,1.1845683351458072,1.9754273999336813,0.9749297737379193
2026-01-10 10:00:00,2.039095375616539,1.2319331998955554,0.5616957692519989,0.9225417211805731,1.0188287515300043,1.3312632819406847,1.2294104101297922,1.129234033784795,0.759818901504725,2.8314199147483534
2026-01-10 11:00:00,0.8336591182005426,1.232130828769229,1.0832637563220595,3.6826266060155257,1.8417941695174227,0.646683644704481,3.265601876812706,1.749307524519335,1.9021731400599324,3.773236001614403
2026-01-10 12:00:00,1.7755561759506349,3.3948840870992387,0.7506804330808949,3.189383040395352,2.6370313781210557,0.9197261684047269,1.948357206749229,1.1067217007544703,1.2638190032625518,0.8384968892476452
2026-01-10 13:00:00,1.6668638093816335,2.4729118025277907,1.6600936480856479,1.9569657051559204,0.8020325650748517,0.9084085350978023,2.629717839737808,0.8222488608379495,0.5534812006562628,0.96464187360595
2026-01-10 14:00:00,0.8336591182005426,1.506423950100623,2.5276309616339954,1.2677786699963387,0.8022625207628201,1.3395497032276162,2.991468128076456,1.4274477742087828,0.7982418241826463,3.773236001614403
2026-01-10 15:00:00,2.0077677360721973,0.8192693590533594,1.2410824406648695,0.9225417211805731,0.8020325650748517,0.9105347427147373,3.115606705674484,2.3564699672022185,0.8395660719658155,2.543755968013212
2026-01-10 16:00:00,2.2387672845174107,3.686712115740117,0.5616957692519989,1.733192711336472,0.8020325650748517,1.8174714267788648,3.6092934674986066,1.3883191325249356,0.7722724648146295,3.520913372426305
2026-01-10 17:00:00,2.8330779249848432,2.54458257729079,0.7844980130960599,3.559207145847838,1.0202568558949099,0.43852550527455453,2.3438209631680906,1.810415913795511,1.7047414169607291,0.8384968892476452
2026-01-10 18:00:00,2.7997939630543103,0.8192693590533594,2.5276309616339954,3.6003518758204103,0.8020325650748517,1.0195126833176944,0.8886556737354476,0.6258785840600798,2.251972201085894,2.307841804676297
2026-01-10 19:00:00,0.0,0.0,2.5276309616339954,0.0,1.892281803845195,1.9733647737354953,2.842236538891371,0.6258785840600798,0.0,0.0
2026-01-10 20:00:00,0.0,0.0,0.5616957692519989,0.0,0.0,1.826442853707737,0.0,0.0,0.0,0.0
2026-01-10 21:00:00,0.0,0.0,0.0,0.0,0.0,1.3009600269179824,0.0,0.0,0.0,0.0
2026-01-10 22:00:00,0.0,0.0,0.0,0.0,0.0,0.0,0.0,0.0,0.0,0.0
2026-01-10 23:00:00,0.0,0.0,0.0,0.0,0.0,0.0,0.0,0.0,0.0,0.0
2026-01-11 00:00:00,0.0,0.0,0.0,0.0,0.0,0.0,0.0,0.0,0.0,0.0
2026-01-11 01:00:00,0.0,0.0,0.0,0.0,0.0,0.0,0.0,0.0,0.0,0.0
2026-01-11 02:00:00,0.0,0.0,0.0,0.0,0.0,0.0,0.0,0.0,0.0,0.0
2026-01-11 03:00:00,0.0,0.0,0.0,0.0,0.0,0.0,0.0,0.0,0.0,0.0
2026-01-11 04:00:00,0.0,0.0,0.0,0.0,0.0,0.0,0.0,0.0,0.0,0.0
2026-01-11 05:00:00,0.0,0.0,0.0,0.0,0.0,0.0,0.0,0.0,0.0,0.0
2026-01-11 06:00:00,1.69670650850576,0.0,0.0,0.0,1.5490199867867618,0.0,0.0,1.4173025532209107,0.0,0.0
2026-01-11 07:00:00,2.9108130341286103,3.802262552286091,2.262444128347564,1.0771054926073833,1.692227635441075,0.0,0.0,1.8527653446091459,1.8535496983820163,0.0
2026-01-11 08:00:00,1.7460127415692965,1.8315156573990488,1.4020482820481186,0.7720955823416527,2.890720091968245,2.2436001558002885,0.6477318069845294,0.6570867353325787,1.7800783702820324,2.500264849488927
2026-01-11 09:00:00,2.2445907387472475,1.30468000982324,1.2658390813539169,2.747707065864925,0.6423822426596101,1.2182994325123526,1.4663846487374375,1.8947666328617896,1.1383107857401056,1.2493699259018425
2026-01-11 10:00:00,2.084279527448041,2.291043530587069,1.764915558983312,1.381061550236794,2.3228840843890826,1.4126865329007876,0.928615070583958,1.6102034296742822,1.243870004729337,3.4639933827358362
2026-01-11 11:00:00,1.8170905984290797,1.6389801087710987,1.2976815219164928,3.0925528828986772,0.8627172917016517,1.9623751667269511,1.521912653143719,2.547961886322328,1.7401533928336799,3.205453596926958
2026-01-11 12:00:00,0.9635809805053105,3.8221398738283736,1.0711452136708264,2.5616432953725057,1.1376864305113827,2.68236246542955,1.9129379610081003,2.0618046206609173,2.137480684674063,3.4639933827358362
2026-01-11 13:00:00,1.9120762027475242,2.230085308133788,1.2446861979236798,3.0724886406667893,0.6423822426596101,1.6382742946537214,2.914793131430382,0.6721043024259358,2.136102947810204,3.4129140015691846
2026-01-11 14:00:00,0.646847340917469,0.9897411544105044,1.2736105108744542,1.3427909478301614,1.782988976316121,2.495713965679223,1.6745628368279788,1.6002792718444037,1.5655743879495012,2.1021457772730683
2026-01-11 15:00:00,1.0328487061038985,2.3541343235932737,1.4455366401154561,1.8172884885731067,0.6423822426596101,3.1038241658810413,2.238455523304634,0.6570867353325787,1.7957508829918198,0.7697763072746303
2026-01-11 16:00:00,0.8133967903636096,1.3855532976550837,0.9713841714797874,0.9509411833615917,2.3392104008138745,2.698786169984211,2.2097324799079825,1.1943125716719316,2.454663652318533,2.092740635863536
2026-01-11 17:00:00,1.3142373892269505,1.3848288853553135,2.245809169531934,0.7720955823416527,0.6423822426596101,2.4692362350312815,1.7070149341814278,2.9182166995831156,3.0666213210125197,3.4639933827358362
2026-01-11 18:00:00,2.9108130341286103,3.811507270102424,2.13308452487206,0.7720955823416527,1.4110005592840351,3.1038241658810413,2.5531971423742803,0.7307577615505106,0.0,1.5866091907305988
2026-01-11 19:00:00,0.646847340917469,0.0,0.5615931401761779,0.7720955823416527,0.6423822426596101,0.0,0.0,1.3942825441319318,0.0,2.8321457566514234
2026-01-11 20:00:00,0.0,0.0,0.0,0.0,0.0,0.0,0.0,0.0,0.0,0.0
2026-01-11 21:00:00,0.0,0.0,0.0,0.0,0.0,0.0,0.0,0.0,0.0,0.0
2026-01-11 22:00:00,0.0,0.0,0.0,0.0,0.0,0.0,0.0,0.0,0.0,0.0
2026-01-11 23:00:00,0.0,0.0,0.0,0.0,0.0,0.0,0.0,0.0,0.0,0.0
2026-01-12 00:00:00,0.0,0.0,0.0,0.0,0.0,0.0,0.0,0.0,0.0,0.0
2026-01-12 01:00:00,0.0,0.0,0.0,0.0,0.0,0.0,0.0,0.0,0.0,0.0
2026-01-12 02:00:00,0.0,0.0,0.0,0.0,0.0,0.0,0.0,0.0,0.0,0.0
2026-01-12 03:00:00,0.0,0.0,0.0,0.0,0.0,0.0,0.0,0.0,0.0,0.0
2026-01-12 04:00:00,0.0,0.0,0.0,0.0,0.0,0.0,0.0,0.0,0.0,0.0
2026-01-12 05:00:00,0.0,0.0,0.0,0.0,0.0,0.0,0.0,0.0,0.0,0.897954704801061
2026-01-12 06:00:00,1.8030539247350477,0.5430190542126159,0.0,1.3480338192455141,1.9667732364899175,0.0,0.0,0.0,0.8583403802801124,2.4745593582502368
2026-01-12 07:00:00,0.8980505073445615,0.5430190542126159,1.7095830921315933,2.5267892758123827,2.475777085541437,2.281986560494012,0.9605888555972143,2.075005843647832,1.4811503151834546,1.2922905403764195
2026-01-12 08:00:00,0.8980505073445615,0.8398505091550473,1.0434862124134925,1.180085440958968,2.9477856695429363,0.6521072164514033,1.8259078530915547,1.6263951063212203,1.9452448041798736,1.3776687568724042
2026-01-12 09:00:00,2.557334359998234,1.747755991528642,3.5510996929365346,2.7919863011352906,1.8375350090212943,1.0281113659339542,4.322649850187464,2.9953432486574183,2.7353006021493864,1.7976817698945526
2026-01-12 10:00:00,0.8980505073445615,1.3974706295649366,1.132343376011096,3.0149047113884104,0.9045304023913026,1.3824853197199072,4.322649850187464,2.517032319599636,3.8625317112605058,0.9884075742724038
2026-01-12 11:00:00,1.9896003426552498,1.5005861808970777,2.7849559864530113,1.5070927682562814,1.5124095575172822,1.5520289874699393,2.0028980242971866,2.6609456272087746,3.002810373623193,2.0009546700176615
2026-01-12 12:00:00,1.7801207101381826,1.2725833038940524,2.969520331823829,1.7468021507039913,2.2427034782742745,2.8905116027813067,2.5840821349342162,1.4977697794365,3.707965433500784,1.2226777914146374
2026-01-12 13:00:00,0.9254998930433084,2.150964233543106,0.7891332650970078,1.6037678188565394,2.449798680708812,0.6521072164514033,2.8833531638073877,3.421656711977363,2.481580215046411,1.5601775596894993
2026-01-12 14:00:00,4.041227283050526,0.9350631380267955,1.1892211638748573,2.634507035033581,2.156562065802789,2.75786414443745,2.3650297584780935,1.1899083713540064,1.8209378531634801,1.3041625435429844
2026-01-12 15:00:00,2.5013395980665583,1.3699613888126594,1.7426903365373634,1.992447415189355,2.279216778893173,2.3356680524600817,2.4205699490489883,2.181942960371663,0.8583403802801124,1.3887790468003327
2026-01-12 16:00:00,0.8980505073445615,0.8591239107403957,0.7891332650970078,2.282397113672183,0.9045304023913026,0.6521072164514033,2.987754861579782,3.6225132887533156,1.2563271952276178,0.8959270538274415
2026-01-12 17:00:00,1.9528199341477974,1.6167679957627858,2.137783326249198,0.8354250194367985,2.8115619039658473,1.4935495899074238,1.6547708091940307,1.5903149591707015,2.3031465418546797,1.473126976033484
2026-01-12 18:00:00,0.9130133539523031,0.5430190542126159,1.298771537249789,0.8354250194367985,2.667415547839754,1.5573728030793976,2.829716408600778,3.421459292782858,2.521357859618379,0.58292199764189
2026-01-12 19:00:00,2.769202951801499,1.460523032073599,2.1808542749228126,1.9649514225557603,1.6053313804332325,2.4179957131410306,2.532517300828508,3.488444842603244,2.9318185221307633,1.7437588020993686
2026-01-12 20:00:00,0.8980505073445615,0.8942324712290142,1.8204511947762612,1.932240710162524,0.9045304023913026,1.8841670712923253,3.4868298746244135,2.4161626324542613,3.364789905481168,1.3803047532345616
2026-01-12 21:00:00,1.5836085760246557,2.290266662982481,3.5233840586982352,0.8354250194367985,0.9045304023913026,2.8169931333846177,0.9605888555972143,2.8735065860483004,1.7078447405616684,0.58292199764189
2026-01-12 22:00:00,2.3432900461557034,1.0823472208308034,2.8929965939687117,2.6774086172090588,0.9045304023913026,1.381894229934143,1.0827196777966626,1.6903904018175895,0.0,2.623148989388505
2026-01-12 23:00:00,2.7855334058088683,0.7334791377019279,1.703390267623347,1.2705440119815208,0.9045304023913026,2.934482474031315,2.9480733594153716,1.2868318054883225,0.0,0.58292199764189
2026-01-13 00:00:00,0.0,0.0,0.0,0.0,0.0,0.0,0.0,0.0,0.0,0.0
2026-01-13 01:00:00,0.0,0.0,0.0,0.0,0.0,0.0,0.0,0.0,0.0,0.0
2026-01-13 02:00:00,0.0,0.0,0.0,0.0,0.0,0.0,0.0,0.0,0.0,0.0
2026-01-13 03:00:00,0.0,0.0,0.0,0.0,0.0,0.0,0.0,0.0,0.0,0.0
2026-01-13 04:00:00,0.0,0.0,0.0,0.0,0.0,0.0,0.0,0.0,0.0,0.0
2026-01-13 05:00:00,0.0,0.0,0.0,0.0,0.0,0.0,0.0,0.0,0.0,0.0
2026-01-13 06:00:00,3.088368934037856,2.471273482473178,0.0,3.4346054959291017,1.9254172052556455,0.9765220002214073,3.781517659288564,3.7035790416482994,0.8938856493495686,0.0
2026-01-13 07:00:00,1.7637857111773132,0.7775249882501428,0.8787315072986225,1.5302816601852016,1.1194490022960792,3.101107239015631,2.644358275694448,1.829869193138904,4.005281413237904,0.5422216616110513
2026-01-13 08:00:00,0.7132747031233324,2.2207817579309066,1.4030124982417294,1.9649125615620395,1.525954227750205,2.457825013007675,1.3678982219635236,3.7035790416482994,2.932944774121131,0.976195501399186
2026-01-13 09:00:00,2.263136151135198,0.8383141846722745,0.8787315072986225,1.6407891118680709,2.695141329859714,3.0284583260834124,2.5142228920693457,2.3546067876127914,2.683965248080942,2.2491012998360733
2026-01-13 10:00:00,3.209736164054996,1.5553697597870202,1.6482417079339964,2.6646208751409786,1.080136798187662,2.352440179190018,0.8403372576196809,2.6423846144132015,0.8938856493495686,0.5422216616110513
2026-01-13 11:00:00,2.3747162257563144,2.235600710644937,0.8787315072986225,1.8198306039793803,1.9785080050206838,3.4036367685780053,2.3743421606596757,2.9661578772724075,2.850515111422308,1.4780518113026802
2026-01-13 12:00:00,0.7132747031233324,2.947239346806337,3.2234410752507694,0.7632456657620226,2.1694403596348995,2.5833726491549998,3.0367440175651805,2.2663007971588827,4.022485422073058,1.5744356744961048
2026-01-13 13:00:00,0.8980274666143753,1.2456972831820596,2.0359098504256323,0.7632456657620226,0.7087921644301564,2.809466228784131,1.041769514272579,0.8937287877234111,1.7786753736328815,0.9531384600462087
2026-01-13 14:00:00,2.6029774247607276,0.7775249882501428,3.2003203238717917,1.7921106802203826,1.452644889504127,2.3038373854456364,1.8667353766799677,3.7035790416482994,2.853753095754462,1.2710020197971588
2026-01-13 15:00:00,0.7132747031233324,1.4477176055607774,1.8424023803314797,1.263506316743758,1.3414362627011165,2.500468499688814,1.3066125904493555,2.2513886794938616,3.782288762248356,1.605581310012522
2026-01-13 16:00:00,1.801598888208916,1.113341763875617,3.1706249370366186,3.287683924237523,0.7654815776219256,2.3194012391244287,2.4362596195832857,3.462486501274413,4.022485422073058,1.6835415223095573
2026-01-13 17:00:00,2.1236866136743298,2.804306192140871,2.099832680606033,1.226038083316279,0.7778500069278311,1.9418634383938644,0.8403372576196809,2.4135169988825433,1.5520515438172007,0.7636721998748471
2026-01-13 18:00:00,0.7132747031233324,0.7775249882501428,1.009883652333919,0.7632456657620226,1.1833637493954983,2.991385412451351,1.8936369661126948,2.6204313367853675,3.7494686087201248,0.5422216616110513
2026-01-13 19:00:00,1.311532354627756,0.9060294973454871,3.473975832468024,0.9045898054750611,0.7348406804198521,2.520231330285112,3.00268710288818,1.249379936269507,2.4500241999543575,1.4867774224806682
2026-01-13 20:00:00,0.7132747031233324,1.1959770969758998,2.321636037043593,1.4766941101641016,1.7384350073885488,2.6049290089098314,1.7020108623461976,1.7759126754209327,3.549143984427568,1.041983116120798
2026-01-13 21:00:00,0.7132747031233324,1.4740244685196808,3.096263553635692,0.7632456657620226,0.7087921644301564,1.396783614016679,3.7083654735035396,2.3727849724309236,2.6316088722864164,2.245034285669523
2026-01-13 22:00:00,1.1235820340742046,0.7775249882501428,1.7394141108704182,1.8725381059931054,0.9295578993062601,0.756363726350668,1.3231730334028224,1.2312692015771314,1.7890937937771998,1.4999440174785927
2026-01-13 23:00:00,0.7132747031233324,0.0,1.1643914509842697,1.9979488832085488,0.0,2.460631940756436,0.0,0.8230175648107333,0.0,1.6017265267773761
2026-01-14 00:00:00,0.0,0.0,0.0,0.0,0.0,0.0,0.0,0.0,0.0,0.0
2026-01-14 01:00:00,0.0,0.0,0.0,0.0,0.0,0.0,0.0,0.0,0.0,0.0
2026-01-14 02:00:00,0.0,0.0,0.0,0.0,0.0,0.0,0.0,0.0,0.0,0.0
2026-01-14 03:00:00,0.0,0.0,0.0,0.0,0.0,0.0,0.0,0.0,0.0,0.0
2026-01-14 04:00:00,0.0,0.0,0.0,0.0,0.0,0.0,0.0,0.0,0.0,0.0
2026-01-14 05:00:00,0.0,0.0,2.538071956021224,0.0,0.0,0.0,0.0,0.0,0.0,0.0
2026-01-14 06:00:00,0.0,0.0,0.8330848479707442,1.2413401479389847,0.6251197726336103,1.877124804161457,0.0,1.9355226950669342,3.4053721085120974,1.2490768697699748
2026-01-14 07:00:00,3.1754743665054934,0.8766387839029122,1.539850852649886,1.912696552454422,1.6480965625247583,2.7655198940084613,1.8353932261795318,3.564625654252987,1.9930674467602139,1.2575997213947443
2026-01-14 08:00:00,0.8168763133479545,1.7350027853860301,2.1780978109807116,1.148770805852832,1.626960617093883,1.9566658826979875,1.4657878031794964,0.7921390342784416,1.380059297221012,1.9093828542893927
2026-01-14 09:00:00,2.8653721742617058,1.97234914984296,0.8330848479707442,0.8368512498806646,1.9199513618332678,0.6888705233085031,1.610274705857654,0.7921390342784416,0.8313493309588507,2.227612462300949
2026-01-14 10:00:00,1.5798127547713978,0.6521005531834353,2.2693751073007378,1.2298340118775077,0.6937495883673046,1.7589522378274476,1.0604038336685115,2.6945110253942293,2.3114297796156182,2.847213111796497
2026-01-14 11:00:00,0.8168763133479545,0.6521005531834353,1.9247305633283833,1.332316429158491,2.6124284182664446,2.0526443181463727,2.1717988080177824,0.7921390342784416,1.0117482724792883,2.9998891378215737
2026-01-14 12:00:00,2.0836646086606683,0.7249021203188304,2.691770681787687,1.5851617289034639,0.6900363020988434,0.8850824249738168,1.982936356929063,2.3318159468914548,3.6072394040132716,2.2244279864723655
2026-01-14 13:00:00,1.7903612817278163,0.6521005531834353,0.8330848479707442,3.2436900481070627,1.6931058347873862,1.2972644976111527,3.221024753342896,1.937828278366632,1.5259005861633002,1.3601939162400611
2026-01-14 14:00:00,0.8991389951200895,0.7826966127522736,1.3712415460357077,0.9161115716081828,1.8222991227074643,3.0999173548882633,1.8140220479893392,1.4979335296403562,0.8313493309588507,1.9962398534930257
2026-01-14 15:00:00,1.6462343709742062,1.2261270735979852,0.8330848479707442,1.0734018096178743,1.5881718130993534,1.4714186213300169,3.221024753342896,2.766847561237704,3.043768277100841,0.8713060096613205
2026-01-14 16:00:00,1.1387639252129431,0.8222824650335151,1.4890695876481972,0.7208200106904584,0.8055338691574928,2.9666823310284554,1.8370855778245883,1.0105974833899318,2.67011910695811,2.8552408780901652
2026-01-14 17:00:00,1.6949784672467676,0.8762962304618268,0.9322500789179341,0.7208200106904584,1.1389092779916605,1.7261163380612514,2.5693478795310534,1.0314104079717086,3.4662229376217426,2.666887727249651
2026-01-14 18:00:00,2.3067021714758513,0.6521005531834353,2.610803716448672,1.988008130049352,1.5173614708010572,3.0999173548882633,0.8273735699846801,2.936565254131753,2.1176863422623757,1.1007227954397327
2026-01-14 19:00:00,3.3368686342421947,0.6521005531834353,0.8330848479707442,1.4156224345309922,0.7485548244124576,3.0999173548882633,2.033579341512191,1.222007623135457,1.2887917845317218,1.1912341168294636
2026-01-14 20:00:00,0.8168763133479545,2.1448449180390203,0.8330848479707442,2.4686732365109227,2.208036523761825,3.0999173548882633,2.63595886953384,2.3522193563061897,1.975908420284724,1.2077427664747404
2026-01-14 21:00:00,3.6759434100657957,0.6829469092108472,2.46674274785778,1.892832730136665,1.3557655517281324,3.0999173548882633,0.7157832785206435,2.197629608921364,2.187857509954412,1.2443414512445294
2026-01-14 22:00:00,0.8168763133479545,1.9790493885720308,2.367147585857903,1.7086914034213114,1.0964194654876074,3.0999173548882633,0.7157832785206435,3.499116929147492,3.7410719893148277,1.6824575402506698
2026-01-14 23:00:00,1.3991566509425861,2.159363246202154,0.8330848479707442,0.0,1.6527821003736336,1.977963530101458,0.9234084811983186,1.7160126808374705,0.0,0.6777446418307389
