date,Distance_km_Vehicle_0,Distance_km_Vehicle_1,Distance_km_Vehicle_2,Distance_km_Vehicle_3,Distance_km_Vehicle_4,Distance_km_Vehicle_5,Distance_km_Vehicle_6,Distance_km_Vehicle_7,Distance_km_Vehicle_8,Distance_km_Vehicle_9
2026-01-01 00:00:00,0.0,0.0,0.0,0.0,0.0,0.0,0.0,0.0,0.0,0.0
2026-01-01 01:00:00,0.0,0.0,0.0,0.0,0.0,0.0,0.0,0.0,0.0,0.0
2026-01-01 02:00:00,0.0,0.0,0.0,0.0,0.0,0.0,0.0,0.0,0.0,0.0
2026-01-01 03:00:00,0.0,0.0,0.0,0.0,0.0,0.0,0.0,0.0,0.0,0.0
2026-01-01 04:00:00,0.0,0.0,0.0,0.0,0.0,0.0,0.0,0.0,0.0,0.0
2026-01-01 05:00:00,0.0,0.0,0.0,0.0,0.0,0.0,0.0,0.0,0.0,0.0
2026-01-01 06:00:00,8.04632590937646,6.997782184314128,7.355751024615728,6.37849080936944,7.841257684034989,8.463602027487434,7.5199061454095055,0.0,8.191679286986949,6.95816510653239
2026-01-01 07:00:00,8.04632590937646,6.997782184314128,7.355751024615728,6.37849080936944,7.841257684034989,8.463602027487434,7.5199061454095055,6.753569097834656,8.191679286986949,6.95816510653239
2026-01-01 08:00:00,8.04632590937646,6.997782184314128,7.355751024615728,6.37849080936944,7.841257684034989,8.463602027487434,7.5199061454095055,6.753569097834656,8.191679286986949,6.95816510653239
2026-01-01 09:00:00,8.04632590937646,6.997782184314128,7.355751024615728,6.37849080936944,7.841257684034989,8.463602027487434,7.5199061454095055,6.753569097834656,8.191679286986949,6.95816510653239
2026-01-01 10:00:00,8.04632590937646,6.997782184314128,7.355751024615728,6.37849080936944,7.841257684034989,8.463602027487434,7.5199061454095055,6.753569097834656,8.191679286986949,6.95816510653239
2026-01-01 11:00:00,8.04632590937646,6.997782184314128,7.355751024615728,6.37849080936944,7.841257684034989,8.463602027487434,7.5199061454095055,6.753569097834656,8.191679286986949,6.95816510653239
2026-01-01 12:00:00,8.04632590937646,6.997782184314128,7.355751024615728,6.37849080936944,7.841257684034989,8.463602027487434,7.5199061454095055,6.753569097834656,8.191679286986949,6.95816510653239
2026-01-01 13:00:00,8.04632590937646,6.997782184314128,7.355751024615728,6.37849080936944,7.841257684034989,8.463602027487434,7.5199061454095055,6.753569097834656,8.191679286986949,6.95816510653239
2026-01-01 14:00:00,8.04632590937646,6.997782184314128,7.355751024615728,6.37849080936944,7.841257684034989,8.463602027487434,7.5199061454095055,6.753569097834656,8.191679286986949,6.95816510653239
2026-01-01 15:00:00,8.04632590937646,6.997782184314128,7.355751024615728,6.37849080936944,7.841257684034989,8.463602027487434,7.5199061454095055,6.753569097834656,8.191679286986949,6.95816510653239
2026-01-01 16:00:00,8.04632590937646,6.997782184314128,7.355751024615728,6.37849080936944,7.841257684034989,8.463602027487434,7.5199061454095055,6.753569097834656,8.191679286986949,6.95816510653239
2026-01-01 17:00:00,8.04632590937646,6.997782184314128,7.355751024615728,6.37849080936944,7.841257684034989,8.463602027487434,7.5199061454095055,6.753569097834656,8.191679286986949,6.95816510653239
2026-01-01 18:00:00,8.04632590937646,6.997782184314128,7.355751024615728,6.37849080936944,7.841257684034989,8.463602027487434,7.5199061454095055,6.753569097834656,8.191679286986949,6.95816510653239
2026-01-01 19:00:00,8.04632590937646,6.997782184314128,7.355751024615728,6.37849080936944,7.841257684034989,8.463602027487434,7.5199061454095055,6.753569097834656,8.191679286986949,6.95816510653239
2026-01-01 20:00:00,8.04632590937646,6.997782184314128,7.355751024615728,6.37849080936944,7.841257684034989,8.463602027487434,7.5199061454095055,6.753569097834656,8.191679286986949,6.95816510653239
2026-01-01 21:00:00,8.04632590937646,6.997782184314128,7.355751024615728,6.37849080936944,7.841257684034989,8.463602027487434,7.5199061454095055,6.753569097834656,8.191679286986949,6.95816510653239
2026-01-01 22:00:00,8.04632590937646,6.997782184314128,7.355751024615728,6.37849080936944,7.841257684034989,8.463602027487434,0.0,6.753569097834656,8.191679286986949,6.95816510653239
2026-01-01 23:00:00,8.04632590937646,6.997782184314128,7.355751024615728,6.37849080936944,7.841257684034989,0.0,0.0,0.0,8.191679286986949,6.95816510653239
2026-01-02 00:00:00,0.0,0.0,0.0,0.0,0.0,0.0,0.0,0.0,0.0,0.0
2026-01-02 01:00:00,0.0,0.0,0.0,0.0,0.0,0.0,0.0,0.0,0.0,0.0
2026-01-02 02:00:00,0.0,0.0,0.0,0.0,0.0,0.0,0.0,0.0,0.0,0.0
2026-01-02 03:00:00,0.0,0.0,0.0,0.0,0.0,0.0,0.0,0.0,0.0,0.0
2026-01-02 04:00:00,0.0,0.0,0.0,0.0,0.0,0.0,0.0,0.0,0.0,0.0
2026-01-02 05:00:00,6.885689799761534,6.342967821252388,0.0,7.6990474267433475,0.0,0.0,0.0,0.0,0.0,0.0
2026-01-02 06:00:00,6.885689799761534,6.342967821252388,0.0,7.6990474267433475,7.842161872246976,7.26006223891366,5.748691150527663,8.100048411954665,0.0,0.0
2026-01-02 07:00:00,6.885689799761534,6.342967821252388,8.274658821147657,7.6990474267433475,7.842161872246976,7.26006223891366,5.748691150527663,8.100048411954665,7.394790929730086,7.78746349105548
2026-01-02 08:00:00,6.885689799761534,6.342967821252388,8.274658821147657,7.6990474267433475,7.842161872246976,7.26006223891366,5.748691150527663,8.100048411954665,7.394790929730086,7.78746349105548
2026-01-02 09:00:00,6.885689799761534,6.342967821252388,8.274658821147657,7.6990474267433475,7.842161872246976,7.26006223891366,5.748691150527663,8.100048411954665,7.394790929730086,7.78746349105548
2026-01-02 10:00:00,6.885689799761534,6.342967821252388,8.274658821147657,7.6990474267433475,7.842161872246976,7.26006223891366,5.748691150527663,8.100048411954665,7.394790929730086,7.78746349105548
2026-01-02 11:00:00,6.885689799761534,6.342967821252388,8.274658821147657,7.6990474267433475,7.842161872246976,7.26006223891366,5.748691150527663,8.100048411954665,7.394790929730086,7.78746349105548
2026-01-02 12:00:00,6.885689799761534,6.342967821252388,8.274658821147657,7.6990474267433475,7.842161872246976,7.26006223891366,5.748691150527663,8.100048411954665,7.394790929730086,7.78746349105548
2026-01-02 13:00:00,6.885689799761534,6.342967821252388,8.274658821147657,7.6990474267433475,7.842161872246976,7.26006223891366,5.748691150527663,8.100048411954665,7.394790929730086,7.78746349105548
2026-01-02 14:00:00,6.885689799761534,6.342967821252388,8.274658821147657,7.6990474267433475,7.842161872246976,7.26006223891366,5.748691150527663,8.100048411954665,7.394790929730086,7.78746349105548
2026-01-02 15:00:00,6.885689799761534,6.342967821252388,8.274658821147657,7.6990474267433475,7.842161872246976,7.26006223891366,5.748691150527663,8.100048411954665,7.394790929730086,7.78746349105548
2026-01-02 16:00:00,6.885689799761534,6.342967821252388,8.274658821147657,7.6990474267433475,7.842161872246976,7.26006223891366,5.748691150527663,8.100048411954665,7.394790929730086,7.78746349105548
2026-01-02 17:00:00,6.885689799761534,6.342967821252388,8.274658821147657,7.6990474267433475,7.842161872246976,7.26006223891366,5.748691150527663,8.100048411954665,7.394790929730086,7.78746349105548
2026-01-02 18:00:00,6.885689799761534,6.342967821252388,8.274658821147657,7.6990474267433475,7.842161872246976,7.26006223891366,5.748691150527663,8.100048411954665,7.394790929730086,7.78746349105548
2026-01-02 19:00:00,6.885689799761534,6.342967821252388,8.274658821147657,7.6990474267433475,7.842161872246976,7.26006223891366,5.748691150527663,8.100048411954665,7.394790929730086,7.78746349105548
2026-01-02 20:00:00,6.885689799761534,6.342967821252388,8.274658821147657,7.6990474267433475,7.842161872246976,7.26006223891366,5.748691150527663,8.100048411954665,7.394790929730086,7.78746349105548
2026-01-02 21:00:00,6.885689799761534,6.342967821252388,8.274658821147657,7.6990474267433475,7.842161872246976,7.26006223891366,5.748691150527663,8.100048411954665,7.394790929730086,7.78746349105548
2026-01-02 22:00:00,6.885689799761534,6.342967821252388,8.274658821147657,7.6990474267433475,7.842161872246976,7.26006223891366,5.748691150527663,8.100048411954665,7.394790929730086,7.78746349105548
2026-01-02 23:00:00,6.885689799761534,6.342967821252388,0.0,7.6990474267433475,7.842161872246976,0.0,0.0,8.100048411954665,7.394790929730086,7.78746349105548
2026-01-03 00:00:00,0.0,0.0,0.0,0.0,0.0,0.0,0.0,0.0,0.0,0.0
2026-01-03 01:00:00,0.0,0.0,0.0,0.0,0.0,0.0,0.0,0.0,0.0,0.0
2026-01-03 02:00:00,0.0,0.0,0.0,0.0,0.0,0.0,0.0,0.0,0.0,0.0
2026-01-03 03:00:00,0.0,0.0,0.0,0.0,0.0,0.0,0.0,0.0,0.0,0.0
2026-01-03 04:00:00,0.0,0.0,0.0,0.0,0.0,0.0,0.0,0.0,0.0,0.0
2026-01-03 05:00:00,0.0,0.0,0.0,0.0,0.0,0.0,0.0,0.0,0.0,0.0
2026-01-03 06:00:00,0.0,0.0,0.0,0.0,0.0,5.293776561095975,6.413571221624146,0.0,0.0,6.418064803523582
2026-01-03 07:00:00,5.58244816739478,0.0,0.0,6.652633166335015,4.99381155793642,5.293776561095975,6.413571221624146,0.0,4.962280459545294,6.418064803523582
2026-01-03 08:00:00,5.58244816739478,5.634582031208436,6.024673213299161,6.652633166335015,4.99381155793642,5.293776561095975,6.413571221624146,7.263760107187612,4.962280459545294,6.418064803523582
2026-01-03 09:00:00,5.58244816739478,5.634582031208436,6.024673213299161,6.652633166335015,4.99381155793642,5.293776561095975,6.413571221624146,7.263760107187612,4.962280459545294,6.418064803523582
2026-01-03 10:00:00,5.58244816739478,5.634582031208436,6.024673213299161,6.652633166335015,4.99381155793642,5.293776561095975,6.413571221624146,7.263760107187612,4.962280459545294,6.418064803523582
2026-01-03 11:00:00,5.58244816739478,5.634582031208436,6.024673213299161,6.652633166335015,4.99381155793642,5.293776561095975,6.413571221624146,7.263760107187612,4.962280459545294,6.418064803523582
2026-01-03 12:00:00,5.58244816739478,5.634582031208436,6.024673213299161,6.652633166335015,4.99381155793642,5.293776561095975,6.413571221624146,7.263760107187612,4.962280459545294,6.418064803523582
2026-01-03 13:00:00,5.58244816739478,5.634582031208436,6.024673213299161,6.652633166335015,4.99381155793642,5.293776561095975,6.413571221624146,7.263760107187612,4.962280459545294,6.418064803523582
2026-01-03 14:00:00,5.58244816739478,5.634582031208436,6.024673213299161,6.652633166335015,4.99381155793642,5.293776561095975,6.413571221624146,7.263760107187612,4.962280459545294,6.418064803523582
2026-01-03 15:00:00,5.58244816739478,5.634582031208436,6.024673213299161,6.652633166335015,4.99381155793642,5.293776561095975,6.413571221624146,7.263760107187612,4.962280459545294,6.418064803523582
2026-01-03 16:00:00,5.58244816739478,5.634582031208436,6.024673213299161,6.652633166335015,4.99381155793642,5.293776561095975,6.413571221624146,7.263760107187612,4.962280459545294,6.418064803523582
2026-01-03 17:00:00,5.58244816739478,5.634582031208436,6.024673213299161,6.652633166335015,4.99381155793642,5.293776561095975,6.413571221624146,7.263760107187612,4.962280459545294,6.418064803523582
2026-01-03 18:00:00,5.58244816739478,5.634582031208436,6.024673213299161,6.652633166335015,4.99381155793642,5.293776561095975,6.413571221624146,0.0,4.962280459545294,6.418064803523582
2026-01-03 19:00:00,5.58244816739478,5.634582031208436,0.0,0.0,4.99381155793642,0.0,0.0,0.0,4.962280459545294,6.418064803523582
2026-01-03 20:00:00,5.58244816739478,5.634582031208436,0.0,0.0,0.0,0.0,0.0,0.0,4.962280459545294,0.0
2026-01-03 21:00:00,0.0,5.634582031208436,0.0,0.0,0.0,0.0,0.0,0.0,0.0,0.0
2026-01-03 22:00:00,0.0,0.0,0.0,0.0,0.0,0.0,0.0,0.0,0.0,0.0
2026-01-03 23:00:00,0.0,0.0,0.0,0.0,0.0,0.0,0.0,0.0,0.0,0.0
2026-01-04 00:00:00,0.0,0.0,0.0,0.0,0.0,0.0,0.0,0.0,0.0,0.0
2026-01-04 01:00:00,0.0,0.0,0.0,0.0,0.0,0.0,0.0,0.0,0.0,0.0
2026-01-04 02:00:00,0.0,0.0,0.0,0.0,0.0,0.0,0.0,0.0,0.0,0.0
2026-01-04 03:00:00,0.0,0.0,0.0,0.0,0.0,0.0,0.0,0.0,0.0,0.0
2026-01-04 04:00:00,0.0,0.0,0.0,0.0,0.0,0.0,0.0,0.0,0.0,0.0
2026-01-04 05:00:00,0.0,0.0,0.0,0.0,0.0,0.0,0.0,0.0,0.0,0.0
2026-01-04 06:00:00,4.794656545086332,0.0,0.0,5.392873258208783,0.0,6.021959301069408,0.0,0.0,0.0,0.0
2026-01-04 07:00:00,4.794656545086332,0.0,0.0,5.392873258208783,6.473902085514649,6.021959301069408,0.0,5.325420148465797,0.0,0.0
2026-01-04 08:00:00,4.794656545086332,5.411654416385972,6.12315278203815,5.392873258208783,6.473902085514649,6.021959301069408,5.560571465080873,5.325420148465797,5.1780579903389485,6.499681301413846
2026-01-04 09:00:00,4.794656545086332,5.411654416385972,6.12315278203815,5.392873258208783,6.473902085514649,6.021959301069408,5.560571465080873,5.325420148465797,5.1780579903389485,6.499681301413846
2026-01-04 10:00:00,4.794656545086332,5.411654416385972,6.12315278203815,5.392873258208783,6.473902085514649,6.021959301069408,5.560571465080873,5.325420148465797,5.1780579903389485,6.499681301413846
2026-01-04 11:00:00,4.794656545086332,5.411654416385972,6.12315278203815,5.392873258208783,6.473902085514649,6.021959301069408,5.560571465080873,5.325420148465797,5.1780579903389485,6.499681301413846
2026-01-04 12:00:00,4.794656545086332,5.411654416385972,6.12315278203815,5.392873258208783,6.473902085514649,6.021959301069408,5.560571465080873,5.325420148465797,5.1780579903389485,6.499681301413846
2026-01-04 13:00:00,4.794656545086332,5.411654416385972,6.12315278203815,5.392873258208783,6.473902085514649,6.021959301069408,5.560571465080873,5.325420148465797,5.1780579903389485,6.499681301413846
2026-01-04 14:00:00,4.794656545086332,5.411654416385972,6.12315278203815,5.392873258208783,6.473902085514649,6.021959301069408,5.560571465080873,5.325420148465797,5.1780579903389485,6.499681301413846
2026-01-04 15:00:00,4.794656545086332,5.411654416385972,6.12315278203815,5.392873258208783,6.473902085514649,6.021959301069408,5.560571465080873,5.325420148465797,5.1780579903389485,6.499681301413846
2026-01-04 16:00:00,4.794656545086332,5.411654416385972,6.12315278203815,5.392873258208783,6.473902085514649,6.021959301069408,5.560571465080873,5.325420148465797,5.1780579903389485,6.499681301413846
2026-01-04 17:00:00,4.794656545086332,5.411654416385972,6.12315278203815,5.392873258208783,6.473902085514649,6.021959301069408,5.560571465080873,5.325420148465797,5.1780579903389485,6.499681301413846
2026-01-04 18:00:00,4.794656545086332,5.411654416385972,6.12315278203815,5.392873258208783,6.473902085514649,6.021959301069408,5.560571465080873,5.325420148465797,5.1780579903389485,6.499681301413846
2026-01-04 19:00:00,4.794656545086332,5.411654416385972,6.12315278203815,5.392873258208783,0.0,6.021959301069408,5.560571465080873,0.0,5.1780579903389485,6.499681301413846
2026-01-04 20:00:00,4.794656545086332,0.0,6.12315278203815,5.392873258208783,0.0,0.0,5.560571465080873,0.0,0.0,6.499681301413846
2026-01-04 21:00:00,0.0,0.0,0.0,0.0,0.0,0.0,0.0,0.0,0.0,0.0
2026-01-04 22:00:00,0.0,0.0,0.0,0.0,0.0,0.0,0.0,0.0,0.0,0.0
2026-01-04 23:00:00,0.0,0.0,0.0,0.0,0.0,0.0,0.0,0.0,0.0,0.0
2026-01-05 00:00:00,0.0,0.0,0.0,0.0,0.0,0.0,0.0,0.0,0.0,0.0
2026-01-05 01:00:00,0.0,0.0,0.0,0.0,0.0,0.0,0.0,0.0,0.0,0.0
2026-01-05 02:00:00,0.0,0.0,0.0,0.0,0.0,0.0,0.0,0.0,0.0,0.0
2026-01-05 03:00:00,0.0,0.0,0.0,0.0,0.0,0.0,0.0,0.0,0.0,0.0
2026-01-05 04:00:00,0.0,0.0,0.0,0.0,0.0,0.0,0.0,0.0,0.0,0.0
2026-01-05 05:00:00,0.0,6.9589257388201435,0.0,0.0,0.0,0.0,0.0,0.0,0.0,0.0
2026-01-05 06:00:00,0.0,6.9589257388201435,7.078041548679256,0.0,7.763512850707014,5.7735158814826715,7.4567195443012375,6.124574144710986,6.746292673713528,6.458165641422285
2026-01-05 07:00:00,6.953650408730265,6.9589257388201435,7.078041548679256,6.937341990662352,7.763512850707014,5.7735158814826715,7.4567195443012375,6.124574144710986,6.746292673713528,6.458165641422285
2026-01-05 08:00:00,6.953650408730265,6.9589257388201435,7.078041548679256,6.937341990662352,7.763512850707014,5.7735158814826715,7.4567195443012375,6.124574144710986,6.746292673713528,6.458165641422285
2026-01-05 09:00:00,6.953650408730265,6.9589257388201435,7.078041548679256,6.937341990662352,7.763512850707014,5.7735158814826715,7.4567195443012375,6.124574144710986,6.746292673713528,6.458165641422285
2026-01-05 10:00:00,6.953650408730265,6.9589257388201435,7.078041548679256,6.937341990662352,7.763512850707014,5.7735158814826715,7.4567195443012375,6.124574144710986,6.746292673713528,6.458165641422285
2026-01-05 11:00:00,6.953650408730265,6.9589257388201435,7.078041548679256,6.937341990662352,7.763512850707014,5.7735158814826715,7.4567195443012375,6.124574144710986,6.746292673713528,6.458165641422285
2026-01-05 12:00:00,6.953650408730265,6.9589257388201435,7.078041548679256,6.937341990662352,7.763512850707014,5.7735158814826715,7.4567195443012375,6.124574144710986,6.746292673713528,6.458165641422285
2026-01-05 13:00:00,6.953650408730265,6.9589257388201435,7.078041548679256,6.937341990662352,7.763512850707014,5.7735158814826715,7.4567195443012375,6.124574144710986,6.746292673713528,6.458165641422285
2026-01-05 14:00:00,6.953650408730265,6.9589257388201435,7.078041548679256,6.937341990662352,7.763512850707014,5.7735158814826715,7.4567195443012375,6.124574144710986,6.746292673713528,6.458165641422285
2026-01-05 15:00:00,6.953650408730265,6.9589257388201435,7.078041548679256,6.937341990662352,7.763512850707014,5.7735158814826715,7.4567195443012375,6.124574144710986,6.746292673713528,6.458165641422285
2026-01-05 16:00:00,6.953650408730265,6.9589257388201435,7.078041548679256,6.937341990662352,7.763512850707014,5.7735158814826715,7.4567195443012375,6.124574144710986,6.746292673713528,6.458165641422285
2026-01-05 17:00:00,6.953650408730265,6.9589257388201435,7.078041548679256,6.937341990662352,7.763512850707014,5.7735158814826715,7.4567195443012375,6.124574144710986,6.746292673713528,6.458165641422285
2026-01-05 18:00:00,6.953650408730265,6.9589257388201435,7.078041548679256,6.937341990662352,7.763512850707014,5.7735158814826715,7.4567195443012375,6.124574144710986,6.746292673713528,6.458165641422285
2026-01-05 19:00:00,6.953650408730265,6.9589257388201435,7.078041548679256,6.937341990662352,7.763512850707014,5.7735158814826715,7.4567195443012375,6.124574144710986,6.746292673713528,6.458165641422285
2026-01-05 20:00:00,6.953650408730265,6.9589257388201435,7.078041548679256,6.937341990662352,7.763512850707014,5.7735158814826715,7.4567195443012375,6.124574144710986,6.746292673713528,6.458165641422285
2026-01-05 21:00:00,6.953650408730265,6.9589257388201435,7.078041548679256,6.937341990662352,7.763512850707014,5.7735158814826715,7.4567195443012375,6.124574144710986,6.746292673713528,6.458165641422285
2026-01-05 22:00:00,6.953650408730265,6.9589257388201435,7.078041548679256,6.937341990662352,7.763512850707014,5.7735158814826715,7.4567195443012375,6.124574144710986,6.746292673713528,6.458165641422285
2026-01-05 23:00:00,6.953650408730265,6.9589257388201435,7.078041548679256,6.937341990662352,7.763512850707014,5.7735158814826715,0.0,6.124574144710986,6.746292673713528,6.458165641422285
2026-01-06 00:00:00,0.0,0.0,0.0,0.0,0.0,0.0,0.0,0.0,0.0,0.0
2026-01-06 01:00:00,0.0,0.0,0.0,0.0,0.0,0.0,0.0,0.0,0.0,0.0
2026-01-06 02:00:00,0.0,0.0,0.0,0.0,0.0,0.0,0.0,0.0,0.0,0.0
2026-01-06 03:00:00,0.0,0.0,0.0,0.0,0.0,0.0,0.0,0.0,0.0,0.0
2026-01-06 04:00:00,0.0,0.0,0.0,0.0,0.0,0.0,0.0,0.0,0.0,0.0
2026-01-06 05:00:00,0.0,0.0,0.0,6.751884996125799,0.0,0.0,0.0,7.403479911189406,0.0,0.0
2026-01-06 06:00:00,8.232042622603132,6.195487899512206,7.768524780227516,6.751884996125799,7.550514475638506,7.445775567761442,0.0,7.403479911189406,7.431403175727742,5.550858199855758
2026-01-06 07:00:00,8.232042622603132,6.195487899512206,7.768524780227516,6.751884996125799,7.550514475638506,7.445775567761442,6.908037767918991,7.403479911189406,7.431403175727742,5.550858199855758
2026-01-06 08:00:00,8.232042622603132,6.195487899512206,7.768524780227516,6.751884996125799,7.550514475638506,7.445775567761442,6.908037767918991,7.403479911189406,7.431403175727742,5.550858199855758
2026-01-06 09:00:00,8.232042622603132,6.195487899512206,7.768524780227516,6.751884996125799,7.550514475638506,7.445775567761442,6.908037767918991,7.403479911189406,7.431403175727742,5.550858199855758
2026-01-06 10:00:00,8.232042622603132,6.195487899512206,7.768524780227516,6.751884996125799,7.550514475638506,7.445775567761442,6.908037767918991,7.403479911189406,7.431403175727742,5.550858199855758
2026-01-06 11:00:00,8.232042622603132,6.195487899512206,7.768524780227516,6.751884996125799,7.550514475638506,7.445775567761442,6.908037767918991,7.403479911189406,7.431403175727742,5.550858199855758
2026-01-06 12:00:00,8.232042622603132,6.195487899512206,7.768524780227516,6.751884996125799,7.550514475638506,7.445775567761442,6.908037767918991,7.403479911189406,7.431403175727742,5.550858199855758
2026-01-06 13:00:00,8.232042622603132,6.195487899512206,7.768524780227516,6.751884996125799,7.550514475638506,7.445775567761442,6.908037767918991,7.403479911189406,7.431403175727742,5.550858199855758
2026-01-06 14:00:00,8.232042622603132,6.195487899512206,7.768524780227516,6.751884996125799,7.550514475638506,7.445775567761442,6.908037767918991,7.403479911189406,7.431403175727742,5.550858199855758
2026-01-06 15:00:00,8.232042622603132,6.195487899512206,7.768524780227516,6.751884996125799,7.550514475638506,7.445775567761442,6.908037767918991,7.403479911189406,7.431403175727742,5.550858199855758
2026-01-06 16:00:00,8.232042622603132,6.195487899512206,7.768524780227516,6.751884996125799,7.550514475638506,7.445775567761442,6.908037767918991,7.403479911189406,7.431403175727742,5.550858199855758
2026-01-06 17:00:00,8.232042622603132,6.195487899512206,7.768524780227516,6.751884996125799,7.550514475638506,7.445775567761442,6.908037767918991,7.403479911189406,7.431403175727742,5.550858199855758
2026-01-06 18:00:00,8.232042622603132,6.195487899512206,7.768524780227516,6.751884996125799,7.550514475638506,7.445775567761442,6.908037767918991,7.403479911189406,7.431403175727742,5.550858199855758
2026-01-06 19:00:00,8.232042622603132,6.195487899512206,7.768524780227516,6.751884996125799,7.550514475638506,7.445775567761442,6.908037767918991,7.403479911189406,7.431403175727742,5.550858199855758
2026-01-06 20:00:00,8.232042622603132,6.195487899512206,7.768524780227516,6.751884996125799,7.550514475638506,7.445775567761442,6.908037767918991,7.403479911189406,7.431403175727742,5.550858199855758
2026-01-06 21:00:00,8.232042622603132,6.195487899512206,7.768524780227516,6.751884996125799,7.550514475638506,7.445775567761442,6.908037767918991,7.403479911189406,7.431403175727742,5.550858199855758
2026-01-06 22:00:00,8.232042622603132,6.195487899512206,7.768524780227516,6.751884996125799,7.550514475638506,7.445775567761442,6.908037767918991,7.403479911189406,7.431403175727742,5.550858199855758
2026-01-06 23:00:00,8.232042622603132,6.195487899512206,7.768524780227516,6.751884996125799,7.550514475638506,7.445775567761442,0.0,7.403479911189406,7.431403175727742,5.550858199855758
2026-01-07 00:00:00,0.0,0.0,0.0,0.0,0.0,0.0,0.0,0.0,0.0,0.0
2026-01-07 01:00:00,0.0,0.0,0.0,0.0,0.0,0.0,0.0,0.0,0.0,0.0
2026-01-07 02:00:00,0.0,0.0,0.0,0.0,0.0,0.0,0.0,0.0,0.0,0.0
2026-01-07 03:00:00,0.0,0.0,0.0,0.0,0.0,0.0,0.0,0.0,0.0,0.0
2026-01-07 04:00:00,0.0,0.0,0.0,0.0,0.0,0.0,0.0,0.0,0.0,0.0
2026-01-07 05:00:00,0.0,0.0,6.307677545950335,0.0,0.0,0.0,0.0,0.0,0.0,5.90149481219862
2026-01-07 06:00:00,0.0,7.378741679520884,6.307677545950335,6.495121831648739,0.0,6.7212314462294165,7.027693112504087,8.108536424282441,6.254360293712817,5.90149481219862
2026-01-07 07:00:00,0.0,7.378741679520884,6.307677545950335,6.495121831648739,6.308134068690193,6.7212314462294165,7.027693112504087,8.108536424282441,6.254360293712817,5.90149481219862
2026-01-07 08:00:00,7.722755106234746,7.378741679520884,6.307677545950335,6.495121831648739,6.308134068690193,6.7212314462294165,7.027693112504087,8.108536424282441,6.254360293712817,5.90149481219862
2026-01-07 09:00:00,7.722755106234746,7.378741679520884,6.307677545950335,6.495121831648739,6.308134068690193,6.7212314462294165,7.027693112504087,8.108536424282441,6.254360293712817,5.90149481219862
2026-01-07 10:00:00,7.722755106234746,7.378741679520884,6.307677545950335,6.495121831648739,6.308134068690193,6.7212314462294165,7.027693112504087,8.108536424282441,6.254360293712817,5.90149481219862
2026-01-07 11:00:00,7.722755106234746,7.378741679520884,6.307677545950335,6.495121831648739,6.308134068690193,6.7212314462294165,7.027693112504087,8.108536424282441,6.254360293712817,5.90149481219862
2026-01-07 12:00:00,7.722755106234746,7.378741679520884,6.307677545950335,6.495121831648739,6.308134068690193,6.7212314462294165,7.027693112504087,8.108536424282441,6.254360293712817,5.90149481219862
2026-01-07 13:00:00,7.722755106234746,7.378741679520884,6.307677545950335,6.495121831648739,6.308134068690193,6.7212314462294165,7.027693112504087,8.108536424282441,6.254360293712817,5.90149481219862
2026-01-07 14:00:00,7.722755106234746,7.378741679520884,6.307677545950335,6.495121831648739,6.308134068690193,6.7212314462294165,7.027693112504087,8.108536424282441,6.254360293712817,5.90149481219862
2026-01-07 15:00:00,7.722755106234746,7.378741679520884,6.307677545950335,6.495121831648739,6.308134068690193,6.7212314462294165,7.027693112504087,8.108536424282441,6.254360293712817,5.90149481219862
2026-01-07 16:00:00,7.722755106234746,7.378741679520884,6.307677545950335,6.495121831648739,6.308134068690193,6.7212314462294165,7.027693112504087,8.108536424282441,6.254360293712817,5.90149481219862
2026-01-07 17:00:00,7.722755106234746,7.378741679520884,6.307677545950335,6.495121831648739,6.308134068690193,6.7212314462294165,7.027693112504087,8.108536424282441,6.254360293712817,5.90149481219862
2026-01-07 18:00:00,7.722755106234746,7.378741679520884,6.307677545950335,6.495121831648739,6.308134068690193,6.7212314462294165,7.027693112504087,8.108536424282441,6.254360293712817,5.90149481219862
2026-01-07 19:00:00,7.722755106234746,7.378741679520884,6.307677545950335,6.495121831648739,6.308134068690193,6.7212314462294165,7.027693112504087,8.108536424282441,6.254360293712817,5.90149481219862
2026-01-07 20:00:00,7.722755106234746,7.378741679520884,6.307677545950335,6.495121831648739,6.308134068690193,6.7212314462294165,7.027693112504087,8.108536424282441,6.254360293712817,5.90149481219862
2026-01-07 21:00:00,7.722755106234746,7.378741679520884,6.307677545950335,6.495121831648739,6.308134068690193,6.7212314462294165,7.027693112504087,8.108536424282441,6.254360293712817,5.90149481219862
2026-01-07 22:00:00,7.722755106234746,7.378741679520884,6.307677545950335,6.495121831648739,6.308134068690193,6.7212314462294165,7.027693112504087,8.108536424282441,6.254360293712817,5.90149481219862
2026-01-07 23:00:00,7.722755106234746,7.378741679520884,6.307677545950335,6.495121831648739,0.0,0.0,7.027693112504087,8.108536424282441,6.254360293712817,5.90149481219862
2026-01-08 00:00:00,0.0,0.0,0.0,0.0,0.0,0.0,0.0,0.0,0.0,0.0
2026-01-08 01:00:00,0.0,0.0,0.0,0.0,0.0,0.0,0.0,0.0,0.0,0.0
2026-01-08 02:00:00,0.0,0.0,0.0,0.0,0.0,0.0,0.0,0.0,0.0,0.0
2026-01-08 03:00:00,0.0,0.0,0.0,0.0,0.0,0.0,0.0,0.0,0.0,0.0
2026-01-08 04:00:00,0.0,0.0,0.0,0.0,0.0,0.0,0.0,0.0,0.0,0.0
2026-01-08 05:00:00,0.0,8.068408748127434,0.0,0.0,0.0,0.0,0.0,0.0,0.0,0.0
2026-01-08 06:00:00,7.87039543189573,8.068408748127434,0.0,6.89347893551511,6.836609010674665,0.0,7.085932009262481,7.210265186150732,6.120471728186851,0.0
2026-01-08 07:00:00,7.87039543189573,8.068408748127434,7.900394482519788,6.89347893551511,6.836609010674665,7.067153008180269,7.085932009262481,7.210265186150732,6.120471728186851,7.265130593159601
2026-01-08 08:00:00,7.87039543189573,8.068408748127434,7.900394482519788,6.89347893551511,6.836609010674665,7.067153008180269,7.085932009262481,7.210265186150732,6.120471728186851,7.265130593159601
2026-01-08 09:00:00,7.87039543189573,8.068408748127434,7.900394482519788,6.89347893551511,6.836609010674665,7.067153008180269,7.085932009262481,7.210265186150732,6.120471728186851,7.265130593159601
2026-01-08 10:00:00,7.87039543189573,8.068408748127434,7.900394482519788,6.89347893551511,6.836609010674665,7.067153008180269,7.085932009262481,7.210265186150732,6.120471728186851,7.265130593159601
2026-01-08 11:00:00,7.87039543189573,8.068408748127434,7.900394482519788,6.89347893551511,6.836609010674665,7.067153008180269,7.085932009262481,7.210265186150732,6.120471728186851,7.265130593159601
2026-01-08 12:00:00,7.87039543189573,8.068408748127434,7.900394482519788,6.89347893551511,6.836609010674665,7.067153008180269,7.085932009262481,7.210265186150732,6.120471728186851,7.265130593159601
2026-01-08 13:00:00,7.87039543189573,8.068408748127434,7.900394482519788,6.89347893551511,6.836609010674665,7.067153008180269,7.085932009262481,7.210265186150732,6.120471728186851,7.265130593159601
2026-01-08 14:00:00,7.87039543189573,8.068408748127434,7.900394482519788,6.89347893551511,6.836609010674665,7.067153008180269,7.085932009262481,7.210265186150732,6.120471728186851,7.265130593159601
2026-01-08 15:00:00,7.87039543189573,8.068408748127434,7.900394482519788,6.89347893551511,6.836609010674665,7.067153008180269,7.085932009262481,7.210265186150732,6.120471728186851,7.265130593159601
2026-01-08 16:00:00,7.87039543189573,8.068408748127434,7.900394482519788,6.89347893551511,6.836609010674665,7.067153008180269,7.085932009262481,7.210265186150732,6.120471728186851,7.265130593159601
2026-01-08 17:00:00,7.87039543189573,8.068408748127434,7.900394482519788,6.89347893551511,6.836609010674665,7.067153008180269,7.085932009262481,7.210265186150732,6.120471728186851,7.265130593159601
2026-01-08 18:00:00,7.87039543189573,8.068408748127434,7.900394482519788,6.89347893551511,6.836609010674665,7.067153008180269,7.085932009262481,7.210265186150732,6.120471728186851,7.265130593159601
2026-01-08 19:00:00,7.87039543189573,8.068408748127434,7.900394482519788,6.89347893551511,6.836609010674665,7.067153008180269,7.085932009262481,7.210265186150732,6.120471728186851,7.265130593159601
2026-01-08 20:00:00,7.87039543189573,8.068408748127434,7.900394482519788,6.89347893551511,6.836609010674665,7.067153008180269,7.085932009262481,7.210265186150732,6.120471728186851,7.265130593159601
2026-01-08 21:00:00,7.87039543189573,8.068408748127434,7.900394482519788,6.89347893551511,6.836609010674665,7.067153008180269,7.085932009262481,7.210265186150732,6.120471728186851,7.265130593159601
2026-01-08 22:00:00,7.87039543189573,8.068408748127434,0.0,0.0,6.836609010674665,7.067153008180269,7.085932009262481,7.210265186150732,6.120471728186851,7.265130593159601
2026-01-08 23:00:00,0.0,8.068408748127434,0.0,0.0,0.0,7.067153008180269,7.085932009262481,7.210265186150732,6.120471728186851,7.265130593159601
2026-01-09 00:00:00,0.0,0.0,0.0,0.0,0.0,0.0,0.0,0.0,0.0,0.0
2026-01-09 01:00:00,0.0,0.0,0.0,0.0,0.0,0.0,0.0,0.0,0.0,0.0
2026-01-09 02:00:00,0.0,0.0,0.0,0.0,0.0,0.0,0.0,0.0,0.0,0.0
2026-01-09 03:00:00,0.0,0.0,0.0,0.0,0.0,0.0,0.0,0.0,0.0,0.0
2026-01-09 04:00:00,0.0,0.0,0.0,0.0,0.0,0.0,0.0,0.0,0.0,0.0
2026-01-09 05:00:00,0.0,0.0,6.430126566479934,0.0,0.0,0.0,0.0,6.7022017679315455,0.0,0.0
2026-01-09 06:00:00,6.348955354064094,6.707201396199039,6.430126566479934,5.358033565967449,6.849501647995345,6.2139050785095655,6.404490979777625,6.7022017679315455,0.0,7.764162965506795
2026-01-09 07:00:00,6.348955354064094,6.707201396199039,6.430126566479934,5.358033565967449,6.849501647995345,6.2139050785095655,6.404490979777625,6.7022017679315455,8.063239697975083,7.764162965506795
2026-01-09 08:00:00,6.348955354064094,6.707201396199039,6.430126566479934,5.358033565967449,6.849501647995345,6.2139050785095655,6.404490979777625,6.7022017679315455,8.063239697975083,7.764162965506795
2026-01-09 09:00:00,6.348955354064094,6.707201396199039,6.430126566479934,5.358033565967449,6.849501647995345,6.2139050785095655,6.404490979777625,6.7022017679315455,8.063239697975083,7.764162965506795
2026-01-09 10:00:00,6.348955354064094,6.707201396199039,6.430126566479934,5.358033565967449,6.849501647995345,6.2139050785095655,6.404490979777625,6.7022017679315455,8.063239697975083,7.764162965506795
2026-01-09 11:00:00,6.348955354064094,6.707201396199039,6.430126566479934,5.358033565967449,6.849501647995345,6.2139050785095655,6.404490979777625,6.7022017679315455,8.063239697975083,7.764162965506795
2026-01-09 12:00:00,6.348955354064094,6.707201396199039,6.430126566479934,5.358033565967449,6.849501647995345,6.2139050785095655,6.404490979777625,6.7022017679315455,8.063239697975083,7.764162965506795
2026-01-09 13:00:00,6.348955354064094,6.707201396199039,6.430126566479934,5.358033565967449,6.849501647995345,6.2139050785095655,6.404490979777625,6.7022017679315455,8.063239697975083,7.764162965506795
2026-01-09 14:00:00,6.348955354064094,6.707201396199039,6.430126566479934,5.358033565967449,6.849501647995345,6.2139050785095655,6.404490979777625,6.7022017679315455,8.063239697975083,7.764162965506795
2026-01-09 15:00:00,6.348955354064094,6.707201396199039,6.430126566479934,5.358033565967449,6.849501647995345,6.2139050785095655,6.404490979777625,6.7022017679315455,8.063239697975083,7.764162965506795
2026-01-09 16:00:00,6.348955354064094,6.707201396199039,6.430126566479934,5.358033565967449,6.849501647995345,6.2139050785095655,6.404490979777625,6.7022017679315455,8.063239697975083,7.764162965506795
2026-01-09 17:00:00,6.348955354064094,6.707201396199039,6.430126566479934,5.358033565967449,6.849501647995345,6.2139050785095655,6.404490979777625,6.7022017679315455,8.063239697975083,7.764162965506795
2026-01-09 18:00:00,6.348955354064094,6.707201396199039,6.430126566479934,5.358033565967449,6.849501647995345,6.2139050785095655,6.404490979777625,6.7022017679315455,8.063239697975083,7.764162965506795
2026-01-09 19:00:00,6.348955354064094,6.707201396199039,6.430126566479934,5.358033565967449,6.849501647995345,6.2139050785095655,6.404490979777625,6.7022017679315455,8.063239697975083,7.764162965506795
2026-01-09 20:00:00,6.348955354064094,6.707201396199039,6.430126566479934,5.358033565967449,6.849501647995345,6.2139050785095655,6.404490979777625,6.7022017679315455,8.063239697975083,7.764162965506795
2026-01-09 21:00:00,6.348955354064094,6.707201396199039,6.430126566479934,5.358033565967449,6.849501647995345,6.2139050785095655,6.404490979777625,6.7022017679315455,8.063239697975083,7.764162965506795
2026-01-09 22:00:00,6.348955354064094,6.707201396199039,6.430126566479934,5.358033565967449,6.849501647995345,6.2139050785095655,6.404490979777625,6.7022017679315455,8.063239697975083,0.0
2026-01-09 23:00:00,6.348955354064094,6.707201396199039,6.430126566479934,0.0,0.0,6.2139050785095655,0.0,6.7022017679315455,8.063239697975083,0.0
2026-01-10 00:00:00,0.0,0.0,0.0,0.0,0.0,0.0,0.0,0.0,0.0,0.0
2026-01-10 01:00:00,0.0,0.0,0.0,0.0,0.0,0.0,0.0,0.0,0.0,0.0
2026-01-10 02:00:00,0.0,0.0,0.0,0.0,0.0,0.0,0.0,0.0,0.0,0.0
2026-01-10 03:00:00,0.0,0.0,0.0,0.0,0.0,0.0,0.0,0.0,0.0,0.0
2026-01-10 04:00:00,0.0,0.0,0.0,0.0,0.0,0.0,0.0,0.0,0.0,0.0
2026-01-10 05:00:00,0.0,0.0,0.0,0.0,0.0,0.0,0.0,5.261207984257427,0.0,0.0
2026-01-10 06:00:00,0.0,0.0,4.721679797288857,0.0,0.0,0.0,0.0,5.261207984257427,0.0,0.0
2026-01-10 07:00:00,7.007835258355272,0.0,4.721679797288857,0.0,0.0,0.0,0.0,5.261207984257427,4.206742126251527,0.0
2026-01-10 08:00:00,7.007835258355272,6.886873273643179,4.721679797288857,7.754992730059448,6.741978783861404,3.6862962696124733,7.470142684197987,5.261207984257427,4.206742126251527,7.048502122995239
2026-01-10 09:00:00,7.007835258355272,6.886873273643179,4.721679797288857,7.754992730059448,6.741978783861404,3.6862962696124733,7.470142684197987,5.261207984257427,4.206742126251527,7.048502122995239
2026-01-10 10:00:00,7.007835258355272,6.886873273643179,4.721679797288857,7.754992730059448,6.741978783861404,3.6862962696124733,7.470142684197987,5.261207984257427,4.206742126251527,7.048502122995239
2026-01-10 11:00:00,7.007835258355272,6.886873273643179,4.721679797288857,7.754992730059448,6.741978783861404,3.6862962696124733,7.470142684197987,5.261207984257427,4.206742126251527,7.048502122995239
2026-01-10 12:00:00,7.007835258355272,6.886873273643179,4.721679797288857,7.754992730059448,6.741978783861404,3.6862962696124733,7.470142684197987,5.261207984257427,4.206742126251527,7.048502122995239
2026-01-10 13:00:00,7.007835258355272,6.886873273643179,4.721679797288857,7.754992730059448,6.741978783861404,3.6862962696124733,7.470142684197987,5.261207984257427,4.206742126251527,7.048502122995239
2026-01-10 14:00:00,7.007835258355272,6.886873273643179,4.721679797288857,7.754992730059448,6.741978783861404,3.6862962696124733,7.470142684197987,5.261207984257427,4.206742126251527,7.048502122995239
2026-01-10 15:00:00,7.007835258355272,6.886873273643179,4.721679797288857,7.754992730059448,6.741978783861404,3.6862962696124733,7.470142684197987,5.261207984257427,4.206742126251527,7.048502122995239
2026-01-10 16:00:00,7.007835258355272,6.886873273643179,4.721679797288857,7.754992730059448,6.741978783861404,3.6862962696124733,7.470142684197987,5.261207984257427,4.206742126251527,7.048502122995239
2026-01-10 17:00:00,7.007835258355272,6.886873273643179,4.721679797288857,7.754992730059448,6.741978783861404,3.6862962696124733,7.470142684197987,5.261207984257427,4.206742126251527,7.048502122995239
2026-01-10 18:00:00,7.007835258355272,6.886873273643179,4.721679797288857,7.754992730059448,6.741978783861404,3.6862962696124733,7.470142684197987,5.261207984257427,4.206742126251527,7.048502122995239
2026-01-10 19:00:00,0.0,0.0,4.721679797288857,0.0,6.741978783861404,3.6862962696124733,7.470142684197987,5.261207984257427,0.0,0.0
2026-01-10 20:00:00,0.0,0.0,4.721679797288857,0.0,0.0,3.6862962696124733,0.0,0.0,0.0,0.0
2026-01-10 21:00:00,0.0,0.0,0.0,0.0,0.0,3.6862962696124733,0.0,0.0,0.0,0.0
2026-01-10 22:00:00,0.0,0.0,0.0,0.0,0.0,0.0,0.0,0.0,0.0,0.0
2026-01-10 23:00:00,0.0,0.0,0.0,0.0,0.0,0.0,0.0,0.0,0.0,0.0
2026-01-11 00:00:00,0.0,0.0,0.0,0.0,0.0,0.0,0.0,0.0,0.0,0.0
2026-01-11 01:00:00,0.0,0.0,0.0,0.0,0.0,0.0,0.0,0.0,0.0,0.0
2026-01-11 02:00:00,0.0,0.0,0.0,0.0,0.0,0.0,0.0,0.0,0.0,0.0
2026-01-11 03:00:00,0.0,0.0,0.0,0.0,0.0,0.0,0.0,0.0,0.0,0.0
2026-01-11 04:00:00,0.0,0.0,0.0,0.0,0.0,0.0,0.0,0.0,0.0,0.0
2026-01-11 05:00:00,0.0,0.0,0.0,0.0,0.0,0.0,0.0,0.0,0.0,0.0
2026-01-11 06:00:00,5.764770661691652,0.0,0.0,0.0,5.7249772424252665,0.0,0.0,5.8560252078323085,0.0,0.0
2026-01-11 07:00:00,5.764770661691652,8.82067592876212,5.004976373100657,6.8809959932613936,5.7249772424252665,0.0,0.0,5.8560252078323085,7.534207144703288,0.0
2026-01-11 08:00:00,5.764770661691652,8.82067592876212,5.004976373100657,6.8809959932613936,5.7249772424252665,6.147022938516229,5.772653115111681,5.8560252078323085,7.534207144703288,6.860326373063527
2026-01-11 09:00:00,5.764770661691652,8.82067592876212,5.004976373100657,6.8809959932613936,5.7249772424252665,6.147022938516229,5.772653115111681,5.8560252078323085,7.534207144703288,6.860326373063527
2026-01-11 10:00:00,5.764770661691652,8.82067592876212,5.004976373100657,6.8809959932613936,5.7249772424252665,6.147022938516229,5.772653115111681,5.8560252078323085,7.534207144703288,6.860326373063527
2026-01-11 11:00:00,5.764770661691652,8.82067592876212,5.004976373100657,6.8809959932613936,5.7249772424252665,6.147022938516229,5.772653115111681,5.8560252078323085,7.534207144703288,6.860326373063527
2026-01-11 12:00:00,5.764770661691652,8.82067592876212,5.004976373100657,6.8809959932613936,5.7249772424252665,6.147022938516229,5.772653115111681,5.8560252078323085,7.534207144703288,6.860326373063527
2026-01-11 13:00:00,5.764770661691652,8.82067592876212,5.004976373100657,6.8809959932613936,5.7249772424252665,6.147022938516229,5.772653115111681,5.8560252078323085,7.534207144703288,6.860326373063527
2026-01-11 14:00:00,5.764770661691652,8.82067592876212,5.004976373100657,6.8809959932613936,5.7249772424252665,6.147022938516229,5.772653115111681,5.8560252078323085,7.534207144703288,6.860326373063527
2026-01-11 15:00:00,5.764770661691652,8.82067592876212,5.004976373100657,6.8809959932613936,5.7249772424252665,6.147022938516229,5.772653115111681,5.8560252078323085,7.534207144703288,6.860326373063527
2026-01-11 16:00:00,5.764770661691652,8.82067592876212,5.004976373100657,6.8809959932613936,5.7249772424252665,6.147022938516229,5.772653115111681,5.8560252078323085,7.534207144703288,6.860326373063527
2026-01-11 17:00:00,5.764770661691652,8.82067592876212,5.004976373100657,6.8809959932613936,5.7249772424252665,6.147022938516229,5.772653115111681,5.8560252078323085,7.534207144703288,6.860326373063527
2026-01-11 18:00:00,5.764770661691652,8.82067592876212,5.004976373100657,6.8809959932613936,5.7249772424252665,6.147022938516229,5.772653115111681,5.8560252078323085,0.0,6.860326373063527
2026-01-11 19:00:00,5.764770661691652,0.0,5.004976373100657,6.8809959932613936,5.7249772424252665,0.0,0.0,5.8560252078323085,0.0,6.860326373063527
2026-01-11 20:00:00,0.0,0.0,0.0,0.0,0.0,0.0,0.0,0.0,0.0,0.0
2026-01-11 21:00:00,0.0,0.0,0.0,0.0,0.0,0.0,0.0,0.0,0.0,0.0
2026-01-11 22:00:00,0.0,0.0,0.0,0.0,0.0,0.0,0.0,0.0,0.0,0.0
2026-01-11 23:00:00,0.0,0.0,0.0,0.0,0.0,0.0,0.0,0.0,0.0,0.0
2026-01-12 00:00:00,0.0,0.0,0.0,0.0,0.0,0.0,0.0,0.0,0.0,0.0
2026-01-12 01:00:00,0.0,0.0,0.0,0.0,0.0,0.0,0.0,0.0,0.0,0.0
2026-01-12 02:00:00,0.0,0.0,0.0,0.0,0.0,0.0,0.0,0.0,0.0,0.0
2026-01-12 03:00:00,0.0,0.0,0.0,0.0,0.0,0.0,0.0,0.0,0.0,0.0
2026-01-12 04:00:00,0.0,0.0,0.0,0.0,0.0,0.0,0.0,0.0,0.0,0.0
2026-01-12 05:00:00,0.0,0.0,0.0,0.0,0.0,0.0,0.0,0.0,0.0,5.205175044536538
2026-01-12 06:00:00,8.019100511686313,4.848863554865822,0.0,7.459889110970446,8.076962435108241,0.0,0.0,0.0,7.66451076683639,5.205175044536538
2026-01-12 07:00:00,8.019100511686313,4.848863554865822,7.046529029463755,7.459889110970446,8.076962435108241,5.822961259252891,8.577533802878085,7.18823667485098,7.66451076683639,5.205175044536538
2026-01-12 08:00:00,8.019100511686313,4.848863554865822,7.046529029463755,7.459889110970446,8.076962435108241,5.822961259252891,8.577533802878085,7.18823667485098,7.66451076683639,5.205175044536538
2026-01-12 09:00:00,8.019100511686313,4.848863554865822,7.046529029463755,7.459889110970446,8.076962435108241,5.822961259252891,8.577533802878085,7.18823667485098,7.66451076683639,5.205175044536538
2026-01-12 10:00:00,8.019100511686313,4.848863554865822,7.046529029463755,7.459889110970446,8.076962435108241,5.822961259252891,8.577533802878085,7.18823667485098,7.66451076683639,5.205175044536538
2026-01-12 11:00:00,8.019100511686313,4.848863554865822,7.046529029463755,7.459889110970446,8.076962435108241,5.822961259252891,8.577533802878085,7.18823667485098,7.66451076683639,5.205175044536538
2026-01-12 12:00:00,8.019100511686313,4.848863554865822,7.046529029463755,7.459889110970446,8.076962435108241,5.822961259252891,8.577533802878085,7.18823667485098,7.66451076683639,5.205175044536538
2026-01-12 13:00:00,8.019100511686313,4.848863554865822,7.046529029463755,7.459889110970446,8.076962435108241,5.822961259252891,8.577533802878085,7.18823667485098,7.66451076683639,5.205175044536538
2026-01-12 14:00:00,8.019100511686313,4.848863554865822,7.046529029463755,7.459889110970446,8.076962435108241,5.822961259252891,8.577533802878085,7.18823667485098,7.66451076683639,5.205175044536538
2026-01-12 15:00:00,8.019100511686313,4.848863554865822,7.046529029463755,7.459889110970446,8.076962435108241,5.822961259252891,8.577533802878085,7.18823667485098,7.66451076683639,5.205175044536538
2026-01-12 16:00:00,8.019100511686313,4.848863554865822,7.046529029463755,7.459889110970446,8.076962435108241,5.822961259252891,8.577533802878085,7.18823667485098,7.66451076683639,5.205175044536538
2026-01-12 17:00:00,8.019100511686313,4.848863554865822,7.046529029463755,7.459889110970446,8.076962435108241,5.822961259252891,8.577533802878085,7.18823667485098,7.66451076683639,5.205175044536538
2026-01-12 18:00:00,8.019100511686313,4.848863554865822,7.046529029463755,7.459889110970446,8.076962435108241,5.822961259252891,8.577533802878085,7.18823667485098,7.66451076683639,5.205175044536538
2026-01-12 19:00:00,8.019100511686313,4.848863554865822,7.046529029463755,7.459889110970446,8.076962435108241,5.822961259252891,8.577533802878085,7.18823667485098,7.66451076683639,5.205175044536538
2026-01-12 20:00:00,8.019100511686313,4.848863554865822,7.046529029463755,7.459889110970446,8.076962435108241,5.822961259252891,8.577533802878085,7.18823667485098,7.66451076683639,5.205175044536538
2026-01-12 21:00:00,8.019100511686313,4.848863554865822,7.046529029463755,7.459889110970446,8.076962435108241,5.822961259252891,8.577533802878085,7.18823667485098,7.66451076683639,5.205175044536538
2026-01-12 22:00:00,8.019100511686313,4.848863554865822,7.046529029463755,7.459889110970446,8.076962435108241,5.822961259252891,8.577533802878085,7.18823667485098,0.0,5.205175044536538
2026-01-12 23:00:00,8.019100511686313,4.848863554865822,7.046529029463755,7.459889110970446,8.076962435108241,5.822961259252891,8.577533802878085,7.18823667485098,0.0,5.205175044536538
2026-01-13 00:00:00,0.0,0.0,0.0,0.0,0.0,0.0,0.0,0.0,0.0,0.0
2026-01-13 01:00:00,0.0,0.0,0.0,0.0,0.0,0.0,0.0,0.0,0.0,0.0
2026-01-13 02:00:00,0.0,0.0,0.0,0.0,0.0,0.0,0.0,0.0,0.0,0.0
2026-01-13 03:00:00,0.0,0.0,0.0,0.0,0.0,0.0,0.0,0.0,0.0,0.0
2026-01-13 04:00:00,0.0,0.0,0.0,0.0,0.0,0.0,0.0,0.0,0.0,0.0
2026-01-13 05:00:00,0.0,0.0,0.0,0.0,0.0,0.0,0.0,0.0,0.0,0.0
2026-01-13 06:00:00,6.344447861744129,6.915942381743612,0.0,6.788930423194951,6.304576500959041,6.72771683242574,7.4746460149270755,7.32059051915998,7.9509491530067935,0.0
2026-01-13 07:00:00,6.344447861744129,6.915942381743612,7.816155834653167,6.788930423194951,6.304576500959041,6.72771683242574,7.4746460149270755,7.32059051915998,7.9509491530067935,4.8229623825657475
2026-01-13 08:00:00,6.344447861744129,6.915942381743612,7.816155834653167,6.788930423194951,6.304576500959041,6.72771683242574,7.4746460149270755,7.32059051915998,7.9509491530067935,4.8229623825657475
2026-01-13 09:00:00,6.344447861744129,6.915942381743612,7.816155834653167,6.788930423194951,6.304576500959041,6.72771683242574,7.4746460149270755,7.32059051915998,7.9509491530067935,4.8229623825657475
2026-01-13 10:00:00,6.344447861744129,6.915942381743612,7.816155834653167,6.788930423194951,6.304576500959041,6.72771683242574,7.4746460149270755,7.32059051915998,7.9509491530067935,4.8229623825657475
2026-01-13 11:00:00,6.344447861744129,6.915942381743612,7.816155834653167,6.788930423194951,6.304576500959041,6.72771683242574,7.4746460149270755,7.32059051915998,7.9509491530067935,4.8229623825657475
2026-01-13 12:00:00,6.344447861744129,6.915942381743612,7.816155834653167,6.788930423194951,6.304576500959041,6.72771683242574,7.4746460149270755,7.32059051915998,7.9509491530067935,4.8229623825657475
2026-01-13 13:00:00,6.344447861744129,6.915942381743612,7.816155834653167,6.788930423194951,6.304576500959041,6.72771683242574,7.4746460149270755,7.32059051915998,7.9509491530067935,4.8229623825657475
2026-01-13 14:00:00,6.344447861744129,6.915942381743612,7.816155834653167,6.788930423194951,6.304576500959041,6.72771683242574,7.4746460149270755,7.32059051915998,7.9509491530067935,4.8229623825657475
2026-01-13 15:00:00,6.344447861744129,6.915942381743612,7.816155834653167,6.788930423194951,6.304576500959041,6.72771683242574,7.4746460149270755,7.32059051915998,7.9509491530067935,4.8229623825657475
2026-01-13 16:00:00,6.344447861744129,6.915942381743612,7.816155834653167,6.788930423194951,6.304576500959041,6.72771683242574,7.4746460149270755,7.32059051915998,7.9509491530067935,4.8229623825657475
2026-01-13 17:00:00,6.344447861744129,6.915942381743612,7.816155834653167,6.788930423194951,6.304576500959041,6.72771683242574,7.4746460149270755,7.32059051915998,7.9509491530067935,4.8229623825657475
2026-01-13 18:00:00,6.344447861744129,6.915942381743612,7.816155834653167,6.788930423194951,6.304576500959041,6.72771683242574,7.4746460149270755,7.32059051915998,7.9509491530067935,4.8229623825657475
2026-01-13 19:00:00,6.344447861744129,6.915942381743612,7.816155834653167,6.788930423194951,6.304576500959041,6.72771683242574,7.4746460149270755,7.32059051915998,7.9509491530067935,4.8229623825657475
2026-01-13 20:00:00,6.344447861744129,6.915942381743612,7.816155834653167,6.788930423194951,6.304576500959041,6.72771683242574,7.4746460149270755,7.32059051915998,7.9509491530067935,4.8229623825657475
2026-01-13 21:00:00,6.344447861744129,6.915942381743612,7.816155834653167,6.788930423194951,6.304576500959041,6.72771683242574,7.4746460149270755,7.32059051915998,7.9509491530067935,4.8229623825657475
2026-01-13 22:00:00,6.344447861744129,6.915942381743612,7.816155834653167,6.788930423194951,6.304576500959041,6.72771683242574,7.4746460149270755,7.32059051915998,7.9509491530067935,4.8229623825657475
2026-01-13 23:00:00,6.344447861744129,0.0,7.816155834653167,6.788930423194951,0.0,6.72771683242574,0.0,7.32059051915998,0.0,4.8229623825657475
2026-01-14 00:00:00,0.0,0.0,0.0,0.0,0.0,0.0,0.0,0.0,0.0,0.0
2026-01-14 01:00:00,0.0,0.0,0.0,0.0,0.0,0.0,0.0,0.0,0.0,0.0
2026-01-14 02:00:00,0.0,0.0,0.0,0.0,0.0,0.0,0.0,0.0,0.0,0.0
2026-01-14 03:00:00,0.0,0.0,0.0,0.0,0.0,0.0,0.0,0.0,0.0,0.0
2026-01-14 04:00:00,0.0,0.0,0.0,0.0,0.0,0.0,0.0,0.0,0.0,0.0
2026-01-14 05:00:00,0.0,0.0,7.5564965007890805,0.0,0.0,0.0,0.0,0.0,0.0,0.0
2026-01-14 06:00:00,0.0,0.0,7.5564965007890805,6.538198242050462,5.670149188268307,6.248400401900296,0.0,7.185097478658849,7.540754492925921,6.147483088784225
2026-01-14 07:00:00,7.409476979958316,5.914878370787866,7.5564965007890805,6.538198242050462,5.670149188268307,6.248400401900296,6.492512560562765,7.185097478658849,7.540754492925921,6.147483088784225
2026-01-14 08:00:00,7.409476979958316,5.914878370787866,7.5564965007890805,6.538198242050462,5.670149188268307,6.248400401900296,6.492512560562765,7.185097478658849,7.540754492925921,6.147483088784225
2026-01-14 09:00:00,7.409476979958316,5.914878370787866,7.5564965007890805,6.538198242050462,5.670149188268307,6.248400401900296,6.492512560562765,7.185097478658849,7.540754492925921,6.147483088784225
2026-01-14 10:00:00,7.409476979958316,5.914878370787866,7.5564965007890805,6.538198242050462,5.670149188268307,6.248400401900296,6.492512560562765,7.185097478658849,7.540754492925921,6.147483088784225
2026-01-14 11:00:00,7.409476979958316,5.914878370787866,7.5564965007890805,6.538198242050462,5.670149188268307,6.248400401900296,6.492512560562765,7.185097478658849,7.540754492925921,6.147483088784225
2026-01-14 12:00:00,7.409476979958316,5.914878370787866,7.5564965007890805,6.538198242050462,5.670149188268307,6.248400401900296,6.492512560562765,7.185097478658849,7.540754492925921,6.147483088784225
2026-01-14 13:00:00,7.409476979958316,5.914878370787866,7.5564965007890805,6.538198242050462,5.670149188268307,6.248400401900296,6.492512560562765,7.185097478658849,7.540754492925921,6.147483088784225
2026-01-14 14:00:00,7.409476979958316,5.914878370787866,7.5564965007890805,6.538198242050462,5.670149188268307,6.248400401900296,6.492512560562765,7.185097478658849,7.540754492925921,6.147483088784225
2026-01-14 15:00:00,7.409476979958316,5.914878370787866,7.5564965007890805,6.538198242050462,5.670149188268307,6.248400401900296,6.492512560562765,7.185097478658849,7.540754492925921,6.147483088784225
2026-01-14 16:00:00,7.409476979958316,5.914878370787866,7.5564965007890805,6.538198242050462,5.670149188268307,6.248400401900296,6.492512560562765,7.185097478658849,7.540754492925921,6.147483088784225
2026-01-14 17:00:00,7.409476979958316,5.914878370787866,7.5564965007890805,6.538198242050462,5.670149188268307,6.248400401900296,6.492512560562765,7.185097478658849,7.540754492925921,6.147483088784225
2026-01-14 18:00:00,7.409476979958316,5.914878370787866,7.5564965007890805,6.538198242050462,5.670149188268307,6.248400401900296,6.492512560562765,7.185097478658849,7.540754492925921,6.147483088784225
2026-01-14 19:00:00,7.409476979958316,5.914878370787866,7.5564965007890805,6.538198242050462,5.670149188268307,6.248400401900296,6.492512560562765,7.185097478658849,7.540754492925921,6.147483088784225
2026-01-14 20:00:00,7.409476979958316,5.914878370787866,7.5564965007890805,6.538198242050462,5.670149188268307,6.248400401900296,6.492512560562765,7.185097478658849,7.540754492925921,6.147483088784225
2026-01-14 21:00:00,7.409476979958316,5.914878370787866,7.5564965007890805,6.538198242050462,5.670149188268307,6.248400401900296,6.492512560562765,7.185097478658849,7.540754492925921,6.147483088784225
2026-01-14 22:00:00,7.409476979958316,5.914878370787866,7.5564965007890805,6.538198242050462,5.670149188268307,6.248400401900296,6.492512560562765,7.185097478658849,7.540754492925921,6.147483088784225
2026-01-14 23:00:00,7.409476979958316,5.914878370787866,7.5564965007890805,0.0,5.670149188268307,6.248400401900296,6.492512560562765,7.185097478658849,0.0,6.147483088784225
