date,Consumption_km_Vehicle_0,Consumption_km_Vehicle_1,Consumption_km_Vehicle_2,Consumption_km_Vehicle_3,Consumption_km_Vehicle_4,Consumption_km_Vehicle_5,Consumption_km_Vehicle_6,Consumption_km_Vehicle_7,Consumption_km_Vehicle_8,Consumption_km_Vehicle_9
2026-01-01 00:00:00,0.0,0.0,0.0,0.0,0.0,0.0,0.0,0.0,0.0,0.0
2026-01-01 01:00:00,0.0,0.0,0.0,0.0,0.0,0.0,0.0,0.0,0.0,0.0
2026-01-01 02:00:00,0.0,0.0,0.0,0.0,0.0,0.0,0.0,0.0,0.0,0.0
2026-01-01 03:00:00,0.0,0.0,0.0,0.0,0.0,0.0,0.0,0.0,0.0,0.0
2026-01-01 04:00:00,0.0,0.0,0.0,0.0,0.0,0.0,0.0,0.0,0.0,0.0
2026-01-01 05:00:00,0.0,0.0,0.0,0.0,0.0,0.0,0.0,0.0,0.0,0.0
2026-01-01 06:00:00,0.18131949059820934,0.19559239588308477,0.17866779579826791,0.2916379310605882,0.11329772784640002,0.11329772784640002,0.20221428313376802,0.0,0.5098397753088001,0.3154795335451102
2026-01-01 07:00:00,0.18132202962994293,0.27789635611632113,0.314524688049661,0.2762564866496924,0.4024769939439048,0.36335680070028453,0.11329772784640002,0.283507354552599,0.38106285396024403,0.3137927339524312
2026-01-01 08:00:00,0.4617591079287514,0.2872357476311865,0.18853535877342337,0.4081926704313758,0.23877763672538124,0.16740963895030642,0.39152077072828473,0.37296498882707424,0.15301793007212552,0.11329772784640002
2026-01-01 09:00:00,0.33621649159398637,0.11329772784640002,0.3274022629087974,0.40294998253587383,0.2808162622478103,0.20912416679305987,0.486572320729123,0.12560610415197265,0.19504634513894925,0.47914562756676354
2026-01-01 10:00:00,0.14492676711546645,0.19978018085785545,0.378837483016223,0.28315245200976696,0.11329772784640002,0.36746110381052993,0.25171861765608256,0.5052088170420235,0.14533725915757137,0.23574855612797946
2026-01-01 11:00:00,0.30143930698148635,0.263272644286211,0.5098397753088001,0.11329772784640002,0.3076803262132528,0.45317810682135595,0.11329772784640002,0.40037365884276815,0.25122454749634415,0.36806249487121306
2026-01-01 12:00:00,0.14586344317720745,0.11329772784640002,0.18722384961133828,0.11329772784640002,0.23202282967855664,0.420461772540244,0.3948885794874132,0.24018455866504754,0.4005076485668806,0.1887603921907209
2026-01-01 13:00:00,0.14550587974757365,0.12363210348957235,0.11329772784640002,0.33820550652185255,0.3010361197336436,0.4103419843402238,0.3270724786219784,0.5098397753088001,0.3264654452206829,0.39940699068201047
2026-01-01 14:00:00,0.25495144114951296,0.28198911982367236,0.11329772784640002,0.3767364248955787,0.34599159295083143,0.16548511486293133,0.31460005627561144,0.29961368810245764,0.21900683171467564,0.21256872658068623
2026-01-01 15:00:00,0.11329772784640002,0.11329772784640002,0.24469693396095243,0.3252100902129575,0.14744726536017658,0.2699937578306771,0.4515287095617857,0.4099473554987759,0.351804661721142,0.5098397753088001
2026-01-01 16:00:00,0.11329772784640002,0.13849212988735507,0.3469575222496172,0.13273576302178053,0.11329772784640002,0.22850029750698614,0.5098397753088001,0.3333311008842978,0.2383853248926722,0.29652182480023354
2026-01-01 17:00:00,0.13057308470305015,0.16402024701677068,0.2521347744133576,0.28933844505220435,0.435814053023606,0.44474712035076663,0.12478100520435909,0.18101395703231685,0.28476117747923607,0.3299489561060314
2026-01-01 18:00:00,0.11329772784640002,0.3994816189172547,0.11329772784640002,0.4897189859439511,0.23437862863598485,0.17529586199042305,0.12834233189711886,0.11329772784640002,0.3681728299657551,0.3067463848455653
2026-01-01 19:00:00,0.2661304269290899,0.3524669297602824,0.44961147861689865,0.2054357696851049,0.44298582130256176,0.3899242550327975,0.335264306048651,0.3120522308770316,0.11329772784640002,0.5098397753088001
2026-01-01 20:00:00,0.11329772784640002,0.11329772784640002,0.20953642780473303,0.21092742760943728,0.3501478497586603,0.11329772784640002,0.25322465611643513,0.3363964323529461,0.29672057460555207,0.17213173472382748
2026-01-01 21:00:00,0.11329772784640002,0.11329772784640002,0.487372521772146,0.5098397753088001,0.18239230748468485,0.30545001199274885,0.5098397753088001,0.46168168801724646,0.4668754264108723,0.29853471738460413
2026-01-01 22:00:00,0.4441962693037587,0.2087818774378141,0.1556865021740272,0.5098397753088001,0.2267824304337618,0.4819077748398483,0.0,0.21065981053431676,0.5098397753088001,0.15040337343960875
2026-01-01 23:00:00,0.18261501684435544,0.42470975203946176,0.2604999306345186,0.3018294808686282,0.12600752961823397,0.0,0.0,0.0,0.3251530298832265,0.23752428060904476
2026-01-02 00:00:00,0.0,0.0,0.0,0.0,0.0,0.0,0.0,0.0,0.0,0.0
2026-01-02 01:00:00,0.0,0.0,0.0,0.0,0.0,0.0,0.0,0.0,0.0,0.0
2026-01-02 02:00:00,0.0,0.0,0.0,0.0,0.0,0.0,0.0,0.0,0.0,0.0
2026-01-02 03:00:00,0.0,0.0,0.0,0.0,0.0,0.0,0.0,0.0,0.0,0.0
2026-01-02 04:00:00,0.0,0.0,0.0,0.0,0.0,0.0,0.0,0.0,0.0,0.0
2026-01-02 05:00:00,0.123259004,0.26619366919199366,0.0,0.2662507140430991,0.0,0.0,0.0,0.0,0.0,0.0
2026-01-02 06:00:00,0.2998679309203736,0.32037850265432644,0.0,0.123259004,0.23773649810342462,0.20707435373270133,0.1985663257165701,0.3607396551211618,0.0,0.0
2026-01-02 07:00:00,0.13560070475735456,0.5546655180000001,0.123259004,0.123259004,0.22739770068104376,0.1446070159067891,0.3355617757512303,0.3658338089204044,0.35050266637519867,0.5546655180000001
2026-01-02 08:00:00,0.18758024001597676,0.35864503161150485,0.5546655180000001,0.3468118896936589,0.38870415169368494,0.123259004,0.30798839490145097,0.5234997240120254,0.123259004,0.123259004
2026-01-02 09:00:00,0.13542102838727277,0.24011468342435865,0.1408544571031584,0.3298299271883002,0.123259004,0.38892665515236047,0.26185058995630844,0.2754904640247682,0.42389570901631474,0.35202427202087766
2026-01-02 10:00:00,0.5483003887495275,0.123259004,0.234845756567357,0.43492997916405823,0.13994922432327908,0.2467375849097222,0.123259004,0.5172297666797389,0.5546655180000001,0.125645106443468
2026-01-02 11:00:00,0.23438639931758204,0.4659747380412231,0.2700660312052402,0.123259004,0.123259004,0.4216511121062695,0.5366931631786621,0.19802528569348965,0.22836286004486891,0.40690632047716874
2026-01-02 12:00:00,0.123259004,0.5546655180000001,0.2129423099142569,0.123259004,0.13455518122850738,0.4112348537417551,0.123259004,0.21729546599784702,0.3305204365170209,0.123259004
2026-01-02 13:00:00,0.37504926860416055,0.123259004,0.19220739866712402,0.34357456230565453,0.3643808769076376,0.46613775843846145,0.123259004,0.20937681418978968,0.30859515563929846,0.358749485897502
2026-01-02 14:00:00,0.123259004,0.4438599950313052,0.435271001890961,0.276170239741575,0.359207033941548,0.21537768295894402,0.2643368291343177,0.38554213920358116,0.31480937036886825,0.3532237369752886
2026-01-02 15:00:00,0.2717982826947787,0.123259004,0.2904746455896711,0.2676335933898137,0.2964558148960209,0.2914863515157025,0.2676263160018954,0.2583421798064967,0.45453905112012166,0.185689139577912
2026-01-02 16:00:00,0.123259004,0.20042271281742202,0.38502830107456615,0.49410496301077594,0.42943836118622525,0.44202605667855444,0.32880028022833735,0.35007957826727754,0.3763980611246265,0.2340206321041601
2026-01-02 17:00:00,0.123259004,0.2589633164306592,0.19668249481803535,0.19749518956925435,0.22735009557461106,0.3955824584049198,0.44284367640546596,0.22301659898824536,0.5546655180000001,0.26996506370571327
2026-01-02 18:00:00,0.26977890328813187,0.4268335639202739,0.123259004,0.14850917454409404,0.123259004,0.27478983891236475,0.16225520364975324,0.4141986021343141,0.43076691535032485,0.5420054255289248
2026-01-02 19:00:00,0.3609032119427157,0.28850292806531547,0.36434738486559526,0.24706100142453188,0.123259004,0.47850705456050224,0.34770012777747245,0.123259004,0.5546655180000001,0.5546655180000001
2026-01-02 20:00:00,0.26548975087135146,0.2423509688566415,0.123259004,0.123259004,0.3091921499246192,0.2066970203205701,0.49790964377427577,0.3514768618711059,0.27662028397962385,0.26276788659045053
2026-01-02 21:00:00,0.21719963296147263,0.5546655180000001,0.21931606624775798,0.23182769893981736,0.123259004,0.42450470077037883,0.5015074866189011,0.2512276601412856,0.22323456747252465,0.4631420301944065
2026-01-02 22:00:00,0.18599703036999002,0.3129088137825149,0.4173760165643701,0.123259004,0.123259004,0.47983817557081493,0.5324132399157054,0.5083393743044212,0.22284240170112288,0.450404958813946
2026-01-02 23:00:00,0.123259004,0.4338132850876321,0.0,0.123259004,0.19187238408971327,0.0,0.0,0.5546655180000001,0.1628293173396768,0.41439219061543253
2026-01-03 00:00:00,0.0,0.0,0.0,0.0,0.0,0.0,0.0,0.0,0.0,0.0
2026-01-03 01:00:00,0.0,0.0,0.0,0.0,0.0,0.0,0.0,0.0,0.0,0.0
2026-01-03 02:00:00,0.0,0.0,0.0,0.0,0.0,0.0,0.0,0.0,0.0,0.0
2026-01-03 03:00:00,0.0,0.0,0.0,0.0,0.0,0.0,0.0,0.0,0.0,0.0
2026-01-03 04:00:00,0.0,0.0,0.0,0.0,0.0,0.0,0.0,0.0,0.0,0.0
2026-01-03 05:00:00,0.0,0.0,0.0,0.0,0.0,0.0,0.0,0.0,0.0,0.0
2026-01-03 06:00:00,0.0,0.0,0.0,0.0,0.0,0.46643768370050664,0.3199862875430076,0.0,0.0,0.41773572345290816
2026-01-03 07:00:00,0.1209049010004,0.0,0.0,0.14528732673818773,0.1209049010004,0.1209049010004,0.45936759906826913,0.0,0.1209049010004,0.18907222580504898
2026-01-03 08:00:00,0.2856226693422178,0.15943888243127718,0.1209049010004,0.1209049010004,0.5214896003001772,0.4428835038734143,0.5440720545018,0.45469782763321925,0.1209049010004,0.28111716151492594
2026-01-03 09:00:00,0.16858528265840378,0.1209049010004,0.2693174766218503,0.20618652429271966,0.1209049010004,0.3438031067572555,0.3205033434742003,0.2732477863704361,0.3572329688875862,0.31704386651928196
2026-01-03 10:00:00,0.1209049010004,0.16239113921972814,0.3183796880876103,0.1209049010004,0.1209049010004,0.24848314643257116,0.32606354685657524,0.40356348942030096,0.5440720545018,0.2030926105030435
2026-01-03 11:00:00,0.3330855223858732,0.1209049010004,0.29621049318270815,0.5440720545018,0.337709968254852,0.1404151784685067,0.5440720545018,0.1209049010004,0.1209049010004,0.5440720545018
2026-01-03 12:00:00,0.4022886118671745,0.2302319616917483,0.25466985801944025,0.3994312628920995,0.22214229240221195,0.2472467763457779,0.18086084485868945,0.3775061161812788,0.28727142891778107,0.3201100504779948
2026-01-03 13:00:00,0.3858314011971181,0.1209049010004,0.472001222684455,0.4827066808718159,0.2822495056402466,0.1209049010004,0.35215746455321106,0.1209049010004,0.436896156327253,0.5440720545018
2026-01-03 14:00:00,0.1209049010004,0.13814728528931183,0.3514422550343129,0.1209049010004,0.20810336583183875,0.20385650178507633,0.23806576712487323,0.5008139049139086,0.1209049010004,0.5065038265113949
2026-01-03 15:00:00,0.18110648676338623,0.1209049010004,0.1209049010004,0.31735694938845027,0.1209049010004,0.2024739620999921,0.47877226545330814,0.5440720545018,0.2479650711394124,0.5440720545018
2026-01-03 16:00:00,0.2868075332179674,0.1209049010004,0.1209049010004,0.31898745883767077,0.2650917565073193,0.3309967592260813,0.27475147669891087,0.4320820445737445,0.49347545054374753,0.5353482100777591
2026-01-03 17:00:00,0.39313668519781475,0.1209049010004,0.1209049010004,0.1209049010004,0.4854082801471319,0.5234164031628151,0.1209049010004,0.39032767068790114,0.15065843694414885,0.15471195570241916
2026-01-03 18:00:00,0.15305679859929225,0.23961897129004125,0.18027179734888585,0.1209049010004,0.1209049010004,0.23675428426490858,0.1784207359778856,0.0,0.1209049010004,0.23357410142307
2026-01-03 19:00:00,0.20149714545681194,0.14169848809539828,0.0,0.0,0.4572560178958212,0.0,0.0,0.0,0.13668259883588454,0.17053643632317741
2026-01-03 20:00:00,0.1209049010004,0.38974445228341464,0.0,0.0,0.0,0.0,0.0,0.0,0.36605156083706564,0.0
2026-01-03 21:00:00,0.0,0.4653487718039138,0.0,0.0,0.0,0.0,0.0,0.0,0.0,0.0
2026-01-03 22:00:00,0.0,0.0,0.0,0.0,0.0,0.0,0.0,0.0,0.0,0.0
2026-01-03 23:00:00,0.0,0.0,0.0,0.0,0.0,0.0,0.0,0.0,0.0,0.0
2026-01-04 00:00:00,0.0,0.0,0.0,0.0,0.0,0.0,0.0,0.0,0.0,0.0
2026-01-04 01:00:00,0.0,0.0,0.0,0.0,0.0,0.0,0.0,0.0,0.0,0.0
2026-01-04 02:00:00,0.0,0.0,0.0,0.0,0.0,0.0,0.0,0.0,0.0,0.0
2026-01-04 03:00:00,0.0,0.0,0.0,0.0,0.0,0.0,0.0,0.0,0.0,0.0
2026-01-04 04:00:00,0.0,0.0,0.0,0.0,0.0,0.0,0.0,0.0,0.0,0.0
2026-01-04 05:00:00,0.0,0.0,0.0,0.0,0.0,0.0,0.0,0.0,0.0,0.0
2026-01-04 06:00:00,0.4293317435707596,0.0,0.0,0.21349252189302806,0.0,0.13883087392694587,0.0,0.0,0.0,0.0
2026-01-04 07:00:00,0.3149864069392262,0.0,0.0,0.15699380821814926,0.49132397650726906,0.46556283560188627,0.0,0.22280695731734687,0.0,0.0
2026-01-04 08:00:00,0.1356463393984335,0.28806389470467714,0.13050301525000002,0.13050301525000002,0.13050301525000002,0.31809045733836266,0.18390771341809545,0.5872635686250001,0.5872635686250001,0.30888283457163657
2026-01-04 09:00:00,0.3149435794161334,0.309592328587437,0.361231977827786,0.13050301525000002,0.39446672560686646,0.20934785736133144,0.14756399679674356,0.44593284671932937,0.3422951779689098,0.4043523511439715
2026-01-04 10:00:00,0.5245464182318927,0.21397390729462804,0.27873389571380874,0.17911743496281282,0.5298108861303026,0.5872635686250001,0.4944751925184789,0.302508688815397,0.32211108009886524,0.46560775886649564
2026-01-04 11:00:00,0.24418385991485267,0.31376100474287416,0.4617794078280556,0.13050301525000002,0.13050301525000002,0.5872635686250001,0.30607148691504715,0.20715232934227445,0.3351372937802964,0.5111371290239233
2026-01-04 12:00:00,0.5292861150850725,0.3530469706904633,0.13757376088178172,0.2965404912493428,0.14403073475673087,0.4153747550607127,0.13050301525000002,0.3066267383152723,0.5872635686250001,0.13050301525000002
2026-01-04 13:00:00,0.13050301525000002,0.5354539807461145,0.30451181391488974,0.5234293724049964,0.13050301525000002,0.3752336766183892,0.23589415135657085,0.40183521266520217,0.5822814297916569,0.4289164699720172
2026-01-04 14:00:00,0.39697671994030304,0.36253807211204636,0.24861586585819237,0.3266779488526192,0.26964956797575623,0.28926055801772543,0.5872635686250001,0.5872635686250001,0.3193943745173831,0.13050301525000002
2026-01-04 15:00:00,0.26607205943267404,0.5437963378070692,0.29250531959264414,0.17303524955621444,0.5872635686250001,0.3602901918622764,0.5241506772374369,0.13050301525000002,0.41264454167005526,0.328612997237958
2026-01-04 16:00:00,0.1973016317638269,0.5489937722703104,0.2163701596070936,0.38701666590686973,0.16994446703651273,0.19212569019747514,0.4161117427831505,0.24527306156777443,0.46326513565520017,0.31969472983290875
2026-01-04 17:00:00,0.26691174347670554,0.28324707188051024,0.13050301525000002,0.13050301525000002,0.26490852250343677,0.404765622230485,0.33117514126050923,0.37922311799261627,0.3638585518513736,0.35633752021977716
2026-01-04 18:00:00,0.13050301525000002,0.2828487078448556,0.3977551027711273,0.2707152772032282,0.3317758527614646,0.3446321380554434,0.5564897957945625,0.5872635686250001,0.4201134240274265,0.5581376201770446
2026-01-04 19:00:00,0.2114341825906588,0.13050301525000002,0.2947230692201187,0.13050301525000002,0.0,0.5872635686250001,0.46705780591270185,0.0,0.44165556635822933,0.3260658680761326
2026-01-04 20:00:00,0.31418061423454113,0.0,0.4208870731530272,0.13050301525000002,0.0,0.0,0.13050301525000002,0.0,0.0,0.2790921232558894
2026-01-04 21:00:00,0.0,0.0,0.0,0.0,0.0,0.0,0.0,0.0,0.0,0.0
2026-01-04 22:00:00,0.0,0.0,0.0,0.0,0.0,0.0,0.0,0.0,0.0,0.0
2026-01-04 23:00:00,0.0,0.0,0.0,0.0,0.0,0.0,0.0,0.0,0.0,0.0
2026-01-05 00:00:00,0.0,0.0,0.0,0.0,0.0,0.0,0.0,0.0,0.0,0.0
2026-01-05 01:00:00,0.0,0.0,0.0,0.0,0.0,0.0,0.0,0.0,0.0,0.0
2026-01-05 02:00:00,0.0,0.0,0.0,0.0,0.0,0.0,0.0,0.0,0.0,0.0
2026-01-05 03:00:00,0.0,0.0,0.0,0.0,0.0,0.0,0.0,0.0,0.0,0.0
2026-01-05 04:00:00,0.0,0.0,0.0,0.0,0.0,0.0,0.0,0.0,0.0,0.0
2026-01-05 05:00:00,0.0,0.24967262383721317,0.0,0.0,0.0,0.0,0.0,0.0,0.0,0.0
2026-01-05 06:00:00,0.0,0.15425931398304976,0.12261975796040002,0.0,0.4088642609640337,0.4543471987404533,0.1934043792111889,0.2686424464217889,0.2280398921985173,0.19419441220249323
2026-01-05 07:00:00,0.388646252322843,0.12261975796040002,0.1516820645862399,0.4482629419032342,0.12261975796040002,0.4332551474894601,0.2730842121702084,0.550916525405831,0.2821633603020511,0.471807257943756
2026-01-05 08:00:00,0.2904549710255759,0.12261975796040002,0.3449454203363858,0.24852400627910332,0.31511055675094085,0.12261975796040002,0.3863429091001458,0.5259195553613785,0.17397484859627188,0.3044644261529286
2026-01-05 09:00:00,0.14676080751451875,0.13745840474267443,0.12261975796040002,0.24639777414330274,0.12261975796040002,0.5517889108218,0.40065947079886705,0.4198010843734476,0.4679235398192953,0.27287661833130433
2026-01-05 10:00:00,0.32133856957360374,0.25214357328029596,0.3148706991166767,0.312789244447975,0.12745654563897718,0.12261975796040002,0.34147793740002047,0.1847766202732497,0.5517889108218,0.3164362563209252
2026-01-05 11:00:00,0.2516783842340361,0.5517889108218,0.3424884627069434,0.12261975796040002,0.3577926850661746,0.12261975796040002,0.30955075459967224,0.12261975796040002,0.38355670673623243,0.3629871539630853
2026-01-05 12:00:00,0.3975578297880392,0.39337437094666616,0.33818698491905674,0.4766226946778084,0.5462458279027285,0.3716411574087124,0.37978109643589403,0.46947127791120125,0.42662645764853696,0.3268648587348771
2026-01-05 13:00:00,0.12261975796040002,0.12261975796040002,0.12504088289605353,0.12261975796040002,0.12261975796040002,0.4660923169385036,0.3218925875947527,0.40251024605112845,0.4888242500816139,0.3464198088347877
2026-01-05 14:00:00,0.18058716579072434,0.12261975796040002,0.23950485526760582,0.32142113508821907,0.12261975796040002,0.296189748646334,0.4264283974202575,0.2700984132245269,0.35189139195618296,0.3393847806211786
2026-01-05 15:00:00,0.1698004529591553,0.33670455980675074,0.4599066001479054,0.23859832091438732,0.40719894312317656,0.42673862954339936,0.12261975796040002,0.3090043774096637,0.43974476836170856,0.4976023047064467
2026-01-05 16:00:00,0.12261975796040002,0.3491642467979008,0.3223579122144255,0.40788580726700524,0.30582149900191413,0.12261975796040002,0.5517889108218,0.17554219099476107,0.42876894000712396,0.4410289225301298
2026-01-05 17:00:00,0.28499335378059404,0.4068422349567352,0.265995610990789,0.12261975796040002,0.49915085219250976,0.12261975796040002,0.18525084024134125,0.2539417926198759,0.21564812458408783,0.26495147971223426
2026-01-05 18:00:00,0.27912431458843173,0.31237634728528746,0.5517889108218,0.12261975796040002,0.12261975796040002,0.5517889108218,0.382062198526134,0.3447949945681009,0.3084625990036527,0.5309912535007615
2026-01-05 19:00:00,0.23628580504758903,0.5517889108218,0.14099225134281893,0.14351875551010673,0.3401589587048653,0.34213445648928104,0.16361873298071364,0.4555757265414273,0.12261975796040002,0.2835367839470877
2026-01-05 20:00:00,0.19616568637587747,0.2497081117049683,0.12261975796040002,0.12261975796040002,0.12261975796040002,0.3026069777460239,0.5176407064034814,0.42793595447993665,0.27954798053291774,0.346851646822094
2026-01-05 21:00:00,0.12261975796040002,0.12416540557870386,0.3027029274077843,0.12261975796040002,0.31104016579249694,0.3233016054852059,0.2842934013742476,0.4725009327129621,0.5517889108218,0.151422316570233
2026-01-05 22:00:00,0.16502401652170348,0.1842367897295281,0.12327229769440569,0.20674618228187397,0.39541774140261515,0.29070395413487715,0.3276552512426575,0.5009338271848736,0.4372819661673547,0.5517889108218
2026-01-05 23:00:00,0.17806776077883985,0.39573179564512356,0.12261975796040002,0.5517889108218,0.4743102095099053,0.4968432076741452,0.0,0.37936113288587303,0.5216217691411141,0.1666719780136701
2026-01-06 00:00:00,0.0,0.0,0.0,0.0,0.0,0.0,0.0,0.0,0.0,0.0
2026-01-06 01:00:00,0.0,0.0,0.0,0.0,0.0,0.0,0.0,0.0,0.0,0.0
2026-01-06 02:00:00,0.0,0.0,0.0,0.0,0.0,0.0,0.0,0.0,0.0,0.0
2026-01-06 03:00:00,0.0,0.0,0.0,0.0,0.0,0.0,0.0,0.0,0.0,0.0
2026-01-06 04:00:00,0.0,0.0,0.0,0.0,0.0,0.0,0.0,0.0,0.0,0.0
2026-01-06 05:00:00,0.0,0.0,0.0,0.23517110637260918,0.0,0.0,0.0,0.5179263113856148,0.0,0.0
2026-01-06 06:00:00,0.2871897333572787,0.46168061977202834,0.38673479282710643,0.3055773345545533,0.13306301459840003,0.4172155443473801,0.0,0.403327529719929,0.5282963034388843,0.13306301459840003
2026-01-06 07:00:00,0.3022601268907017,0.216628485196786,0.2810986569416646,0.3586093516591119,0.35608525996598717,0.13306301459840003,0.3215213314447966,0.13641812780936663,0.18828219632242918,0.4210713556275747
2026-01-06 08:00:00,0.24195930079116285,0.13306301459840003,0.3162040853905815,0.49754383098355487,0.23032578132660192,0.22887694590837024,0.40802837835681743,0.35692962905685316,0.28480442122252114,0.5597826432904904
2026-01-06 09:00:00,0.13306301459840003,0.13306301459840003,0.18559000038276616,0.41151801292041906,0.5682773000937401,0.13306301459840003,0.5987835656928001,0.2922590866517385,0.2387669095188441,0.24402434757737088
2026-01-06 10:00:00,0.25066524592144357,0.4291719484419141,0.18088986695988307,0.2036624027946747,0.450527755407349,0.5987835656928001,0.24084371498061863,0.38241697429204047,0.3940552843575235,0.31679979345284215
2026-01-06 11:00:00,0.2664206621897719,0.571546892150495,0.22989357053835477,0.49015757449488356,0.22564618595792202,0.34707800712092635,0.19102076406656074,0.13306301459840003,0.5276154610384911,0.351088397605403
2026-01-06 12:00:00,0.5987835656928001,0.13306301459840003,0.13306301459840003,0.3125117032481765,0.13306301459840003,0.19629491641241842,0.5987835656928001,0.13306301459840003,0.46638000583550643,0.31837030734292054
2026-01-06 13:00:00,0.22054227076343122,0.13306301459840003,0.13306301459840003,0.414881135219287,0.14658438807524296,0.3846974431168835,0.39596972863977864,0.42992034672068413,0.5987835656928001,0.13306301459840003
2026-01-06 14:00:00,0.3102513378654661,0.1572760139219711,0.5184798680839543,0.5987835656928001,0.19788320459964595,0.2180100827958965,0.5541958893301343,0.33229478923661926,0.5085598942604024,0.5987835656928001
2026-01-06 15:00:00,0.2491762540674588,0.38984996119491266,0.31327486210862876,0.28651599689775237,0.13306301459840003,0.13306301459840003,0.13306301459840003,0.18691385077870046,0.21123888762506463,0.22732649828842863
2026-01-06 16:00:00,0.13306301459840003,0.4716416529466323,0.44940765783732695,0.13306301459840003,0.3730796216655427,0.3817545615007427,0.4546525080787364,0.5558305332209572,0.3300740485676747,0.1615792917753051
2026-01-06 17:00:00,0.4630530557108116,0.18332069174222776,0.3174036301714874,0.19206550015060136,0.13306301459840003,0.22637016694759798,0.31351199715137223,0.5987835656928001,0.28478262540700966,0.23351411671138456
2026-01-06 18:00:00,0.3920553479128256,0.13306301459840003,0.13306301459840003,0.1888930207661312,0.22132670141430985,0.13790251560006905,0.13306301459840003,0.1810506289067441,0.24405349207636495,0.5987835656928001
2026-01-06 19:00:00,0.399156923409892,0.13306301459840003,0.4945841958221427,0.3760224726800983,0.4514258044323397,0.3764280848583737,0.25634725103507316,0.37712066138059425,0.36465584838545106,0.47686783634840657
2026-01-06 20:00:00,0.13306301459840003,0.2300940631694157,0.2950752688714804,0.5342094804934163,0.44596330219077795,0.2679205412292955,0.4260713081247069,0.17329300654623953,0.3342411694103083,0.3061388071095983
2026-01-06 21:00:00,0.5102719424578154,0.13306301459840003,0.2294910898866211,0.2743023718478813,0.1432807781819269,0.5987835656928001,0.33782355688660276,0.4548780923940044,0.5189120600701962,0.13306301459840003
2026-01-06 22:00:00,0.13306301459840003,0.13306301459840003,0.5203011473091629,0.13306301459840003,0.35087768302618483,0.4580835047102671,0.13306301459840003,0.13306301459840003,0.2488742528669675,0.4091396203438717
2026-01-06 23:00:00,0.36207243759287283,0.2042681464698083,0.5079450422239448,0.4092346026689199,0.5217123392743345,0.13306301459840003,0.0,0.19361559112562987,0.2476287806280383,0.31473000024134373
2026-01-07 00:00:00,0.0,0.0,0.0,0.0,0.0,0.0,0.0,0.0,0.0,0.0
2026-01-07 01:00:00,0.0,0.0,0.0,0.0,0.0,0.0,0.0,0.0,0.0,0.0
2026-01-07 02:00:00,0.0,0.0,0.0,0.0,0.0,0.0,0.0,0.0,0.0,0.0
2026-01-07 03:00:00,0.0,0.0,0.0,0.0,0.0,0.0,0.0,0.0,0.0,0.0
2026-01-07 04:00:00,0.0,0.0,0.0,0.0,0.0,0.0,0.0,0.0,0.0,0.0
2026-01-07 05:00:00,0.0,0.0,0.30309411045370466,0.0,0.0,0.0,0.0,0.0,0.0,0.4031680998420481
2026-01-07 06:00:00,0.0,0.2971948664635457,0.42078912495556997,0.12827563053440003,0.0,0.26713442922706543,0.32578868907602926,0.3909099249837713,0.23384356160016298,0.21345784316488836
2026-01-07 07:00:00,0.0,0.5522073469213404,0.3357776673454406,0.12827563053440003,0.16330363873845866,0.31551247251258413,0.20100693891121707,0.5772403374048001,0.5772403374048001,0.23737308868746948
2026-01-07 08:00:00,0.15813251883404972,0.24206067429347464,0.3922015645385416,0.4656472248728696,0.14738602944321225,0.5772403374048001,0.19168598591733274,0.4960633936159466,0.37397821382509755,0.5000226732162397
2026-01-07 09:00:00,0.12827563053440003,0.35210080571296615,0.24676952832108212,0.12827563053440003,0.17631441160363537,0.5685832784326477,0.2742197858380975,0.4503569534233073,0.3042909678003919,0.12827563053440003
2026-01-07 10:00:00,0.25829432942156877,0.2827248445414857,0.13674294074688922,0.12827563053440003,0.2611246043022823,0.5602286466641705,0.388383099482569,0.5683611980340333,0.34739613776261713,0.4076766282295775
2026-01-07 11:00:00,0.12827563053440003,0.32595265503040066,0.13098123552800903,0.3026486903775177,0.3464488731668885,0.5237820747046535,0.39529241633534445,0.5533087634991839,0.12827563053440003,0.25973219596950886
2026-01-07 12:00:00,0.3292134624765522,0.30400908946253413,0.38346397495603984,0.12827563053440003,0.5772403374048001,0.5447609969975162,0.12827563053440003,0.19184676444661336,0.3655850641035196,0.24973009927404058
2026-01-07 13:00:00,0.12827563053440003,0.5391339329910663,0.15203470832164165,0.21609830549540468,0.2753428403927848,0.5772403374048001,0.3706241618024697,0.2645498518159706,0.5772403374048001,0.24353817741647282
2026-01-07 14:00:00,0.5176768904946967,0.12827563053440003,0.5259146554594823,0.49880225284843877,0.3014502087858291,0.3688990294163755,0.12827563053440003,0.3986887902690535,0.5772403374048001,0.32404039964478104
2026-01-07 15:00:00,0.12827563053440003,0.12827563053440003,0.2987569019905098,0.2641655200623184,0.12827563053440003,0.5772403374048001,0.43458287511949123,0.257533427872229,0.5469140124683701,0.3348097654651698
2026-01-07 16:00:00,0.18989745148121612,0.5198651298285258,0.2880728444108312,0.12827563053440003,0.47019590973485637,0.5261258755562374,0.12827563053440003,0.39400664247248457,0.3456902853518991,0.41578030312410563
2026-01-07 17:00:00,0.388733013047903,0.12827563053440003,0.3896986609005804,0.5772403374048001,0.16131164413153518,0.38960576113922696,0.2627763964830667,0.1351753519586398,0.12827563053440003,0.4433145270145013
2026-01-07 18:00:00,0.12827563053440003,0.12827563053440003,0.37248067578295646,0.22924688847062372,0.13590539131738347,0.2593508824255841,0.3772430842902906,0.12827563053440003,0.358974898760006,0.35521329893979314
2026-01-07 19:00:00,0.2861165889431263,0.12827563053440003,0.38307446537795525,0.16344231638555404,0.12827563053440003,0.26239587832274464,0.5506399606971413,0.4512454056892336,0.22437096215471894,0.3642092567491711
2026-01-07 20:00:00,0.47516498639657734,0.35462031542324685,0.20673430152589878,0.42095129662341535,0.27479292494296353,0.3299961673207131,0.29282532157910196,0.12827563053440003,0.15455643229814606,0.5772403374048001
2026-01-07 21:00:00,0.12827563053440003,0.3469054482990396,0.4318949603712379,0.23343101631911697,0.40296712686110264,0.12827563053440003,0.451862832902567,0.2671453271914966,0.5772403374048001,0.47622019364022655
2026-01-07 22:00:00,0.2786179042340277,0.2469879645062997,0.12827563053440003,0.5360171483786392,0.5591038440252375,0.29098541490377844,0.4462360860147797,0.3580649667553843,0.1521913237629255,0.44781868187438106
2026-01-07 23:00:00,0.29179370961680556,0.3686501082710435,0.12827563053440003,0.12827563053440003,0.0,0.0,0.5274161492204804,0.5772403374048001,0.3641469294635838,0.12827563053440003
2026-01-08 00:00:00,0.0,0.0,0.0,0.0,0.0,0.0,0.0,0.0,0.0,0.0
2026-01-08 01:00:00,0.0,0.0,0.0,0.0,0.0,0.0,0.0,0.0,0.0,0.0
2026-01-08 02:00:00,0.0,0.0,0.0,0.0,0.0,0.0,0.0,0.0,0.0,0.0
2026-01-08 03:00:00,0.0,0.0,0.0,0.0,0.0,0.0,0.0,0.0,0.0,0.0
2026-01-08 04:00:00,0.0,0.0,0.0,0.0,0.0,0.0,0.0,0.0,0.0,0.0
2026-01-08 05:00:00,0.0,0.3115961773512058,0.0,0.0,0.0,0.0,0.0,0.0,0.0,0.0
2026-01-08 06:00:00,0.2736012543117154,0.1742392365572797,0.0,0.19162468003410543,0.3616196835950434,0.0,0.4991092752697895,0.5120794675333302,0.3781646779813439,0.0
2026-01-08 07:00:00,0.2661344870365103,0.11765852221440001,0.3895366731625537,0.30682752754948595,0.3184132927651876,0.2918380507795034,0.2337310239911772,0.3087058452344807,0.2135070177809833,0.34017212160332305
2026-01-08 08:00:00,0.2815452902938193,0.11765852221440001,0.11765852221440001,0.11765852221440001,0.31855805012344063,0.13875388523806448,0.3704562597171781,0.28485484591214083,0.34621659375978797,0.11765852221440001
2026-01-08 09:00:00,0.11765852221440001,0.11765852221440001,0.13453260640605874,0.2714467693283683,0.11765852221440001,0.11765852221440001,0.3328444791293692,0.5294633499648,0.20358729919810642,0.450610594841701
2026-01-08 10:00:00,0.2632052082156225,0.31739726817778685,0.11765852221440001,0.11765852221440001,0.11765852221440001,0.5238912152154543,0.11765852221440001,0.4859997630735195,0.18937963679301842,0.21946219774904246
2026-01-08 11:00:00,0.27297293981185544,0.19591802712151354,0.11765852221440001,0.3864975054529628,0.33024047426877107,0.23381778676060744,0.48828569505994185,0.24396217787080055,0.4803627741843282,0.5294633499648
2026-01-08 12:00:00,0.11765852221440001,0.11765852221440001,0.2276789612941269,0.23027571060098098,0.3139318082932723,0.5294633499648,0.3667577061227762,0.11765852221440001,0.40007027274460216,0.3969233790947594
2026-01-08 13:00:00,0.5255549936130388,0.11765852221440001,0.33218083200089354,0.3365249427279048,0.11765852221440001,0.11765852221440001,0.33700413902970444,0.4715803276650599,0.4338699197772853,0.20251892830665902
2026-01-08 14:00:00,0.30200376955928154,0.11765852221440001,0.24733851501867982,0.13273323342544918,0.2171306616453794,0.5294633499648,0.16517216482346253,0.3878055705099125,0.32200014184042136,0.4784350096336306
2026-01-08 15:00:00,0.11765852221440001,0.1772619816063799,0.21308853206989167,0.21731385313931006,0.11765852221440001,0.3453598058467518,0.20363762294892115,0.3895657459964378,0.5294633499648,0.19565645812794788
2026-01-08 16:00:00,0.33134942147946755,0.13630457552888703,0.34335053651722325,0.14286143060844816,0.11765852221440001,0.11765852221440001,0.1556619643390557,0.11765852221440001,0.3082290382838314,0.2492336743518397
2026-01-08 17:00:00,0.11765852221440001,0.39906619098700685,0.18329189138824925,0.3357089467714565,0.39754101817032705,0.11765852221440001,0.38003728498139294,0.4280614625266994,0.2172582018012554,0.2555610803910821
2026-01-08 18:00:00,0.35231320612261746,0.21709344911504933,0.4005738272560738,0.11765852221440001,0.1441964705836039,0.5020992136087399,0.16876936988736668,0.2434335729486109,0.1840540097956611,0.5098812802304997
2026-01-08 19:00:00,0.41197931126140047,0.11765852221440001,0.49566524092550845,0.1772090868923603,0.2121056581829551,0.11765852221440001,0.5294633499648,0.44856514941407405,0.14732936167414482,0.11765852221440001
2026-01-08 20:00:00,0.11765852221440001,0.15843409988329007,0.1338906900602525,0.3629537225574906,0.22037829821325683,0.44355138687663,0.1948433796355703,0.34832213385845934,0.28326691868904125,0.3076895742304386
2026-01-08 21:00:00,0.380626309626947,0.3762923139757689,0.2968146898499799,0.33968906901661294,0.27685371701590955,0.47330413389530784,0.11765852221440001,0.11765852221440001,0.3049909178880591,0.11765852221440001
2026-01-08 22:00:00,0.2921985822727847,0.26247873499352525,0.0,0.0,0.410217603568752,0.3314234119280765,0.38352610667996895,0.33926087895775675,0.5294633499648,0.2354855058430514
2026-01-08 23:00:00,0.0,0.11765852221440001,0.0,0.0,0.0,0.485983849930593,0.17001198034048817,0.3727601266155862,0.4154258338077977,0.2819852501809884
2026-01-09 00:00:00,0.0,0.0,0.0,0.0,0.0,0.0,0.0,0.0,0.0,0.0
2026-01-09 01:00:00,0.0,0.0,0.0,0.0,0.0,0.0,0.0,0.0,0.0,0.0
2026-01-09 02:00:00,0.0,0.0,0.0,0.0,0.0,0.0,0.0,0.0,0.0,0.0
2026-01-09 03:00:00,0.0,0.0,0.0,0.0,0.0,0.0,0.0,0.0,0.0,0.0
2026-01-09 04:00:00,0.0,0.0,0.0,0.0,0.0,0.0,0.0,0.0,0.0,0.0
2026-01-09 05:00:00,0.0,0.0,0.14814502440973773,0.0,0.0,0.0,0.0,0.4848747360897783,0.0,0.0
2026-01-09 06:00:00,0.1137342385344,0.1137342385344,0.29298555575907165,0.35773789712666737,0.1137342385344,0.36347259604570314,0.4417515133648554,0.3595386234675539,0.0,0.22417107701316166
2026-01-09 07:00:00,0.1137342385344,0.1137342385344,0.1137342385344,0.1137342385344,0.19650228696124475,0.2951599232451265,0.4939631787928914,0.49321812331215026,0.19709604077926557,0.37751117701521897
2026-01-09 08:00:00,0.20639991073951577,0.23469424105019163,0.19850568871318802,0.1137342385344,0.2239099788752976,0.17171784084198974,0.2120418257909534,0.3187678868177376,0.3404594429484699,0.43795015730882264
2026-01-09 09:00:00,0.27133263899562715,0.22247881477363143,0.1137342385344,0.17988841012530699,0.3508964764965926,0.42942217189768683,0.19645557473443798,0.3473830838584681,0.34651730592824626,0.3892333457714142
2026-01-09 10:00:00,0.26132521969783723,0.1137342385344,0.1965460404086238,0.20303751573236467,0.2623151334808265,0.15154160302551614,0.5113320625106991,0.34590150604513936,0.2064702462641252,0.2701424520022382
2026-01-09 11:00:00,0.34678765073306705,0.31765622070041355,0.1399279419042559,0.3111286169212458,0.1137342385344,0.1303483494351974,0.2661668363117804,0.11714643758694572,0.19543869689862278,0.1137342385344
2026-01-09 12:00:00,0.22038824575765606,0.1192275465341873,0.2524436170641211,0.15716204832164743,0.1137342385344,0.1695103437211768,0.4123172410476017,0.5060453057687845,0.24029811690667102,0.12210785891840076
2026-01-09 13:00:00,0.4440268853143278,0.1698181400523008,0.1137342385344,0.1137342385344,0.21031315183283505,0.30491505782604467,0.12647839002715253,0.34314785894863387,0.2774638364394533,0.3294757247481349
2026-01-09 14:00:00,0.17728249624334907,0.1137342385344,0.19132777847824367,0.1357468974437753,0.5118040734047999,0.5118040734047999,0.18437792612287962,0.36019729569559733,0.42545519840908,0.39924493119699106
2026-01-09 15:00:00,0.5118040734047999,0.1473309210172312,0.1137342385344,0.29815614683347835,0.1137342385344,0.2737602021499041,0.38490348905460164,0.1137342385344,0.4418211721020001,0.20006336832105914
2026-01-09 16:00:00,0.31550286413140866,0.5118040734047999,0.272890612478007,0.1137342385344,0.2408038447327653,0.21450317044934752,0.15527147046637674,0.38005370208616884,0.3315756368681901,0.4981968831118032
2026-01-09 17:00:00,0.1137342385344,0.4314784567075224,0.1137342385344,0.25733465831212077,0.1137342385344,0.1405401009275005,0.3507431438642087,0.18586782544316108,0.23040239676583732,0.5118040734047999
2026-01-09 18:00:00,0.1137342385344,0.1137342385344,0.1137342385344,0.1137342385344,0.12227538924992476,0.47963213076803435,0.44476277250776636,0.5118040734047999,0.1137342385344,0.36586209929623037
2026-01-09 19:00:00,0.29327224670554536,0.1137342385344,0.17544975931930112,0.20062613621426917,0.2234531795922304,0.2269325552077483,0.14575802818934028,0.1137342385344,0.3509773622982981,0.3070786765143103
2026-01-09 20:00:00,0.18367775830485497,0.38231185870906637,0.3396161634744676,0.32081972795879193,0.24754838510766247,0.15538527309236885,0.21627133829063,0.23113982668510155,0.1137342385344,0.30958399272676557
2026-01-09 21:00:00,0.32921634091049096,0.30081425660166106,0.44140901111407116,0.1874906574808549,0.19619145685363792,0.1137342385344,0.28067872215110684,0.15672162140017212,0.38584006864604614,0.4809040891254124
2026-01-09 22:00:00,0.291838570982744,0.1137342385344,0.2490060889388575,0.4142491615109416,0.3280201683691426,0.36323491706850647,0.1137342385344,0.41117890599820717,0.1137342385344,0.0
2026-01-09 23:00:00,0.20706325062435427,0.22363330075068763,0.20166522240216853,0.0,0.0,0.16520241220216025,0.0,0.18036215085927962,0.3418400142211292,0.0
2026-01-10 00:00:00,0.0,0.0,0.0,0.0,0.0,0.0,0.0,0.0,0.0,0.0
2026-01-10 01:00:00,0.0,0.0,0.0,0.0,0.0,0.0,0.0,0.0,0.0,0.0
2026-01-10 02:00:00,0.0,0.0,0.0,0.0,0.0,0.0,0.0,0.0,0.0,0.0
2026-01-10 03:00:00,0.0,0.0,0.0,0.0,0.0,0.0,0.0,0.0,0.0,0.0
2026-01-10 04:00:00,0.0,0.0,0.0,0.0,0.0,0.0,0.0,0.0,0.0,0.0
2026-01-10 05:00:00,0.0,0.0,0.0,0.0,0.0,0.0,0.0,0.535324518,0.0,0.0
2026-01-10 06:00:00,0.0,0.0,0.35470965892477113,0.0,0.0,0.0,0.0,0.5025605709723717,0.0,0.0
2026-01-10 07:00:00,0.26317004889627277,0.0,0.11896100400000001,0.0,0.0,0.0,0.0,0.21242452719891203,0.12969383509072954,0.0
2026-01-10 08:00:00,0.11896100400000001,0.35772970243922486,0.2050442898876365,0.3228635141724616,0.21360012168001205,0.419981937291273,0.535324518,0.32475484411100775,0.41247907098906994,0.2967380737200857
2026-01-10 09:00:00,0.2565265530296169,0.1329159551868728,0.3175477920529362,0.17079314185512184,0.1264787123022936,0.380106411793683,0.11896100400000001,0.2251513984412457,0.46958604560197087,0.13831729872894272
2026-01-10 10:00:00,0.29097364598937664,0.17888135165929347,0.11896100400000001,0.11896100400000001,0.15111716963109156,0.36113843939099216,0.16457656327374218,0.2146339846597371,0.18061931982072113,0.4017051942867473
2026-01-10 11:00:00,0.11896100400000001,0.17891004811787795,0.22942338380168412,0.47487170319852706,0.27318302661026067,0.17542910211404808,0.43715388244465764,0.3324916121456533,0.4521725085523341,0.535324518
2026-01-10 12:00:00,0.2533672825475859,0.49294998647526056,0.15898588326805396,0.41126834691061054,0.3911361133964769,0.2494987112095074,0.2608192760321297,0.210355056113729,0.30042702056203635,0.11896100400000001
2026-01-10 13:00:00,0.23785716243746913,0.3590761299459213,0.3515896289788345,0.25234913471555487,0.11896100400000001,0.24642852029723047,0.35203046995348536,0.15628518456184975,0.13157003306723952,0.1368577120036432
2026-01-10 14:00:00,0.11896100400000001,0.21873844490007868,0.535324518,0.16347902752793686,0.11899511204087948,0.3633863382794346,0.4004566250661418,0.27131559491280105,0.18975297278179737,0.535324518
2026-01-10 15:00:00,0.2865032727015643,0.11896100400000001,0.26284765040134384,0.11896100400000001,0.11896100400000001,0.24700530725666778,0.41707459112730233,0.4478952313334203,0.1995763103059331,0.3608931264579445
2026-01-10 16:00:00,0.3194663119182465,0.535324518,0.11896100400000001,0.2234937893130927,0.11896100400000001,0.49303455117293893,0.48316258739388573,0.2638783976377784,0.18357970173531246,0.4995264683172293
2026-01-10 17:00:00,0.4042729060457055,0.36948299702699444,0.16614807584930075,0.45895686427297966,0.1513289923630652,0.11896100400000001,0.3137585267448916,0.34410650922993974,0.40524029422258917,0.11896100400000001
2026-01-10 18:00:00,0.39952337060380866,0.11896100400000001,0.535324518,0.4642624437112542,0.11896100400000001,0.2765682974865371,0.11896100400000001,0.11896100400000001,0.535324518,0.32742301334451285
2026-01-10 19:00:00,0.0,0.0,0.535324518,0.0,0.28067157499439777,0.535324518,0.3804795516026372,0.11896100400000001,0.0,0.0
2026-01-10 20:00:00,0.0,0.0,0.11896100400000001,0.0,0.0,0.4954682749630822,0.0,0.0,0.0,0.0
2026-01-10 21:00:00,0.0,0.0,0.0,0.0,0.0,0.35291792405355077,0.0,0.0,0.0,0.0
2026-01-10 22:00:00,0.0,0.0,0.0,0.0,0.0,0.0,0.0,0.0,0.0,0.0
2026-01-10 23:00:00,0.0,0.0,0.0,0.0,0.0,0.0,0.0,0.0,0.0,0.0
2026-01-11 00:00:00,0.0,0.0,0.0,0.0,0.0,0.0,0.0,0.0,0.0,0.0
2026-01-11 01:00:00,0.0,0.0,0.0,0.0,0.0,0.0,0.0,0.0,0.0,0.0
2026-01-11 02:00:00,0.0,0.0,0.0,0.0,0.0,0.0,0.0,0.0,0.0,0.0
2026-01-11 03:00:00,0.0,0.0,0.0,0.0,0.0,0.0,0.0,0.0,0.0,0.0
2026-01-11 04:00:00,0.0,0.0,0.0,0.0,0.0,0.0,0.0,0.0,0.0,0.0
2026-01-11 05:00:00,0.0,0.0,0.0,0.0,0.0,0.0,0.0,0.0,0.0,0.0
2026-01-11 06:00:00,0.29432333185096166,0.0,0.0,0.0,0.27057225228908544,0.0,0.0,0.24202466740158474,0.0,0.0
2026-01-11 07:00:00,0.5049312808698,0.43106249260193547,0.45203892280233615,0.15653337011999427,0.2955867881710912,0.0,0.0,0.3163861627731916,0.24601788387051482,0.0
2026-01-11 08:00:00,0.3028763578006649,0.20763892384107588,0.28013084928501447,0.1122069513044,0.5049312808698,0.36498971587404705,0.1122069513044,0.1122069513044,0.2362661838324244,0.36445275538289235
2026-01-11 09:00:00,0.38936340584424567,0.14791156826984084,0.25291609530010845,0.39931821912929083,0.1122069513044,0.1981934091832796,0.2540226511963326,0.3235584830351447,0.15108567681741572,0.18211523154457845
2026-01-11 10:00:00,0.3615546306635581,0.2597355972592217,0.35263214597153447,0.2007066348518844,0.40574555775963955,0.22981637567173005,0.16086451966999796,0.2749652490431,0.1650963373901665,0.5049312808698
2026-01-11 11:00:00,0.3152060515614442,0.18581116934891304,0.2592782513202075,0.44943390258143373,0.15069357574182768,0.3192399290445189,0.263641799151182,0.435100908191871,0.23096702272873473,0.46724505841484326
2026-01-11 12:00:00,0.16714992443819976,0.4333159844774806,0.21401603800323954,0.3722779809610615,0.19872331056279025,0.4363677331708509,0.3313793368252808,0.35208260680013764,0.2837034665521187,0.5049312808698
2026-01-11 13:00:00,0.3316829610332551,0.25282476378732066,0.2486897250131429,0.44651801042693506,0.1122069513044,0.26651507746759256,0.5049312808698,0.11477141552037903,0.2835206023386191,0.4974856611734528
2026-01-11 14:00:00,0.1122069513044,0.1122069513044,0.2544688358010037,0.19514485245234353,0.3114403605141311,0.40600368514024765,0.29008547775793064,0.2732705572551266,0.20779550626639384,0.30642066615474156
2026-01-11 15:00:00,0.17916561936582096,0.26688820024744403,0.28881987293377065,0.2641025354981735,0.1122069513044,0.5049312808698,0.3877689302765818,0.1122069513044,0.2383463645878481,0.1122069513044
2026-01-11 16:00:00,0.1410978576769472,0.15708017263587762,0.1940836677472666,0.138198188793142,0.408597327423247,0.43903954759531855,0.38279322104481445,0.20394594102405228,0.3258025171293857,0.3050497195119608
2026-01-11 17:00:00,0.22797739343915066,0.15699804601592005,0.4487152390173267,0.1122069513044,0.1122069513044,0.4016962779753847,0.2957071731389498,0.49832720932964275,0.40702641460666783,0.5049312808698
2026-01-11 18:00:00,0.5049312808698,0.43211056622928506,0.42619272617076953,0.1122069513044,0.24646395951196728,0.5049312808698,0.4422918009208812,0.1247873319556647,0.0,0.2312731354823411
2026-01-11 19:00:00,0.1122069513044,0.0,0.1122069513044,0.1122069513044,0.1122069513044,0.0,0.0,0.23809367184197033,0.0,0.41282959478015463
2026-01-11 20:00:00,0.0,0.0,0.0,0.0,0.0,0.0,0.0,0.0,0.0,0.0
2026-01-11 21:00:00,0.0,0.0,0.0,0.0,0.0,0.0,0.0,0.0,0.0,0.0
2026-01-11 22:00:00,0.0,0.0,0.0,0.0,0.0,0.0,0.0,0.0,0.0,0.0
2026-01-11 23:00:00,0.0,0.0,0.0,0.0,0.0,0.0,0.0,0.0,0.0,0.0
2026-01-12 00:00:00,0.0,0.0,0.0,0.0,0.0,0.0,0.0,0.0,0.0,0.0
2026-01-12 01:00:00,0.0,0.0,0.0,0.0,0.0,0.0,0.0,0.0,0.0,0.0
2026-01-12 02:00:00,0.0,0.0,0.0,0.0,0.0,0.0,0.0,0.0,0.0,0.0
2026-01-12 03:00:00,0.0,0.0,0.0,0.0,0.0,0.0,0.0,0.0,0.0,0.0
2026-01-12 04:00:00,0.0,0.0,0.0,0.0,0.0,0.0,0.0,0.0,0.0,0.0
2026-01-12 05:00:00,0.0,0.0,0.0,0.0,0.0,0.0,0.0,0.0,0.0,0.1725119130707378
2026-01-12 06:00:00,0.22484490899040857,0.1119889326784,0.0,0.18070427042449033,0.2435040712757209,0.0,0.0,0.0,0.1119889326784,0.4754036775089028
2026-01-12 07:00:00,0.1119889326784,0.1119889326784,0.24261350304288662,0.33871673401907665,0.3065232883565167,0.39189451189768004,0.1119889326784,0.2886668786112067,0.19324786150634052,0.2482703327590943
2026-01-12 08:00:00,0.1119889326784,0.17320563873410286,0.14808513639131385,0.1581907483347903,0.3649621616079031,0.1119889326784,0.21287095977154807,0.22625786822119864,0.2537989525171995,0.26467289670083904
2026-01-12 09:00:00,0.31890538798851636,0.3604465194271704,0.5039501970528,0.3742664615522797,0.2275032258456541,0.17656160159064235,0.5039501970528,0.4167006992322655,0.356878695243638,0.34536432579369974
2026-01-12 10:00:00,0.1119889326784,0.2882058061135951,0.16069519777416824,0.4041487301674121,0.1119889326784,0.23741963206832076,0.5039501970528,0.35015991173549066,0.5039501970528,0.1898894015696662
2026-01-12 11:00:00,0.2481076699008556,0.3094717275331955,0.3952238009391907,0.20202616229776985,0.18724979466826183,0.2665360318177818,0.23350511584403658,0.37018058079785454,0.39178108883558077,0.38441640346330064
2026-01-12 12:00:00,0.22198508517806897,0.26244980694847936,0.4214160360948391,0.23415926493265962,0.2776666966440113,0.4963989066882733,0.30126166731831,0.20836400457940543,0.4837837073104259,0.23489657522622337
2026-01-12 13:00:00,0.11541193325792194,0.44360172424002703,0.1119889326784,0.21498547699563694,0.303306930097909,0.1119889326784,0.3361517692696139,0.4760077981222422,0.3237754229250969,0.29973584871599945
2026-01-12 14:00:00,0.5039501970528,0.19284170970091788,0.16876694311516346,0.35315632656781704,0.267001621355676,0.47361883784734204,0.2757237468052341,0.1655355026799635,0.2375804416692198,0.25055114042934273
2026-01-12 15:00:00,0.311922714327041,0.28253246834258855,0.2473118792600764,0.2670880740384304,0.28218736897748475,0.40111344528501247,0.28219882365684135,0.3035435613862696,0.1119889326784,0.26680736669135163
2026-01-12 16:00:00,0.1119889326784,0.1771804673444084,0.1119889326784,0.3059559035959007,0.1119889326784,0.1119889326784,0.3483232978431724,0.5039501970528,0.16391485816206644,0.17212236786692228
2026-01-12 17:00:00,0.243521069638912,0.33343235532795373,0.3033810429660409,0.1119889326784,0.34809644424552394,0.25649313526414425,0.192919182508939,0.22123853611201114,0.3004949189738471,0.2830119954524314
2026-01-12 18:00:00,0.11385483354670015,0.1119889326784,0.18431365737928795,0.1119889326784,0.33024983949971876,0.26745374625405194,0.3298986018162122,0.47598033391878936,0.328965270755187,0.1119889326784
2026-01-12 19:00:00,0.34532588134615755,0.30120934844783737,0.30949340672605974,0.26340222935299673,0.19875434525426502,0.4152518977004613,0.2952500519413579,0.4852991074720788,0.38251867748903995,0.3350048340698273
2026-01-12 20:00:00,0.1119889326784,0.18442104239696622,0.2583472213290234,0.2590173501803114,0.1119889326784,0.32357540904094406,0.4065072729243516,0.33612730656289236,0.43900909110080377,0.2651793150901541
2026-01-12 21:00:00,0.19747957688232584,0.47233060635088486,0.5000169649434293,0.1119889326784,0.1119889326784,0.4837732912799851,0.1119889326784,0.39975124860616407,0.2228250168231677,0.1119889326784
2026-01-12 22:00:00,0.29221357716377344,0.22321667924531935,0.41055625853128297,0.3589072943821224,0.1119889326784,0.2373181218985897,0.12622738687819213,0.23516064902699285,0.0,0.5039501970528
2026-01-12 23:00:00,0.34736232595532174,0.151268256861112,0.24173465553053658,0.1703167423913943,0.1119889326784,0.5039501970528,0.34369708440276653,0.17901912022325,0.0,0.1119889326784
2026-01-13 00:00:00,0.0,0.0,0.0,0.0,0.0,0.0,0.0,0.0,0.0,0.0
2026-01-13 01:00:00,0.0,0.0,0.0,0.0,0.0,0.0,0.0,0.0,0.0,0.0
2026-01-13 02:00:00,0.0,0.0,0.0,0.0,0.0,0.0,0.0,0.0,0.0,0.0
2026-01-13 03:00:00,0.0,0.0,0.0,0.0,0.0,0.0,0.0,0.0,0.0,0.0
2026-01-13 04:00:00,0.0,0.0,0.0,0.0,0.0,0.0,0.0,0.0,0.0,0.0
2026-01-13 05:00:00,0.0,0.0,0.0,0.0,0.0,0.0,0.0,0.0,0.0,0.0
2026-01-13 06:00:00,0.4867829323115981,0.3573299698095711,0.0,0.505912608,0.30539992733258997,0.14514909359960584,0.505912608,0.505912608,0.11242502400000001,0.0
2026-01-13 07:00:00,0.27800460333398297,0.11242502400000001,0.11242502400000001,0.22540835813501137,0.17756133217287323,0.460944970821178,0.3537770578584713,0.2499619652744731,0.5037488400643633,0.11242502400000001
2026-01-13 08:00:00,0.11242502400000001,0.32111050603793695,0.17950160256803355,0.28942888482827145,0.24203913260757157,0.36532824942358405,0.18300508401759666,0.505912608,0.3688798302793806,0.20240578797130568
2026-01-13 09:00:00,0.35671128527692675,0.12121474390608254,0.11242502400000001,0.24168595192287975,0.4274896703132611,0.4501465209544906,0.33636681751194275,0.32164164645599885,0.33756538954420967,0.46633191831771736
2026-01-13 10:00:00,0.505912608,0.22489628657011573,0.21087625973710325,0.3924949453064179,0.17132582942301572,0.34966397037579,0.11242502400000001,0.3609523859444619,0.11242502400000001,0.11242502400000001
2026-01-13 11:00:00,0.37429832784589856,0.3232532296027181,0.11242502400000001,0.26805851445490975,0.31382092115461147,0.505912608,0.3176527899673173,0.40518013806525094,0.3585125570001079,0.3064614015331336
2026-01-13 12:00:00,0.11242502400000001,0.4261515183507492,0.41240747286019347,0.11242502400000001,0.3441056444163836,0.38398950394342635,0.4062726196666328,0.30957895967918925,0.505912608,0.3264457712105412
2026-01-13 13:00:00,0.14154540886517772,0.1801196734186789,0.260474572602476,0.11242502400000001,0.11242502400000001,0.4175957904832258,0.13937375926460416,0.12208424790107837,0.22370604306534192,0.19762510764994867
2026-01-13 14:00:00,0.41027643090208205,0.11242502400000001,0.40944940090409576,0.26397540827602034,0.23041117659261542,0.342439707679398,0.2497423119371868,0.505912608,0.35891980200568435,0.2635313981281778
2026-01-13 15:00:00,0.11242502400000001,0.20933048970772167,0.23571720156385984,0.18611272144237662,0.21277182733797576,0.3716667276537629,0.1748059490496291,0.30754194946450886,0.47570279842853924,0.33290355235123675
2026-01-13 16:00:00,0.28396464554027323,0.16098193166191865,0.40565016922763436,0.48427126502944773,0.12141681166141483,0.3447531007764112,0.3259364543441934,0.4729791254151072,0.505912608,0.3490679355898142
2026-01-13 17:00:00,0.33473151012553437,0.4054843197571383,0.26865286785818165,0.18059370282061174,0.12337862928770964,0.28863632146861745,0.11242502400000001,0.32968884034228,0.1952033039011782,0.15834089907800283
2026-01-13 18:00:00,0.11242502400000001,0.11242502400000001,0.1292046465932228,0.11242502400000001,0.18769916571168374,0.44463604621908265,0.253341357213579,0.35795354622376224,0.47157497005275106,0.11242502400000001
2026-01-13 19:00:00,0.206721275548036,0.13100593488707804,0.44446092247368524,0.1332448190048397,0.11655670770400985,0.3746042517928656,0.40171629491105404,0.17066655114768942,0.308142355435368,0.3082705823821342
2026-01-13 20:00:00,0.11242502400000001,0.17293045993746065,0.2970304182972591,0.21751498661981453,0.2757417579315758,0.38719361616927633,0.2277045439940881,0.24259145089086534,0.4463799121499093,0.2160462872128971
2026-01-13 21:00:00,0.11242502400000001,0.21313428989963004,0.39613636410731634,0.11242502400000001,0.11242502400000001,0.20761629075774518,0.4961258989519812,0.32412480471632704,0.3309804680729503,0.4654886577148041
2026-01-13 22:00:00,0.17709689772205406,0.11242502400000001,0.22254086889602076,0.2758222561237955,0.14744176697116093,0.11242502400000001,0.17702149784222682,0.16819260664212327,0.2250163797237493,0.311000563243175
2026-01-13 23:00:00,0.11242502400000001,0.0,0.1489723945653571,0.2942950890146685,0.0,0.36574546789735096,0.0,0.11242502400000001,0.0,0.33210429601677305
2026-01-14 00:00:00,0.0,0.0,0.0,0.0,0.0,0.0,0.0,0.0,0.0,0.0
2026-01-14 01:00:00,0.0,0.0,0.0,0.0,0.0,0.0,0.0,0.0,0.0,0.0
2026-01-14 02:00:00,0.0,0.0,0.0,0.0,0.0,0.0,0.0,0.0,0.0,0.0
2026-01-14 03:00:00,0.0,0.0,0.0,0.0,0.0,0.0,0.0,0.0,0.0,0.0
2026-01-14 04:00:00,0.0,0.0,0.0,0.0,0.0,0.0,0.0,0.0,0.0,0.0
2026-01-14 05:00:00,0.0,0.0,0.33587945892070326,0.0,0.0,0.0,0.0,0.0,0.0,0.0
2026-01-14 06:00:00,0.0,0.0,0.11024750000000001,0.1898596680589001,0.11024750000000001,0.3004168560629655,0.0,0.26938015814201777,0.4515956741075075,0.20318508432318472
2026-01-14 07:00:00,0.4285693005180722,0.14820909728802137,0.20377841139595426,0.2925418412909083,0.29066193988946804,0.44259645927418434,0.2826938275527097,0.4961137500000001,0.2643061047312886,0.20457148124395366
2026-01-14 08:00:00,0.11024750000000001,0.2933285651239734,0.28824175472763947,0.1757014338391433,0.28693435799892336,0.3131466866468602,0.22576587869588094,0.11024750000000001,0.18301342372512766,0.3105958693522828
2026-01-14 09:00:00,0.3867171977201859,0.33345557189880837,0.11024750000000001,0.1279941688672654,0.3386068510870401,0.11024750000000001,0.2480202680914147,0.11024750000000001,0.11024750000000001,0.36236170642992355
2026-01-14 10:00:00,0.21321515122384324,0.11024750000000001,0.30032106903824546,0.18809983520655932,0.12235120546787222,0.281504405078219,0.16332719017128813,0.37501384405673777,0.30652500114995124,0.4631510279371236
2026-01-14 11:00:00,0.11024750000000001,0.11024750000000001,0.2547120299900086,0.20377424786383652,0.4607336300201113,0.32850716761398835,0.334508218160387,0.11024750000000001,0.1341706951775744,0.4879865620606133
2026-01-14 12:00:00,0.28121615254311655,0.12255571034206625,0.3562194042578596,0.24244626274995557,0.12169632212262549,0.1416494411441112,0.3054189481240193,0.3245350468546051,0.47836584620242834,0.36184369348339046
2026-01-14 13:00:00,0.24163126312025984,0.11024750000000001,0.11024750000000001,0.4961137500000001,0.29859987428381396,0.20761545582396126,0.4961137500000001,0.26970104220887225,0.20235383443324764,0.22126029410665107
2026-01-14 14:00:00,0.12134986012536986,0.13232674683858595,0.1814652525667837,0.1401168238852419,0.32138468710450346,0.4961137500000001,0.27940216227045717,0.20847782985401564,0.11024750000000001,0.3247247409488715
2026-01-14 15:00:00,0.22217956482313916,0.20729539928555862,0.11024750000000001,0.16417394668676213,0.2800934790896374,0.23548724900576493,0.4961137500000001,0.38508142296688175,0.4036424047429523,0.14173377902429285
2026-01-14 16:00:00,0.15369019004892698,0.1390193362376759,0.1970581985305892,0.11024750000000001,0.14206572744579002,0.47479068884993547,0.28295448960446085,0.1406518820922896,0.354091770188644,0.46445689021892705
2026-01-14 17:00:00,0.22875817980560123,0.14815118342747993,0.12337067565909474,0.11024750000000001,0.20086054884553917,0.27624931615078574,0.39574014767995225,0.14354856159365967,0.4596652683592141,0.43381782247034634
2026-01-14 18:00:00,0.31131781335108866,0.11024750000000001,0.34550452265491566,0.30406054641529,0.26760521115397096,0.4961137500000001,0.12743503570718764,0.4087022149461338,0.2808321560195342,0.17905259429634648
2026-01-14 19:00:00,0.4503514409003491,0.11024750000000001,0.11024750000000001,0.21651567941553196,0.13201677761164343,0.4961137500000001,0.3132191616947634,0.1700753019378039,0.17091019018597597,0.19377590790006574
2026-01-14 20:00:00,0.11024750000000001,0.36261860068533,0.11024750000000001,0.377576993709618,0.3894141847855278,0.4961137500000001,0.4059998105425856,0.3273747312813421,0.26203059947626584,0.1964613401992446
2026-01-14 21:00:00,0.4961137500000001,0.11546254485700916,0.3264400039886464,0.2895037225948427,0.23910579893263625,0.4961137500000001,0.11024750000000001,0.3058594007177711,0.29013774576627177,0.20241478232201535
2026-01-14 22:00:00,0.11024750000000001,0.33458834899227524,0.31325993277581954,0.2613397973208968,0.1933669519236159,0.4961137500000001,0.11024750000000001,0.4869964450086525,0.4961137500000001,0.2736823372999967
2026-01-14 23:00:00,0.1888333892833631,0.3650731445073697,0.11024750000000001,0.0,0.2914882916649327,0.3165551825871961,0.14222667612648845,0.23882942241693522,0.0,0.11024750000000001
