date,Consumption_km_Vehicle_0,Consumption_km_Vehicle_1,Consumption_km_Vehicle_2,Consumption_km_Vehicle_3,Consumption_km_Vehicle_4,Consumption_km_Vehicle_5,Consumption_km_Vehicle_6
2026-01-01 00:00:00,0.0,0.0,0.0,0.0,0.0,0.0,0.0
2026-01-01 01:00:00,0.0,0.0,0.0,0.0,0.0,0.0,0.0
2026-01-01 02:00:00,0.0,0.0,0.0,0.0,0.0,0.0,0.0
2026-01-01 03:00:00,0.0,0.0,0.0,0.0,0.0,0.0,0.0
2026-01-01 04:00:00,0.0,0.0,0.0,0.0,0.0,0.0,0.0
2026-01-01 05:00:00,0.0,0.0,0.0,0.0,0.0,0.0,0.0
2026-01-01 06:00:00,0.0,0.0,0.0,0.0,0.0,0.0,0.0
2026-01-01 07:00:00,0.0,0.0,0.0,0.0,0.0,0.0,0.0
2026-01-01 08:00:00,0.18131949059820934,0.19559239588308477,0.17866779579826791,0.2916379310605882,0.11329772784640002,0.11329772784640002,0.20221428313376802
2026-01-01 09:00:00,0.18132202962994293,0.27789635611632113,0.314524688049661,0.2762564866496924,0.4897162443856328,0.36335680070028453,0.11329772784640002
2026-01-01 10:00:00,0.4617591079287514,0.2872357476311865,0.18853535877342337,0.4081926704313758,0.3260168871671093,0.16740963895030642,0.39152077072828473
2026-01-01 11:00:00,0.33621649159398637,0.11329772784640002,0.3274022629087974,0.40294998253587383,0.3680555126895384,0.20912416679305987,0.486572320729123
2026-01-01 12:00:00,0.14492676711546645,0.19978018085785545,0.378837483016223,0.28315245200976696,0.17745059415158018,0.36746110381052993,0.25171861765608256
2026-01-01 13:00:00,0.30143930698148635,0.263272644286211,0.5098397753088001,0.11329772784640002,0.39491957665498084,0.45317810682135595,0.11329772784640002
2026-01-01 14:00:00,0.14586344317720745,0.11329772784640002,0.18722384961133828,0.11329772784640002,0.3192620801202846,0.420461772540244,0.3948885794874132
2026-01-01 15:00:00,0.14550587974757365,0.12363210348957235,0.11329772784640002,0.33820550652185255,0.3882753701753716,0.4103419843402238,0.3270724786219784
2026-01-01 16:00:00,0.25495144114951296,0.28198911982367236,0.11329772784640002,0.3767364248955787,0.43323084339255946,0.16548511486293133,0.31460005627561144
2026-01-01 17:00:00,0.11329772784640002,0.11329772784640002,0.24469693396095243,0.3252100902129575,0.23468651580190458,0.2699937578306771,0.4515287095617857
2026-01-01 18:00:00,0.11329772784640002,0.13849212988735507,0.3469575222496172,0.13273576302178053,0.11329772784640002,0.22850029750698614,0.5098397753088001
2026-01-01 19:00:00,0.13057308470305015,0.16402024701677068,0.2521347744133576,0.28933844505220435,0.5098397753088001,0.44474712035076663,0.12478100520435909
2026-01-01 20:00:00,0.11329772784640002,0.3994816189172547,0.11329772784640002,0.4897189859439511,0.3216178790777129,0.17529586199042305,0.12834233189711886
2026-01-01 21:00:00,0.2661304269290899,0.3524669297602824,0.44961147861689865,0.2054357696851049,0.5098397753088001,0.3899242550327975,0.0
2026-01-01 22:00:00,0.11329772784640002,0.0,0.20953642780473303,0.0,0.43738710020038835,0.11329772784640002,0.0
2026-01-01 23:00:00,0.0,0.0,0.0,0.0,0.0,0.0,0.0
2026-01-02 00:00:00,0.0,0.0,0.0,0.0,0.0,0.0,0.0
2026-01-02 01:00:00,0.0,0.0,0.0,0.0,0.0,0.0,0.0
2026-01-02 02:00:00,0.0,0.0,0.0,0.0,0.0,0.0,0.0
2026-01-02 03:00:00,0.0,0.0,0.0,0.0,0.0,0.0,0.0
2026-01-02 04:00:00,0.0,0.0,0.0,0.0,0.0,0.0,0.0
2026-01-02 05:00:00,0.0,0.0,0.0,0.0,0.0,0.0,0.0
2026-01-02 06:00:00,0.0,0.0,0.0,0.0,0.0,0.0,0.0
2026-01-02 07:00:00,0.0,0.0,0.0,0.0,0.0,0.123259004,0.0
2026-01-02 08:00:00,0.123259004,0.123259004,0.0,0.2509967970754998,0.1786075375857525,0.28435648250458145,0.1495621912465518
2026-01-02 09:00:00,0.14506568882699977,0.21862165894553443,0.123259004,0.3562162141550767,0.39258177960224294,0.20707435373270133,0.123259004
2026-01-02 10:00:00,0.2553198515027284,0.4153378647617373,0.123259004,0.12555580268127986,0.5020403283409943,0.1446070159067891,0.123259004
2026-01-02 11:00:00,0.123259004,0.1442233649117268,0.3772218829528132,0.4649945521463587,0.3326459311834246,0.123259004,0.1985663257165701
2026-01-02 12:00:00,0.2998679309203736,0.26619366919199366,0.123259004,0.2662507140430991,0.3223071337610438,0.38892665515236047,0.3355617757512303
2026-01-02 13:00:00,0.13560070475735456,0.32037850265432644,0.5546655180000001,0.123259004,0.48361358477368493,0.2467375849097222,0.30798839490145097
2026-01-02 14:00:00,0.18758024001597676,0.5546655180000001,0.1408544571031584,0.123259004,0.15437494857080095,0.4216511121062695,0.26185058995630844
2026-01-02 15:00:00,0.13542102838727277,0.35864503161150485,0.234845756567357,0.3468118896936589,0.2348586574032791,0.4112348537417551,0.123259004
2026-01-02 16:00:00,0.5483003887495275,0.24011468342435865,0.2700660312052402,0.3298299271883002,0.123259004,0.46613775843846145,0.5366931631786621
2026-01-02 17:00:00,0.23438639931758204,0.123259004,0.2129423099142569,0.43492997916405823,0.2294646143085074,0.21537768295894402,0.123259004
2026-01-02 18:00:00,0.123259004,0.4659747380412231,0.19220739866712402,0.123259004,0.4592903099876376,0.2914863515157025,0.123259004
2026-01-02 19:00:00,0.37504926860416055,0.5546655180000001,0.435271001890961,0.123259004,0.45411646702154806,0.44202605667855444,0.2643368291343177
2026-01-02 20:00:00,0.123259004,0.123259004,0.2904746455896711,0.34357456230565453,0.39136524797602096,0.3955824584049198,0.2676263160018954
2026-01-02 21:00:00,0.2717982826947787,0.4438599950313052,0.38502830107456615,0.276170239741575,0.5243477942662252,0.27478983891236475,0.32880028022833735
2026-01-02 22:00:00,0.123259004,0.0,0.19668249481803535,0.2676335933898137,0.0,0.0,0.44284367640546596
2026-01-02 23:00:00,0.0,0.0,0.0,0.0,0.0,0.0,0.0
2026-01-03 00:00:00,0.0,0.0,0.0,0.0,0.0,0.0,0.0
2026-01-03 01:00:00,0.0,0.0,0.0,0.0,0.0,0.0,0.0
2026-01-03 02:00:00,0.0,0.0,0.0,0.0,0.0,0.0,0.0
2026-01-03 03:00:00,0.0,0.0,0.0,0.0,0.0,0.0,0.0
2026-01-03 04:00:00,0.0,0.0,0.0,0.0,0.0,0.0,0.0
2026-01-03 05:00:00,0.0,0.0,0.0,0.0,0.0,0.0,0.0
2026-01-03 06:00:00,0.0,0.0,0.0,0.0,0.0,0.0,0.0
2026-01-03 07:00:00,0.0,0.0,0.40940462217799906,0.0,0.0,0.0,0.0
2026-01-03 08:00:00,0.21305137367920043,0.2829928591347573,0.3674497931822927,0.0,0.17095386746969474,0.0,0.522244768936398
2026-01-03 09:00:00,0.18244470434997215,0.23772234843763024,0.15501675109772114,0.1209049010004,0.1209049010004,0.1209049010004,0.13138167017248972
2026-01-03 10:00:00,0.1209049010004,0.5440720545018,0.2110740325612864,0.22740006068416024,0.28130461944686,0.34448977638414247,0.1209049010004
2026-01-03 11:00:00,0.1209049010004,0.3069326209428689,0.17467846830113284,0.1209049010004,0.3355421840225014,0.1288574986868389,0.25134600301299664
2026-01-03 12:00:00,0.1561158028959877,0.4255279580725677,0.1209049010004,0.1209049010004,0.15097734338211127,0.2501124429006284,0.4217581289808201
2026-01-03 13:00:00,0.4065997772358954,0.3083316627225626,0.2693174766218503,0.25381600505989965,0.47354486950796065,0.46643768370050664,0.3199862875430076
2026-01-03 14:00:00,0.2888465195809732,0.32979719556246456,0.3183796880876103,0.5440720545018,0.22259436916969463,0.1209049010004,0.45936759906826913
2026-01-03 15:00:00,0.1209049010004,0.5440720545018,0.29621049318270815,0.1209049010004,0.15548517759446223,0.4428835038734143,0.5440720545018
2026-01-03 16:00:00,0.2856226693422178,0.281378441630799,0.25466985801944025,0.28900237178278737,0.5440720545018,0.3438031067572555,0.3205033434742003
2026-01-03 17:00:00,0.16858528265840378,0.15943888243127718,0.472001222684455,0.14528732673818773,0.21034091610599268,0.24848314643257116,0.32606354685657524
2026-01-03 18:00:00,0.1209049010004,0.1209049010004,0.3514422550343129,0.1209049010004,0.19783706744125779,0.1404151784685067,0.5440720545018
2026-01-03 19:00:00,0.0,0.0,0.0,0.0,0.0,0.0,0.18086084485868945
2026-01-03 20:00:00,0.0,0.0,0.0,0.0,0.0,0.0,0.0
2026-01-03 21:00:00,0.0,0.0,0.0,0.0,0.0,0.0,0.0
2026-01-03 22:00:00,0.0,0.0,0.0,0.0,0.0,0.0,0.0
2026-01-03 23:00:00,0.0,0.0,0.0,0.0,0.0,0.0,0.0
2026-01-04 00:00:00,0.0,0.0,0.0,0.0,0.0,0.0,0.0
2026-01-04 01:00:00,0.0,0.0,0.0,0.0,0.0,0.0,0.0
2026-01-04 02:00:00,0.0,0.0,0.0,0.0,0.0,0.0,0.0
2026-01-04 03:00:00,0.0,0.0,0.0,0.0,0.0,0.0,0.0
2026-01-04 04:00:00,0.0,0.0,0.0,0.0,0.0,0.0,0.0
2026-01-04 05:00:00,0.0,0.0,0.0,0.0,0.0,0.0,0.0
2026-01-04 06:00:00,0.0,0.0,0.0,0.0,0.0,0.0,0.0
2026-01-04 07:00:00,0.0,0.0,0.0,0.0,0.0,0.0,0.0
2026-01-04 08:00:00,0.0,0.14911419743685594,0.32347565553315905,0.521026664873437,0.0,0.3572731523665774,0.0
2026-01-04 09:00:00,0.19548374307736233,0.13050301525000002,0.13050301525000002,0.13050301525000002,0.18892018263857144,0.5649681549619815,0.13050301525000002
2026-01-04 10:00:00,0.30957593589390936,0.13050301525000002,0.5872635686250001,0.3425505373483362,0.38662355985917923,0.2555491771985652,0.19258478221789535
2026-01-04 11:00:00,0.42434609680161056,0.13050301525000002,0.347136906975267,0.3443104858513021,0.5872635686250001,0.13050301525000002,0.5872635686250001
2026-01-04 12:00:00,0.1652073121639092,0.2586412792674973,0.13050301525000002,0.13050301525000002,0.21338401401725438,0.17792699767643108,0.5872635686250001
2026-01-04 13:00:00,0.2174931274811995,0.15294731478879034,0.361231977827786,0.13050301525000002,0.5872635686250001,0.4175234917939842,0.5679754823709561
2026-01-04 14:00:00,0.13050301525000002,0.42068456926967,0.27873389571380874,0.13050301525000002,0.2833676169539721,0.46745874365280354,0.37560882523127254
2026-01-04 15:00:00,0.13050301525000002,0.5022907868978284,0.4617794078280556,0.13963631409091706,0.23174075007936687,0.13883087392694587,0.18390771341809545
2026-01-04 16:00:00,0.39530638954461783,0.274968324929391,0.13757376088178172,0.43535681208059174,0.27467929764549187,0.46556283560188627,0.14756399679674356
2026-01-04 17:00:00,0.49216179820414063,0.13050301525000002,0.30451181391488974,0.31228017765940747,0.4259334377722132,0.31809045733836266,0.4944751925184789
2026-01-04 18:00:00,0.23773814991716266,0.0,0.0,0.21349252189302806,0.5872635686250001,0.20934785736133144,0.30607148691504715
2026-01-04 19:00:00,0.4293317435707596,0.0,0.0,0.15699380821814926,0.0,0.0,0.13050301525000002
2026-01-04 20:00:00,0.0,0.0,0.0,0.0,0.0,0.0,0.0
2026-01-04 21:00:00,0.0,0.0,0.0,0.0,0.0,0.0,0.0
2026-01-04 22:00:00,0.0,0.0,0.0,0.0,0.0,0.0,0.0
2026-01-04 23:00:00,0.0,0.0,0.0,0.0,0.0,0.0,0.0
2026-01-05 00:00:00,0.0,0.0,0.0,0.0,0.0,0.0,0.0
2026-01-05 01:00:00,0.0,0.0,0.0,0.0,0.0,0.0,0.0
2026-01-05 02:00:00,0.0,0.0,0.0,0.0,0.0,0.0,0.0
2026-01-05 03:00:00,0.0,0.0,0.0,0.0,0.0,0.0,0.0
2026-01-05 04:00:00,0.0,0.0,0.0,0.0,0.0,0.0,0.0
2026-01-05 05:00:00,0.0,0.0,0.0,0.0,0.0,0.0,0.0
2026-01-05 06:00:00,0.0,0.0,0.0,0.0,0.0,0.0,0.0
2026-01-05 07:00:00,0.0,0.0,0.0,0.27862745694262825,0.0,0.0,0.0
2026-01-05 08:00:00,0.2294335172504411,0.20104844835995742,0.37372802717146153,0.4918107281330784,0.2297475261199615,0.0,0.3111699418291021
2026-01-05 09:00:00,0.4973136842792758,0.29480773593837056,0.27691981939181415,0.3069444100013474,0.12261975796040002,0.27178728049828516,0.5228740802428447
2026-01-05 10:00:00,0.12261975796040002,0.33172056608643796,0.3954626714165929,0.16258276008837602,0.34777813939795427,0.3385262481255843,0.4388443822912435
2026-01-05 11:00:00,0.3729966638835454,0.5031089694919616,0.21856956478573242,0.36363826390702,0.5517889108218,0.18052001009217444,0.12261975796040002
2026-01-05 12:00:00,0.24999952273255738,0.34063834133372,0.12261975796040002,0.12261975796040002,0.25409589518952175,0.3803150642421097,0.30822995950817605
2026-01-05 13:00:00,0.18538329007744841,0.5109473922416113,0.161104080350142,0.25436225901180803,0.343323484866169,0.32381404577342615,0.16897196817311302
2026-01-05 14:00:00,0.2507884842293099,0.5158308668086687,0.2734214670893853,0.12261975796040002,0.4061515799564661,0.5517889108218,0.34602573680925697
2026-01-05 15:00:00,0.12261975796040002,0.26613704925089987,0.12261975796040002,0.12261975796040002,0.29416469064382184,0.31157424656641985,0.3814928135521561
2026-01-05 16:00:00,0.19866214005979912,0.2657627490744746,0.1516820645862399,0.5214542634806175,0.4309738304225995,0.4595423792326338,0.1934043792111889
2026-01-05 17:00:00,0.29520199820279047,0.12261975796040002,0.3449454203363858,0.12300513245192082,0.18532071595171468,0.15655029421405517,0.2730842121702084
2026-01-05 18:00:00,0.48279388401221157,0.24444772360470327,0.12261975796040002,0.29357339228006385,0.4838592977869722,0.12261975796040002,0.3863429091001458
2026-01-05 19:00:00,0.14868395497734832,0.12261975796040002,0.3148706991166767,0.14839976863187082,0.5032814745935418,0.4543471987404533,0.40065947079886705
2026-01-05 20:00:00,0.12261975796040002,0.1858972152344189,0.3424884627069434,0.4482629419032342,0.1266188599503545,0.4332551474894601,0.34147793740002047
2026-01-05 21:00:00,0.15144786360237572,0.288322149517289,0.33818698491905674,0.24852400627910332,0.40952777038044885,0.12261975796040002,0.30955075459967224
2026-01-05 22:00:00,0.388646252322843,0.24967262383721317,0.0,0.0,0.12261975796040002,0.5517889108218,0.37978109643589403
2026-01-05 23:00:00,0.0,0.0,0.0,0.0,0.0,0.0,0.0
2026-01-06 00:00:00,0.0,0.0,0.0,0.0,0.0,0.0,0.0
2026-01-06 01:00:00,0.0,0.0,0.0,0.0,0.0,0.0,0.0
2026-01-06 02:00:00,0.0,0.0,0.0,0.0,0.0,0.0,0.0
2026-01-06 03:00:00,0.0,0.0,0.0,0.0,0.0,0.0,0.0
2026-01-06 04:00:00,0.0,0.0,0.0,0.0,0.0,0.0,0.0
2026-01-06 05:00:00,0.0,0.0,0.0,0.0,0.0,0.0,0.0
2026-01-06 06:00:00,0.0,0.0,0.0,0.0,0.0,0.0,0.0
2026-01-06 07:00:00,0.0,0.0,0.0,0.13306301459840003,0.0,0.0,0.0
2026-01-06 08:00:00,0.43141696076319286,0.2736180900236652,0.28864987549403104,0.3487958702731277,0.221037787566635,0.32141558182451824,0.20102824919422999
2026-01-06 09:00:00,0.13306301459840003,0.5987835656928001,0.5987835656928001,0.25891921813479724,0.5443377078784608,0.4630830254205252,0.4146016004728862
2026-01-06 10:00:00,0.19596737978927622,0.4268772058807766,0.15300025306484138,0.4426245494986022,0.43432616853573525,0.13306301459840003,0.17755378266376567
2026-01-06 11:00:00,0.18426198621445486,0.13306301459840003,0.13306301459840003,0.13306301459840003,0.5987835656928001,0.13306301459840003,0.5617270333801908
2026-01-06 12:00:00,0.13306301459840003,0.13306301459840003,0.3284834737779238,0.13306301459840003,0.13306301459840003,0.5987835656928001,0.3085060486704527
2026-01-06 13:00:00,0.30926561449257695,0.36538095085281935,0.13377112971456323,0.15574193406704417,0.4715880745917016,0.3712732999615876,0.35556093246754217
2026-01-06 14:00:00,0.30289672206695756,0.3789018021378979,0.13306301459840003,0.13306301459840003,0.1978781312461717,0.32837935229329607,0.5849547507801615
2026-01-06 15:00:00,0.2564097503486825,0.4414920984167725,0.13306301459840003,0.13306301459840003,0.4399892977645808,0.35083649622157337,0.25474981556032184
2026-01-06 16:00:00,0.21287268890522765,0.3389807576723542,0.2431600516670302,0.22435430250988503,0.5315531269707409,0.3154625741909724,0.13306301459840003
2026-01-06 17:00:00,0.13306301459840003,0.5987835656928001,0.5987835656928001,0.5987835656928001,0.5987835656928001,0.5391582571644884,0.1948179575439136
2026-01-06 18:00:00,0.17907875113083777,0.27097520551188586,0.4001704783369002,0.27215815504900487,0.5167549196658429,0.2784843637289448,0.3215213314447966
2026-01-06 19:00:00,0.19323340256201785,0.13474030164429981,0.38673479282710643,0.2787299552115461,0.463579749011608,0.5195741122537676,0.40802837835681743
2026-01-06 20:00:00,0.13306301459840003,0.19992783421787289,0.2810986569416646,0.40964403995958815,0.4971057262296936,0.46385534596055267,0.0
2026-01-06 21:00:00,0.22618650052583697,0.0,0.3162040853905815,0.0,0.4564319945428278,0.4567772509342807,0.0
2026-01-06 22:00:00,0.3288691552342023,0.0,0.18559000038276616,0.0,0.13306301459840003,0.4172155443473801,0.0
2026-01-06 23:00:00,0.0,0.0,0.0,0.0,0.0,0.0,0.0
2026-01-07 00:00:00,0.0,0.0,0.0,0.0,0.0,0.0,0.0
2026-01-07 01:00:00,0.0,0.0,0.0,0.0,0.0,0.0,0.0
2026-01-07 02:00:00,0.0,0.0,0.0,0.0,0.0,0.0,0.0
2026-01-07 03:00:00,0.0,0.0,0.0,0.0,0.0,0.0,0.0
2026-01-07 04:00:00,0.0,0.0,0.0,0.0,0.0,0.0,0.0
2026-01-07 05:00:00,0.0,0.0,0.0,0.0,0.0,0.0,0.0
2026-01-07 06:00:00,0.0,0.0,0.0,0.0,0.0,0.0,0.0
2026-01-07 07:00:00,0.0,0.0,0.0,0.0,0.0,0.0,0.0
2026-01-07 08:00:00,0.0,0.12827563053440003,0.49982583213368365,0.47964303852983553,0.3163000501998452,0.33459072261688516,0.0
2026-01-07 09:00:00,0.12827563053440003,0.44507012550038544,0.30200375806039176,0.39671228510003154,0.12827563053440003,0.18923255458698354,0.38172340200695876
2026-01-07 10:00:00,0.2416467308416162,0.2088345556742241,0.4332387241493038,0.19633497116750262,0.2400827631859232,0.3708566744089313,0.5342568508458423
2026-01-07 11:00:00,0.25683529366090513,0.12827563053440003,0.30598397997398613,0.47252252715984505,0.28953593434093333,0.21016644570922444,0.12827563053440003
2026-01-07 12:00:00,0.5772403374048001,0.12827563053440003,0.12827563053440003,0.30126805637560816,0.12827563053440003,0.12827563053440003,0.43829487347679236
2026-01-07 13:00:00,0.21260752980120504,0.4137310616343537,0.47678988607700895,0.39995440789992165,0.45842907819704626,0.3680196727369198,0.30223236138207005
2026-01-07 14:00:00,0.29908901514780784,0.5509835936894747,0.2844589556597336,0.5772403374048001,0.12827563053440003,0.21822574805643766,0.12827563053440003
2026-01-07 15:00:00,0.24021131041688776,0.12827563053440003,0.2212343854231825,0.2762076319342107,0.312135973464565,0.13294101440785708,0.2471243069423104
2026-01-07 16:00:00,0.12827563053440003,0.12827563053440003,0.5015815847874013,0.12827563053440003,0.5339564967265756,0.3628848337894573,0.41074197715471406
2026-01-07 17:00:00,0.4463931834962293,0.1516174867574397,0.48967003163689343,0.18515530562780091,0.5286905261528085,0.2582812095684989,0.32566923197848385
2026-01-07 18:00:00,0.37794985413253956,0.3758238135293991,0.25558885638680606,0.1820969667300349,0.23689801163505986,0.5772403374048001,0.12827563053440003
2026-01-07 19:00:00,0.3847959268554763,0.45467277741010526,0.12827563053440003,0.36249381485697824,0.4370259280681754,0.4416024286047091,0.12827563053440003
2026-01-07 20:00:00,0.12827563053440003,0.17672512075733024,0.29830822305434856,0.5149895194736646,0.5772403374048001,0.12827563053440003,0.12827563053440003
2026-01-07 21:00:00,0.4919132139035154,0.12827563053440003,0.14257521858968625,0.2644334326263755,0.5772403374048001,0.0,0.38213431128081166
2026-01-07 22:00:00,0.12827563053440003,0.0,0.0,0.12827563053440003,0.5772403374048001,0.0,0.0
2026-01-07 23:00:00,0.0,0.0,0.0,0.0,0.0,0.0,0.0
2026-01-08 00:00:00,0.0,0.0,0.0,0.0,0.0,0.0,0.0
2026-01-08 01:00:00,0.0,0.0,0.0,0.0,0.0,0.0,0.0
2026-01-08 02:00:00,0.0,0.0,0.0,0.0,0.0,0.0,0.0
2026-01-08 03:00:00,0.0,0.0,0.0,0.0,0.0,0.0,0.0
2026-01-08 04:00:00,0.0,0.0,0.0,0.0,0.0,0.0,0.0
2026-01-08 05:00:00,0.0,0.0,0.0,0.0,0.0,0.0,0.0
2026-01-08 06:00:00,0.0,0.0,0.0,0.0,0.0,0.0,0.0
2026-01-08 07:00:00,0.0,0.0,0.0,0.0,0.0,0.0,0.0
2026-01-08 08:00:00,0.24190875881330126,0.18062034985190575,0.2263449254456542,0.16740143709329502,0.2523182949531463,0.2450242656730883,0.251523181989017
2026-01-08 09:00:00,0.14504421769390988,0.13295040891981413,0.1254250106937937,0.11765852221440001,0.33010892361792055,0.2893981584918957,0.3562374345602051
2026-01-08 10:00:00,0.11765852221440001,0.3771197196218616,0.12014018988516284,0.11765852221440001,0.40837107942889117,0.5294633499648,0.362574881564144
2026-01-08 11:00:00,0.23691584262336793,0.20555383525728146,0.35172545578474457,0.4271065682821631,0.5294633499648,0.5215228178376692,0.11765852221440001
2026-01-08 12:00:00,0.11765852221440001,0.32031107487606236,0.1394511103309259,0.11765852221440001,0.34315034574880104,0.5138596816407991,0.3399483673785961
2026-01-08 13:00:00,0.30196514588707757,0.2725966627654144,0.48238578843441315,0.11765852221440001,0.3670968613202741,0.48042971697274345,0.11765852221440001
2026-01-08 14:00:00,0.11765852221440001,0.5065022882680412,0.27402941184630625,0.2775990849672169,0.12156740243714818,0.49967225730831416,0.39861335043316887
2026-01-08 15:00:00,0.4748298462178881,0.22202581351532505,0.2642296515891043,0.11765852221440001,0.521875830022137,0.5294633499648,0.11765852221440001
2026-01-08 16:00:00,0.11765852221440001,0.32295815111645393,0.35744410968377033,0.19821229622259987,0.23855727547860003,0.33836602062788085,0.24102693827516647
2026-01-08 17:00:00,0.17418003264126478,0.25932429459488354,0.34165122154118666,0.45751742324604827,0.2152538456013492,0.5294633499648,0.34601945535785034
2026-01-08 18:00:00,0.35655838650429966,0.29897422872111584,0.35136818510788365,0.2423010869722107,0.14180636381327327,0.48257952628113154,0.5050646313560447
2026-01-08 19:00:00,0.11765852221440001,0.27884688663693413,0.18962333147168112,0.11765852221440001,0.342645945662056,0.3573588990432973,0.2685887760630741
2026-01-08 20:00:00,0.2624353113356586,0.4945109337377611,0.39614790882278467,0.5294633499648,0.46021143429673556,0.2378849469230368,0.4144630818920112
2026-01-08 21:00:00,0.43583656439290697,0.11765852221440001,0.11765852221440001,0.21027259821162667,0.5294633499648,0.2406779148150383,0.40930204919286584
2026-01-08 22:00:00,0.0,0.0,0.11765852221440001,0.14991453429703192,0.0,0.0,0.0
2026-01-08 23:00:00,0.0,0.0,0.0,0.0,0.0,0.0,0.0
2026-01-09 00:00:00,0.0,0.0,0.0,0.0,0.0,0.0,0.0
2026-01-09 01:00:00,0.0,0.0,0.0,0.0,0.0,0.0,0.0
2026-01-09 02:00:00,0.0,0.0,0.0,0.0,0.0,0.0,0.0
2026-01-09 03:00:00,0.0,0.0,0.0,0.0,0.0,0.0,0.0
2026-01-09 04:00:00,0.0,0.0,0.0,0.0,0.0,0.0,0.0
2026-01-09 05:00:00,0.0,0.0,0.0,0.0,0.0,0.0,0.0
2026-01-09 06:00:00,0.0,0.0,0.0,0.0,0.0,0.0,0.0
2026-01-09 07:00:00,0.0,0.1137342385344,0.0,0.0,0.0,0.0,0.0
2026-01-09 08:00:00,0.1137342385344,0.3144203725638726,0.0,0.281789927444829,0.43713388759878635,0.3054131877701732,0.34265358133580515
2026-01-09 09:00:00,0.1137342385344,0.3075800667777281,0.37654439363631786,0.23543881678071196,0.3953685664952386,0.4855364526421469,0.4824624030618521
2026-01-09 10:00:00,0.29939972319252345,0.21898928076406668,0.1137342385344,0.1137342385344,0.3955084957379598,0.2842973173254877,0.22593535542679666
2026-01-09 11:00:00,0.2644757875209079,0.3268597408187151,0.1300455186727526,0.1137342385344,0.1137342385344,0.28210432917291967,0.358100372299921
2026-01-09 12:00:00,0.2572580605396736,0.1137342385344,0.1137342385344,0.18523339115515136,0.1610551198196497,0.13412600451061393,0.32174306350011844
2026-01-09 13:00:00,0.2721548647888347,0.4388744375772117,0.1137342385344,0.2965938595050828,0.406801274105377,0.1137342385344,0.1137342385344
2026-01-09 14:00:00,0.1137342385344,0.2526431685720938,0.2200851481536067,0.1137342385344,0.3910365536981694,0.5064177869650206,0.47199982346953123
2026-01-09 15:00:00,0.254426482428047,0.5007402826554428,0.321101551101423,0.26239316142291674,0.1137342385344,0.22601922438357566,0.3545251771604525
2026-01-09 16:00:00,0.26386842929596366,0.3012034597603667,0.23908899360998365,0.1137342385344,0.29746403131689275,0.5118040734047999,0.32576398559248176
2026-01-09 17:00:00,0.1137342385344,0.16842780718039677,0.20598135586999639,0.37360659177782785,0.1137342385344,0.1137342385344,0.1596631509534272
2026-01-09 18:00:00,0.5080260730931978,0.1137342385344,0.33189871066037185,0.2225952876617471,0.1137342385344,0.5118040734047999,0.19684566444619364
2026-01-09 19:00:00,0.29193098909361864,0.1137342385344,0.1771785273538061,0.3253007720022722,0.4718571321047359,0.33384096450568224,0.15047014572060172
2026-01-09 20:00:00,0.1137342385344,0.1137342385344,0.3872134237481011,0.12830616046956114,0.22696242610024783,0.1137342385344,0.3673618400822434
2026-01-09 21:00:00,0.32029787074929716,0.3068110658683868,0.0,0.21006574912387357,0.2926066276059221,0.1137342385344,0.163140377856292
2026-01-09 22:00:00,0.1137342385344,0.0,0.0,0.13809655025735385,0.0,0.0,0.0
2026-01-09 23:00:00,0.0,0.0,0.0,0.0,0.0,0.0,0.0
2026-01-10 00:00:00,0.0,0.0,0.0,0.0,0.0,0.0,0.0
2026-01-10 01:00:00,0.0,0.0,0.0,0.0,0.0,0.0,0.0
2026-01-10 02:00:00,0.0,0.0,0.0,0.0,0.0,0.0,0.0
2026-01-10 03:00:00,0.0,0.0,0.0,0.0,0.0,0.0,0.0
2026-01-10 04:00:00,0.0,0.0,0.0,0.0,0.0,0.0,0.0
2026-01-10 05:00:00,0.0,0.0,0.0,0.0,0.0,0.0,0.0
2026-01-10 06:00:00,0.0,0.0,0.0,0.0,0.0,0.0,0.0
2026-01-10 07:00:00,0.0,0.0,0.0,0.0,0.0,0.0,0.0
2026-01-10 08:00:00,0.0,0.17922427467258856,0.0,0.0,0.41497087100108526,0.0,0.0
2026-01-10 09:00:00,0.2954332254080685,0.13781346943286457,0.11896100400000001,0.3434494326250844,0.11896100400000001,0.3350922745759612,0.17189401577285374
2026-01-10 10:00:00,0.36189271188453614,0.403483860317089,0.296068620681908,0.2606188605823862,0.27525570338920063,0.49136369918177536,0.2999275966102454
2026-01-10 11:00:00,0.535324518,0.21949667718492238,0.15641381752271924,0.11896100400000001,0.11896100400000001,0.2685678249429842,0.4305570515451477
2026-01-10 12:00:00,0.18855857095361003,0.11896100400000001,0.15495317037759496,0.2764331543027498,0.297132710155788,0.18836538133964933,0.4136495309356204
2026-01-10 13:00:00,0.11896100400000001,0.16018796798763263,0.3064499865627998,0.11896100400000001,0.3257999487062291,0.4039170248829984,0.1736176034440994
2026-01-10 14:00:00,0.11896100400000001,0.38045787611092485,0.11896100400000001,0.37417808356949034,0.4586222320057632,0.17166193956454281,0.46205262571400624
2026-01-10 15:00:00,0.11896100400000001,0.2653843789282113,0.20762820706703822,0.11896100400000001,0.3659700488407377,0.38017632604983076,0.5166637280510797
2026-01-10 16:00:00,0.21588521559984536,0.11896100400000001,0.11896100400000001,0.11896100400000001,0.18568370174454085,0.3087242791816211,0.22178641024141083
2026-01-10 17:00:00,0.28380198934665196,0.2942509508091529,0.20557850125459415,0.18815535367564573,0.11896100400000001,0.17960929808394283,0.20548387814402197
2026-01-10 18:00:00,0.2733346695452011,0.30541947529233837,0.1463584640042165,0.21236829852149078,0.31157826650191667,0.44915667759413036,0.5348308153948325
2026-01-10 19:00:00,0.0,0.0,0.0,0.0,0.535324518,0.0,0.0
2026-01-10 20:00:00,0.0,0.0,0.0,0.0,0.0,0.0,0.0
2026-01-10 21:00:00,0.0,0.0,0.0,0.0,0.0,0.0,0.0
2026-01-10 22:00:00,0.0,0.0,0.0,0.0,0.0,0.0,0.0
2026-01-10 23:00:00,0.0,0.0,0.0,0.0,0.0,0.0,0.0
2026-01-11 00:00:00,0.0,0.0,0.0,0.0,0.0,0.0,0.0
2026-01-11 01:00:00,0.0,0.0,0.0,0.0,0.0,0.0,0.0
2026-01-11 02:00:00,0.0,0.0,0.0,0.0,0.0,0.0,0.0
2026-01-11 03:00:00,0.0,0.0,0.0,0.0,0.0,0.0,0.0
2026-01-11 04:00:00,0.0,0.0,0.0,0.0,0.0,0.0,0.0
2026-01-11 05:00:00,0.0,0.0,0.0,0.0,0.0,0.0,0.0
2026-01-11 06:00:00,0.0,0.0,0.0,0.0,0.0,0.0,0.0
2026-01-11 07:00:00,0.0,0.0,0.0,0.0,0.0,0.5049312808698,0.0
2026-01-11 08:00:00,0.0,0.0,0.0,0.0,0.30685187730618885,0.2700839964073448,0.37973478883564576
2026-01-11 09:00:00,0.5049312808698,0.23154263497334535,0.26922608407393733,0.2941523386445569,0.3306235188697085,0.21162270140815626,0.15318639795802305
2026-01-11 10:00:00,0.31126611448041785,0.2194912443012048,0.1122069513044,0.1122069513044,0.2799562402911479,0.13865284952268664,0.3460331679454634
2026-01-11 11:00:00,0.1122069513044,0.1122069513044,0.1122069513044,0.25387902399706236,0.41001468183131806,0.4731913611470363,0.43879024821267426
2026-01-11 12:00:00,0.1122069513044,0.3133905545680548,0.17309372141578191,0.1122069513044,0.3721559157414665,0.22388517740748076,0.14380070752678337
2026-01-11 13:00:00,0.2893340222704179,0.11762649207923688,0.3350556068974852,0.19793201578235,0.25339221364937,0.15329867237843997,0.21336712529863477
2026-01-11 14:00:00,0.18121123020998245,0.16753772669510597,0.4354815230104994,0.3165115804742916,0.3065244218319919,0.1122069513044,0.2769096106364204
2026-01-11 15:00:00,0.3247954389916036,0.1122069513044,0.24566229533080047,0.18497292763446213,0.3653302158826416,0.35835719460359505,0.1122069513044
2026-01-11 16:00:00,0.28791959875039747,0.14535247866641968,0.19895714853735091,0.40868639112124483,0.28787225241336173,0.1629839814308034,0.3845837817634176
2026-01-11 17:00:00,0.2042826890049505,0.5049312808698,0.1122069513044,0.2630113910862727,0.2056971915874095,0.425162965139089,0.2378493844879559
2026-01-11 18:00:00,0.1122069513044,0.4256843216656793,0.0,0.1122069513044,0.22893679186606863,0.3798807389615876,0.29737359774296324
2026-01-11 19:00:00,0.1122069513044,0.0,0.0,0.0,0.0,0.0,0.0
2026-01-11 20:00:00,0.0,0.0,0.0,0.0,0.0,0.0,0.0
2026-01-11 21:00:00,0.0,0.0,0.0,0.0,0.0,0.0,0.0
2026-01-11 22:00:00,0.0,0.0,0.0,0.0,0.0,0.0,0.0
2026-01-11 23:00:00,0.0,0.0,0.0,0.0,0.0,0.0,0.0
2026-01-12 00:00:00,0.0,0.0,0.0,0.0,0.0,0.0,0.0
2026-01-12 01:00:00,0.0,0.0,0.0,0.0,0.0,0.0,0.0
2026-01-12 02:00:00,0.0,0.0,0.0,0.0,0.0,0.0,0.0
2026-01-12 03:00:00,0.0,0.0,0.0,0.0,0.0,0.0,0.0
2026-01-12 04:00:00,0.0,0.0,0.0,0.0,0.0,0.0,0.0
2026-01-12 05:00:00,0.0,0.0,0.0,0.0,0.0,0.0,0.0
2026-01-12 06:00:00,0.0,0.0,0.0,0.0,0.0,0.0,0.0
2026-01-12 07:00:00,0.0,0.0,0.0,0.0,0.0,0.0,0.0
2026-01-12 08:00:00,0.2414920344607698,0.1119889326784,0.1119889326784,0.1119889326784,0.1119889326784,0.0,0.4115331500665205
2026-01-12 09:00:00,0.2739202508066668,0.22020154163903957,0.19302704587393074,0.4470404032600212,0.17530849208165375,0.33997282316598687,0.24553316938037273
2026-01-12 10:00:00,0.1119889326784,0.3105098656904215,0.2989369382456694,0.38716471504333655,0.22869137483604954,0.16514754622012343,0.3313986539687105
2026-01-12 11:00:00,0.2385179226306021,0.16101488726162616,0.1119889326784,0.23755944644778526,0.12109362711730166,0.234876080677573,0.37698664702889884
2026-01-12 12:00:00,0.22391682026561396,0.19048064803584008,0.21597732886835358,0.15389784208744925,0.35045344216653956,0.23198582763814157,0.39263066666473884
2026-01-12 13:00:00,0.1119889326784,0.2781931501810264,0.14966803220761363,0.1119889326784,0.1119889326784,0.34208897710569,0.4548453749799844
2026-01-12 14:00:00,0.269711877336852,0.3367638656070053,0.33098364981968653,0.2103952562927634,0.3145303980139303,0.23252881024419123,0.2953697543516666
2026-01-12 15:00:00,0.300743017421316,0.12512601152313685,0.5039501970528,0.4320583018562644,0.34034762855275436,0.46413876230761647,0.1119889326784
2026-01-12 16:00:00,0.38057926325885444,0.16839746618474918,0.24744266470272655,0.43705293168078096,0.38869838161011183,0.1119889326784,0.35818039069286567
2026-01-12 17:00:00,0.3761080887817438,0.16842448080013125,0.1119889326784,0.18336587600627416,0.35627800731227144,0.26035917155002747,0.5039501970528
2026-01-12 18:00:00,0.1119889326784,0.4640591537811512,0.15641046271711892,0.33608630798522965,0.3812439398352195,0.5039501970528,0.22369542232692463
2026-01-12 19:00:00,0.1119889326784,0.3380313816360712,0.5039501970528,0.25768420548639004,0.5039501970528,0.46642985031568485,0.29108962634088303
2026-01-12 20:00:00,0.29374956181020817,0.20591861329694913,0.5039501970528,0.3826906256697004,0.1119889326784,0.3322340961230773,0.21913475015702785
2026-01-12 21:00:00,0.2935585852080956,0.1119889326784,0.1119889326784,0.1562292250569658,0.0,0.5039501970528,0.0
2026-01-12 22:00:00,0.29375146025420285,0.5039501970528,0.21340996224799028,0.1119889326784,0.0,0.1119889326784,0.0
2026-01-12 23:00:00,0.0,0.0,0.0,0.0,0.0,0.0,0.0
2026-01-13 00:00:00,0.0,0.0,0.0,0.0,0.0,0.0,0.0
2026-01-13 01:00:00,0.0,0.0,0.0,0.0,0.0,0.0,0.0
2026-01-13 02:00:00,0.0,0.0,0.0,0.0,0.0,0.0,0.0
2026-01-13 03:00:00,0.0,0.0,0.0,0.0,0.0,0.0,0.0
2026-01-13 04:00:00,0.0,0.0,0.0,0.0,0.0,0.0,0.0
2026-01-13 05:00:00,0.0,0.0,0.0,0.0,0.0,0.0,0.0
2026-01-13 06:00:00,0.0,0.0,0.0,0.0,0.0,0.0,0.0
2026-01-13 07:00:00,0.0,0.0,0.0,0.0,0.0,0.23026302069642018,0.0
2026-01-13 08:00:00,0.0,0.11242502400000001,0.280675279810166,0.0,0.0,0.3198603675383965,0.332023368094356
2026-01-13 09:00:00,0.31581865026887157,0.505912608,0.25340763431816,0.4473858121543307,0.39861290913182695,0.4372158079713798,0.505912608
2026-01-13 10:00:00,0.16747477806061653,0.43190025673901417,0.35331748178837363,0.19552411383955742,0.11242502400000001,0.2670330459239651,0.29064925496917915
2026-01-13 11:00:00,0.33232758239188104,0.20804246728742326,0.25978215510262526,0.26461581521178623,0.4959586992949738,0.4067927478231993,0.38852255395953833
2026-01-13 12:00:00,0.11242502400000001,0.1481990324066707,0.21443197528490038,0.1384667751080433,0.18224144896778513,0.505912608,0.3835371745040274
2026-01-13 13:00:00,0.17951382532917484,0.2602403898872999,0.24917305013757765,0.11242502400000001,0.3335102273711878,0.4398928150311246,0.2962818760393051
2026-01-13 14:00:00,0.14137207945919247,0.18617229084897574,0.25496339254926415,0.11242502400000001,0.11242502400000001,0.40247696927064097,0.4431513890671356
2026-01-13 15:00:00,0.22842046442668928,0.43415812824560807,0.289381190459123,0.11242502400000001,0.262786239457772,0.505912608,0.505912608
2026-01-13 16:00:00,0.505912608,0.2533161253038097,0.19446086673632715,0.11242502400000001,0.29106128673486653,0.48880098218525414,0.4818206670363863
2026-01-13 17:00:00,0.11242502400000001,0.11242502400000001,0.4495873110288356,0.33923412795167107,0.505912608,0.505912608,0.505912608
2026-01-13 18:00:00,0.3211696431592805,0.2674068938629038,0.42702102598250796,0.11242502400000001,0.505912608,0.45106741770559666,0.481760003383544
2026-01-13 19:00:00,0.11242502400000001,0.15738545583156033,0.11242502400000001,0.3400869164046506,0.3310195585637576,0.11242502400000001,0.11242502400000001
2026-01-13 20:00:00,0.1434333075039824,0.1573031695996252,0.4392815268579696,0.1814079432091438,0.39428417608730865,0.3934205715853103,0.21369989148789564
2026-01-13 21:00:00,0.3829665764834582,0.4329503672833145,0.3358347663664386,0.3400357163921885,0.4529506136600927,0.11242502400000001,0.505912608
2026-01-13 22:00:00,0.22572046795120554,0.258141812460496,0.0,0.15880675217424395,0.0,0.1772491425854529,0.0
2026-01-13 23:00:00,0.0,0.0,0.0,0.0,0.0,0.0,0.0
2026-01-14 00:00:00,0.0,0.0,0.0,0.0,0.0,0.0,0.0
2026-01-14 01:00:00,0.0,0.0,0.0,0.0,0.0,0.0,0.0
2026-01-14 02:00:00,0.0,0.0,0.0,0.0,0.0,0.0,0.0
2026-01-14 03:00:00,0.0,0.0,0.0,0.0,0.0,0.0,0.0
2026-01-14 04:00:00,0.0,0.0,0.0,0.0,0.0,0.0,0.0
2026-01-14 05:00:00,0.0,0.0,0.0,0.0,0.0,0.0,0.0
2026-01-14 06:00:00,0.0,0.0,0.0,0.0,0.0,0.0,0.0
2026-01-14 07:00:00,0.0,0.0,0.0,0.0,0.38348106940176313,0.0,0.0
2026-01-14 08:00:00,0.24424958505449146,0.11024750000000001,0.4961137500000001,0.21164244366129192,0.34774030975854414,0.4662540447235277,0.0
2026-01-14 09:00:00,0.21853320763802117,0.17051228366623294,0.15819638059667532,0.3476647306309668,0.3626899183573077,0.39487611410719997,0.27143623078544676
2026-01-14 10:00:00,0.11361727277455233,0.3548415606805006,0.38907805398209244,0.2629348430983953,0.11024750000000001,0.11024750000000001,0.2778106199159118
2026-01-14 11:00:00,0.4961137500000001,0.283724193539323,0.41486299876422356,0.3011982762489078,0.4275741046945407,0.25250465607382155,0.3429068557090726
2026-01-14 12:00:00,0.3070723028187518,0.3046594289740617,0.11024750000000001,0.11024750000000001,0.41000501541351886,0.2632948290954715,0.18991928099477737
2026-01-14 13:00:00,0.11024750000000001,0.2583687012594705,0.16614260995343574,0.11024750000000001,0.2805542817106,0.4087947129847196,0.32476866449096775
2026-01-14 14:00:00,0.2397343066221955,0.43670369851274765,0.24346616899210918,0.25930631345498595,0.1733701073930288,0.31854379763297835,0.2906589010440948
2026-01-14 15:00:00,0.11208438603023536,0.18984301289222444,0.11024750000000001,0.2549896193404088,0.11024750000000001,0.47625059597230335,0.40018606749675256
2026-01-14 16:00:00,0.33995604916639727,0.2781390764125689,0.2986634548116354,0.11024750000000001,0.11024750000000001,0.23362781498373125,0.11024750000000001
2026-01-14 17:00:00,0.11024750000000001,0.17442530352216,0.18144757214783527,0.35332627065053623,0.19309073610934058,0.4961137500000001,0.12426454562985224
2026-01-14 18:00:00,0.19440876104120106,0.32824746798492105,0.3046807710545524,0.16766830978483718,0.4660909792876236,0.39832941686116957,0.3383525800849285
2026-01-14 19:00:00,0.2876696435787782,0.11024750000000001,0.2543299110213329,0.11024750000000001,0.11024750000000001,0.3625534893399246,0.24844547052120292
2026-01-14 20:00:00,0.3419608269750542,0.0,0.49224167981764455,0.11024750000000001,0.3167481125326025,0.4961137500000001,0.30153106765630683
2026-01-14 21:00:00,0.11024750000000001,0.0,0.4041720912048458,0.11024750000000001,0.12779668018032853,0.2674604539089195,0.2572644085378653
2026-01-14 22:00:00,0.16133683237721821,0.0,0.23797567132937866,0.15956911137866278,0.0,0.14233774765858662,0.34610279709402353
2026-01-14 23:00:00,0.0,0.0,0.0,0.0,0.0,0.0,0.0
