date,Distance_km_Vehicle_0,Distance_km_Vehicle_1,Distance_km_Vehicle_2,Distance_km_Vehicle_3,Distance_km_Vehicle_4,Distance_km_Vehicle_5,Distance_km_Vehicle_6
2026-01-01 00:00:00,0.0,0.0,0.0,0.0,0.0,0.0,0.0
2026-01-01 01:00:00,0.0,0.0,0.0,0.0,0.0,0.0,0.0
2026-01-01 02:00:00,0.0,0.0,0.0,0.0,0.0,0.0,0.0
2026-01-01 03:00:00,0.0,0.0,0.0,0.0,0.0,0.0,0.0
2026-01-01 04:00:00,0.0,0.0,0.0,0.0,0.0,0.0,0.0
2026-01-01 05:00:00,0.0,0.0,0.0,0.0,0.0,0.0,0.0
2026-01-01 06:00:00,0.0,0.0,0.0,0.0,0.0,0.0,0.0
2026-01-01 07:00:00,0.0,0.0,0.0,0.0,0.0,0.0,0.0
2026-01-01 08:00:00,7.408762425217609,6.11327990163696,6.251766470749631,4.707535472345041,6.634054217257148,7.525131126127354,6.155126651613038
2026-01-01 09:00:00,7.408762425217609,6.11327990163696,6.251766470749631,4.707535472345041,6.634054217257148,7.525131126127354,6.155126651613038
2026-01-01 10:00:00,7.408762425217609,6.11327990163696,6.251766470749631,4.707535472345041,6.634054217257148,7.525131126127354,6.155126651613038
2026-01-01 11:00:00,7.408762425217609,6.11327990163696,6.251766470749631,4.707535472345041,6.634054217257148,7.525131126127354,6.155126651613038
2026-01-01 12:00:00,7.408762425217609,6.11327990163696,6.251766470749631,4.707535472345041,6.634054217257148,7.525131126127354,6.155126651613038
2026-01-01 13:00:00,7.408762425217609,6.11327990163696,6.251766470749631,4.707535472345041,6.634054217257148,7.525131126127354,6.155126651613038
2026-01-01 14:00:00,7.408762425217609,6.11327990163696,6.251766470749631,4.707535472345041,6.634054217257148,7.525131126127354,6.155126651613038
2026-01-01 15:00:00,7.408762425217609,6.11327990163696,6.251766470749631,4.707535472345041,6.634054217257148,7.525131126127354,6.155126651613038
2026-01-01 16:00:00,7.408762425217609,6.11327990163696,6.251766470749631,4.707535472345041,6.634054217257148,7.525131126127354,6.155126651613038
2026-01-01 17:00:00,7.408762425217609,6.11327990163696,6.251766470749631,4.707535472345041,6.634054217257148,7.525131126127354,6.155126651613038
2026-01-01 18:00:00,7.408762425217609,6.11327990163696,6.251766470749631,4.707535472345041,6.634054217257148,7.525131126127354,6.155126651613038
2026-01-01 19:00:00,7.408762425217609,6.11327990163696,6.251766470749631,4.707535472345041,6.634054217257148,7.525131126127354,6.155126651613038
2026-01-01 20:00:00,7.408762425217609,6.11327990163696,6.251766470749631,4.707535472345041,6.634054217257148,7.525131126127354,6.155126651613038
2026-01-01 21:00:00,7.408762425217609,6.11327990163696,6.251766470749631,4.707535472345041,6.634054217257148,7.525131126127354,0.0
2026-01-01 22:00:00,7.408762425217609,0.0,6.251766470749631,0.0,6.634054217257148,7.525131126127354,0.0
2026-01-01 23:00:00,0.0,0.0,0.0,0.0,0.0,0.0,0.0
2026-01-02 00:00:00,0.0,0.0,0.0,0.0,0.0,0.0,0.0
2026-01-02 01:00:00,0.0,0.0,0.0,0.0,0.0,0.0,0.0
2026-01-02 02:00:00,0.0,0.0,0.0,0.0,0.0,0.0,0.0
2026-01-02 03:00:00,0.0,0.0,0.0,0.0,0.0,0.0,0.0
2026-01-02 04:00:00,0.0,0.0,0.0,0.0,0.0,0.0,0.0
2026-01-02 05:00:00,0.0,0.0,0.0,0.0,0.0,0.0,0.0
2026-01-02 06:00:00,0.0,0.0,0.0,0.0,0.0,0.0,0.0
2026-01-02 07:00:00,0.0,0.0,0.0,0.0,0.0,6.530498935808175,0.0
2026-01-02 08:00:00,5.587667274470942,7.795183161230407,0.0,6.267575751954655,7.279916948556362,6.530498935808175,4.450330549845235
2026-01-02 09:00:00,5.587667274470942,7.795183161230407,7.84203356396697,6.267575751954655,7.279916948556362,6.530498935808175,4.450330549845235
2026-01-02 10:00:00,5.587667274470942,7.795183161230407,7.84203356396697,6.267575751954655,7.279916948556362,6.530498935808175,4.450330549845235
2026-01-02 11:00:00,5.587667274470942,7.795183161230407,7.84203356396697,6.267575751954655,7.279916948556362,6.530498935808175,4.450330549845235
2026-01-02 12:00:00,5.587667274470942,7.795183161230407,7.84203356396697,6.267575751954655,7.279916948556362,6.530498935808175,4.450330549845235
2026-01-02 13:00:00,5.587667274470942,7.795183161230407,7.84203356396697,6.267575751954655,7.279916948556362,6.530498935808175,4.450330549845235
2026-01-02 14:00:00,5.587667274470942,7.795183161230407,7.84203356396697,6.267575751954655,7.279916948556362,6.530498935808175,4.450330549845235
2026-01-02 15:00:00,5.587667274470942,7.795183161230407,7.84203356396697,6.267575751954655,7.279916948556362,6.530498935808175,4.450330549845235
2026-01-02 16:00:00,5.587667274470942,7.795183161230407,7.84203356396697,6.267575751954655,7.279916948556362,6.530498935808175,4.450330549845235
2026-01-02 17:00:00,5.587667274470942,7.795183161230407,7.84203356396697,6.267575751954655,7.279916948556362,6.530498935808175,4.450330549845235
2026-01-02 18:00:00,5.587667274470942,7.795183161230407,7.84203356396697,6.267575751954655,7.279916948556362,6.530498935808175,4.450330549845235
2026-01-02 19:00:00,5.587667274470942,7.795183161230407,7.84203356396697,6.267575751954655,7.279916948556362,6.530498935808175,4.450330549845235
2026-01-02 20:00:00,5.587667274470942,7.795183161230407,7.84203356396697,6.267575751954655,7.279916948556362,6.530498935808175,4.450330549845235
2026-01-02 21:00:00,5.587667274470942,7.795183161230407,7.84203356396697,6.267575751954655,7.279916948556362,6.530498935808175,4.450330549845235
2026-01-02 22:00:00,5.587667274470942,0.0,7.84203356396697,6.267575751954655,0.0,0.0,4.450330549845235
2026-01-02 23:00:00,0.0,0.0,0.0,0.0,0.0,0.0,0.0
2026-01-03 00:00:00,0.0,0.0,0.0,0.0,0.0,0.0,0.0
2026-01-03 01:00:00,0.0,0.0,0.0,0.0,0.0,0.0,0.0
2026-01-03 02:00:00,0.0,0.0,0.0,0.0,0.0,0.0,0.0
2026-01-03 03:00:00,0.0,0.0,0.0,0.0,0.0,0.0,0.0
2026-01-03 04:00:00,0.0,0.0,0.0,0.0,0.0,0.0,0.0
2026-01-03 05:00:00,0.0,0.0,0.0,0.0,0.0,0.0,0.0
2026-01-03 06:00:00,0.0,0.0,0.0,0.0,0.0,0.0,0.0
2026-01-03 07:00:00,0.0,0.0,4.0742710600340635,0.0,0.0,0.0,0.0
2026-01-03 08:00:00,4.586554124887945,6.673201670286871,4.0742710600340635,0.0,5.3072989784193645,0.0,6.018366582675721
2026-01-03 09:00:00,4.586554124887945,6.673201670286871,4.0742710600340635,4.809613965229343,5.3072989784193645,6.650655311787014,6.018366582675721
2026-01-03 10:00:00,4.586554124887945,6.673201670286871,4.0742710600340635,4.809613965229343,5.3072989784193645,6.650655311787014,6.018366582675721
2026-01-03 11:00:00,4.586554124887945,6.673201670286871,4.0742710600340635,4.809613965229343,5.3072989784193645,6.650655311787014,6.018366582675721
2026-01-03 12:00:00,4.586554124887945,6.673201670286871,4.0742710600340635,4.809613965229343,5.3072989784193645,6.650655311787014,6.018366582675721
2026-01-03 13:00:00,4.586554124887945,6.673201670286871,4.0742710600340635,4.809613965229343,5.3072989784193645,6.650655311787014,6.018366582675721
2026-01-03 14:00:00,4.586554124887945,6.673201670286871,4.0742710600340635,4.809613965229343,5.3072989784193645,6.650655311787014,6.018366582675721
2026-01-03 15:00:00,4.586554124887945,6.673201670286871,4.0742710600340635,4.809613965229343,5.3072989784193645,6.650655311787014,6.018366582675721
2026-01-03 16:00:00,4.586554124887945,6.673201670286871,4.0742710600340635,4.809613965229343,5.3072989784193645,6.650655311787014,6.018366582675721
2026-01-03 17:00:00,4.586554124887945,6.673201670286871,4.0742710600340635,4.809613965229343,5.3072989784193645,6.650655311787014,6.018366582675721
2026-01-03 18:00:00,4.586554124887945,6.673201670286871,4.0742710600340635,4.809613965229343,5.3072989784193645,6.650655311787014,6.018366582675721
2026-01-03 19:00:00,0.0,0.0,0.0,0.0,0.0,0.0,6.018366582675721
2026-01-03 20:00:00,0.0,0.0,0.0,0.0,0.0,0.0,0.0
2026-01-03 21:00:00,0.0,0.0,0.0,0.0,0.0,0.0,0.0
2026-01-03 22:00:00,0.0,0.0,0.0,0.0,0.0,0.0,0.0
2026-01-03 23:00:00,0.0,0.0,0.0,0.0,0.0,0.0,0.0
2026-01-04 00:00:00,0.0,0.0,0.0,0.0,0.0,0.0,0.0
2026-01-04 01:00:00,0.0,0.0,0.0,0.0,0.0,0.0,0.0
2026-01-04 02:00:00,0.0,0.0,0.0,0.0,0.0,0.0,0.0
2026-01-04 03:00:00,0.0,0.0,0.0,0.0,0.0,0.0,0.0
2026-01-04 04:00:00,0.0,0.0,0.0,0.0,0.0,0.0,0.0
2026-01-04 05:00:00,0.0,0.0,0.0,0.0,0.0,0.0,0.0
2026-01-04 06:00:00,0.0,0.0,0.0,0.0,0.0,0.0,0.0
2026-01-04 07:00:00,0.0,0.0,0.0,0.0,0.0,0.0,0.0
2026-01-04 08:00:00,0.0,2.857142857142857,3.942888529584926,5.656114687189152,0.0,3.012028209615497,0.0
2026-01-04 09:00:00,2.8257146057976366,2.857142857142857,3.942888529584926,5.656114687189152,4.609412707193738,3.012028209615497,3.779663472378687
2026-01-04 10:00:00,2.8257146057976366,2.857142857142857,3.942888529584926,5.656114687189152,4.609412707193738,3.012028209615497,3.779663472378687
2026-01-04 11:00:00,2.8257146057976366,2.857142857142857,3.942888529584926,5.656114687189152,4.609412707193738,3.012028209615497,3.779663472378687
2026-01-04 12:00:00,2.8257146057976366,2.857142857142857,3.942888529584926,5.656114687189152,4.609412707193738,3.012028209615497,3.779663472378687
2026-01-04 13:00:00,2.8257146057976366,2.857142857142857,3.942888529584926,5.656114687189152,4.609412707193738,3.012028209615497,3.779663472378687
2026-01-04 14:00:00,2.8257146057976366,2.857142857142857,3.942888529584926,5.656114687189152,4.609412707193738,3.012028209615497,3.779663472378687
2026-01-04 15:00:00,2.8257146057976366,2.857142857142857,3.942888529584926,5.656114687189152,4.609412707193738,3.012028209615497,3.779663472378687
2026-01-04 16:00:00,2.8257146057976366,2.857142857142857,3.942888529584926,5.656114687189152,4.609412707193738,3.012028209615497,3.779663472378687
2026-01-04 17:00:00,2.8257146057976366,2.857142857142857,3.942888529584926,5.656114687189152,4.609412707193738,3.012028209615497,3.779663472378687
2026-01-04 18:00:00,2.8257146057976366,0.0,0.0,5.656114687189152,4.609412707193738,3.012028209615497,3.779663472378687
2026-01-04 19:00:00,2.8257146057976366,0.0,0.0,5.656114687189152,0.0,0.0,3.779663472378687
2026-01-04 20:00:00,0.0,0.0,0.0,0.0,0.0,0.0,0.0
2026-01-04 21:00:00,0.0,0.0,0.0,0.0,0.0,0.0,0.0
2026-01-04 22:00:00,0.0,0.0,0.0,0.0,0.0,0.0,0.0
2026-01-04 23:00:00,0.0,0.0,0.0,0.0,0.0,0.0,0.0
2026-01-05 00:00:00,0.0,0.0,0.0,0.0,0.0,0.0,0.0
2026-01-05 01:00:00,0.0,0.0,0.0,0.0,0.0,0.0,0.0
2026-01-05 02:00:00,0.0,0.0,0.0,0.0,0.0,0.0,0.0
2026-01-05 03:00:00,0.0,0.0,0.0,0.0,0.0,0.0,0.0
2026-01-05 04:00:00,0.0,0.0,0.0,0.0,0.0,0.0,0.0
2026-01-05 05:00:00,0.0,0.0,0.0,0.0,0.0,0.0,0.0
2026-01-05 06:00:00,0.0,0.0,0.0,0.0,0.0,0.0,0.0
2026-01-05 07:00:00,0.0,0.0,0.0,3.556927719573365,0.0,0.0,0.0
2026-01-05 08:00:00,7.429427403002318,5.963285731914841,4.205968028724571,3.556927719573365,4.229778433324086,0.0,5.814398041035417
2026-01-05 09:00:00,7.429427403002318,5.963285731914841,4.205968028724571,3.556927719573365,4.229778433324086,5.989326823359256,5.814398041035417
2026-01-05 10:00:00,7.429427403002318,5.963285731914841,4.205968028724571,3.556927719573365,4.229778433324086,5.989326823359256,5.814398041035417
2026-01-05 11:00:00,7.429427403002318,5.963285731914841,4.205968028724571,3.556927719573365,4.229778433324086,5.989326823359256,5.814398041035417
2026-01-05 12:00:00,7.429427403002318,5.963285731914841,4.205968028724571,3.556927719573365,4.229778433324086,5.989326823359256,5.814398041035417
2026-01-05 13:00:00,7.429427403002318,5.963285731914841,4.205968028724571,3.556927719573365,4.229778433324086,5.989326823359256,5.814398041035417
2026-01-05 14:00:00,7.429427403002318,5.963285731914841,4.205968028724571,3.556927719573365,4.229778433324086,5.989326823359256,5.814398041035417
2026-01-05 15:00:00,7.429427403002318,5.963285731914841,4.205968028724571,3.556927719573365,4.229778433324086,5.989326823359256,5.814398041035417
2026-01-05 16:00:00,7.429427403002318,5.963285731914841,4.205968028724571,3.556927719573365,4.229778433324086,5.989326823359256,5.814398041035417
2026-01-05 17:00:00,7.429427403002318,5.963285731914841,4.205968028724571,3.556927719573365,4.229778433324086,5.989326823359256,5.814398041035417
2026-01-05 18:00:00,7.429427403002318,5.963285731914841,4.205968028724571,3.556927719573365,4.229778433324086,5.989326823359256,5.814398041035417
2026-01-05 19:00:00,7.429427403002318,5.963285731914841,4.205968028724571,3.556927719573365,4.229778433324086,5.989326823359256,5.814398041035417
2026-01-05 20:00:00,7.429427403002318,5.963285731914841,4.205968028724571,3.556927719573365,4.229778433324086,5.989326823359256,5.814398041035417
2026-01-05 21:00:00,7.429427403002318,5.963285731914841,4.205968028724571,3.556927719573365,4.229778433324086,5.989326823359256,5.814398041035417
2026-01-05 22:00:00,7.429427403002318,5.963285731914841,0.0,0.0,4.229778433324086,5.989326823359256,5.814398041035417
2026-01-05 23:00:00,0.0,0.0,0.0,0.0,0.0,0.0,0.0
2026-01-06 00:00:00,0.0,0.0,0.0,0.0,0.0,0.0,0.0
2026-01-06 01:00:00,0.0,0.0,0.0,0.0,0.0,0.0,0.0
2026-01-06 02:00:00,0.0,0.0,0.0,0.0,0.0,0.0,0.0
2026-01-06 03:00:00,0.0,0.0,0.0,0.0,0.0,0.0,0.0
2026-01-06 04:00:00,0.0,0.0,0.0,0.0,0.0,0.0,0.0
2026-01-06 05:00:00,0.0,0.0,0.0,0.0,0.0,0.0,0.0
2026-01-06 06:00:00,0.0,0.0,0.0,0.0,0.0,0.0,0.0
2026-01-06 07:00:00,0.0,0.0,0.0,8.24159261150663,0.0,0.0,0.0
2026-01-06 08:00:00,5.357330873310248,5.285223083701462,6.026656326513139,8.24159261150663,4.34411746329395,6.765113215224241,9.73002172279752
2026-01-06 09:00:00,5.357330873310248,5.285223083701462,6.026656326513139,8.24159261150663,4.34411746329395,6.765113215224241,9.73002172279752
2026-01-06 10:00:00,5.357330873310248,5.285223083701462,6.026656326513139,8.24159261150663,4.34411746329395,6.765113215224241,9.73002172279752
2026-01-06 11:00:00,5.357330873310248,5.285223083701462,6.026656326513139,8.24159261150663,4.34411746329395,6.765113215224241,9.73002172279752
2026-01-06 12:00:00,5.357330873310248,5.285223083701462,6.026656326513139,8.24159261150663,4.34411746329395,6.765113215224241,9.73002172279752
2026-01-06 13:00:00,5.357330873310248,5.285223083701462,6.026656326513139,8.24159261150663,4.34411746329395,6.765113215224241,9.73002172279752
2026-01-06 14:00:00,5.357330873310248,5.285223083701462,6.026656326513139,8.24159261150663,4.34411746329395,6.765113215224241,9.73002172279752
2026-01-06 15:00:00,5.357330873310248,5.285223083701462,6.026656326513139,8.24159261150663,4.34411746329395,6.765113215224241,9.73002172279752
2026-01-06 16:00:00,5.357330873310248,5.285223083701462,6.026656326513139,8.24159261150663,4.34411746329395,6.765113215224241,9.73002172279752
2026-01-06 17:00:00,5.357330873310248,5.285223083701462,6.026656326513139,8.24159261150663,4.34411746329395,6.765113215224241,9.73002172279752
2026-01-06 18:00:00,5.357330873310248,5.285223083701462,6.026656326513139,8.24159261150663,4.34411746329395,6.765113215224241,9.73002172279752
2026-01-06 19:00:00,5.357330873310248,5.285223083701462,6.026656326513139,8.24159261150663,4.34411746329395,6.765113215224241,9.73002172279752
2026-01-06 20:00:00,5.357330873310248,5.285223083701462,6.026656326513139,8.24159261150663,4.34411746329395,6.765113215224241,0.0
2026-01-06 21:00:00,5.357330873310248,0.0,6.026656326513139,0.0,4.34411746329395,6.765113215224241,0.0
2026-01-06 22:00:00,5.357330873310248,0.0,6.026656326513139,0.0,4.34411746329395,6.765113215224241,0.0
2026-01-06 23:00:00,0.0,0.0,0.0,0.0,0.0,0.0,0.0
2026-01-07 00:00:00,0.0,0.0,0.0,0.0,0.0,0.0,0.0
2026-01-07 01:00:00,0.0,0.0,0.0,0.0,0.0,0.0,0.0
2026-01-07 02:00:00,0.0,0.0,0.0,0.0,0.0,0.0,0.0
2026-01-07 03:00:00,0.0,0.0,0.0,0.0,0.0,0.0,0.0
2026-01-07 04:00:00,0.0,0.0,0.0,0.0,0.0,0.0,0.0
2026-01-07 05:00:00,0.0,0.0,0.0,0.0,0.0,0.0,0.0
2026-01-07 06:00:00,0.0,0.0,0.0,0.0,0.0,0.0,0.0
2026-01-07 07:00:00,0.0,0.0,0.0,0.0,0.0,0.0,0.0
2026-01-07 08:00:00,0.0,4.977856172118467,4.435427637829869,6.29990510962484,6.790237124911416,8.557331390159586,0.0
2026-01-07 09:00:00,5.7772098741025815,4.977856172118467,4.435427637829869,6.29990510962484,6.790237124911416,8.557331390159586,8.581628891547885
2026-01-07 10:00:00,5.7772098741025815,4.977856172118467,4.435427637829869,6.29990510962484,6.790237124911416,8.557331390159586,8.581628891547885
2026-01-07 11:00:00,5.7772098741025815,4.977856172118467,4.435427637829869,6.29990510962484,6.790237124911416,8.557331390159586,8.581628891547885
2026-01-07 12:00:00,5.7772098741025815,4.977856172118467,4.435427637829869,6.29990510962484,6.790237124911416,8.557331390159586,8.581628891547885
2026-01-07 13:00:00,5.7772098741025815,4.977856172118467,4.435427637829869,6.29990510962484,6.790237124911416,8.557331390159586,8.581628891547885
2026-01-07 14:00:00,5.7772098741025815,4.977856172118467,4.435427637829869,6.29990510962484,6.790237124911416,8.557331390159586,8.581628891547885
2026-01-07 15:00:00,5.7772098741025815,4.977856172118467,4.435427637829869,6.29990510962484,6.790237124911416,8.557331390159586,8.581628891547885
2026-01-07 16:00:00,5.7772098741025815,4.977856172118467,4.435427637829869,6.29990510962484,6.790237124911416,8.557331390159586,8.581628891547885
2026-01-07 17:00:00,5.7772098741025815,4.977856172118467,4.435427637829869,6.29990510962484,6.790237124911416,8.557331390159586,8.581628891547885
2026-01-07 18:00:00,5.7772098741025815,4.977856172118467,4.435427637829869,6.29990510962484,6.790237124911416,8.557331390159586,8.581628891547885
2026-01-07 19:00:00,5.7772098741025815,4.977856172118467,4.435427637829869,6.29990510962484,6.790237124911416,8.557331390159586,8.581628891547885
2026-01-07 20:00:00,5.7772098741025815,4.977856172118467,4.435427637829869,6.29990510962484,6.790237124911416,8.557331390159586,8.581628891547885
2026-01-07 21:00:00,5.7772098741025815,4.977856172118467,4.435427637829869,6.29990510962484,6.790237124911416,0.0,8.581628891547885
2026-01-07 22:00:00,5.7772098741025815,0.0,0.0,6.29990510962484,6.790237124911416,0.0,0.0
2026-01-07 23:00:00,0.0,0.0,0.0,0.0,0.0,0.0,0.0
2026-01-08 00:00:00,0.0,0.0,0.0,0.0,0.0,0.0,0.0
2026-01-08 01:00:00,0.0,0.0,0.0,0.0,0.0,0.0,0.0
2026-01-08 02:00:00,0.0,0.0,0.0,0.0,0.0,0.0,0.0
2026-01-08 03:00:00,0.0,0.0,0.0,0.0,0.0,0.0,0.0
2026-01-08 04:00:00,0.0,0.0,0.0,0.0,0.0,0.0,0.0
2026-01-08 05:00:00,0.0,0.0,0.0,0.0,0.0,0.0,0.0
2026-01-08 06:00:00,0.0,0.0,0.0,0.0,0.0,0.0,0.0
2026-01-08 07:00:00,0.0,0.0,0.0,0.0,0.0,0.0,0.0
2026-01-08 08:00:00,4.936267691310128,4.546853661845425,6.354829611555069,4.736098852002418,4.768147676528522,5.222638697459719,4.393337577896143
2026-01-08 09:00:00,4.936267691310128,4.546853661845425,6.354829611555069,4.736098852002418,4.768147676528522,5.222638697459719,4.393337577896143
2026-01-08 10:00:00,4.936267691310128,4.546853661845425,6.354829611555069,4.736098852002418,4.768147676528522,5.222638697459719,4.393337577896143
2026-01-08 11:00:00,4.936267691310128,4.546853661845425,6.354829611555069,4.736098852002418,4.768147676528522,5.222638697459719,4.393337577896143
2026-01-08 12:00:00,4.936267691310128,4.546853661845425,6.354829611555069,4.736098852002418,4.768147676528522,5.222638697459719,4.393337577896143
2026-01-08 13:00:00,4.936267691310128,4.546853661845425,6.354829611555069,4.736098852002418,4.768147676528522,5.222638697459719,4.393337577896143
2026-01-08 14:00:00,4.936267691310128,4.546853661845425,6.354829611555069,4.736098852002418,4.768147676528522,5.222638697459719,4.393337577896143
2026-01-08 15:00:00,4.936267691310128,4.546853661845425,6.354829611555069,4.736098852002418,4.768147676528522,5.222638697459719,4.393337577896143
2026-01-08 16:00:00,4.936267691310128,4.546853661845425,6.354829611555069,4.736098852002418,4.768147676528522,5.222638697459719,4.393337577896143
2026-01-08 17:00:00,4.936267691310128,4.546853661845425,6.354829611555069,4.736098852002418,4.768147676528522,5.222638697459719,4.393337577896143
2026-01-08 18:00:00,4.936267691310128,4.546853661845425,6.354829611555069,4.736098852002418,4.768147676528522,5.222638697459719,4.393337577896143
2026-01-08 19:00:00,4.936267691310128,4.546853661845425,6.354829611555069,4.736098852002418,4.768147676528522,5.222638697459719,4.393337577896143
2026-01-08 20:00:00,4.936267691310128,4.546853661845425,6.354829611555069,4.736098852002418,4.768147676528522,5.222638697459719,4.393337577896143
2026-01-08 21:00:00,4.936267691310128,4.546853661845425,6.354829611555069,4.736098852002418,4.768147676528522,5.222638697459719,4.393337577896143
2026-01-08 22:00:00,0.0,0.0,6.354829611555069,4.736098852002418,0.0,0.0,0.0
2026-01-08 23:00:00,0.0,0.0,0.0,0.0,0.0,0.0,0.0
2026-01-09 00:00:00,0.0,0.0,0.0,0.0,0.0,0.0,0.0
2026-01-09 01:00:00,0.0,0.0,0.0,0.0,0.0,0.0,0.0
2026-01-09 02:00:00,0.0,0.0,0.0,0.0,0.0,0.0,0.0
2026-01-09 03:00:00,0.0,0.0,0.0,0.0,0.0,0.0,0.0
2026-01-09 04:00:00,0.0,0.0,0.0,0.0,0.0,0.0,0.0
2026-01-09 05:00:00,0.0,0.0,0.0,0.0,0.0,0.0,0.0
2026-01-09 06:00:00,0.0,0.0,0.0,0.0,0.0,0.0,0.0
2026-01-09 07:00:00,0.0,4.183341334217712,0.0,0.0,0.0,0.0,0.0
2026-01-09 08:00:00,6.494552020488234,4.183341334217712,0.0,2.602018872081038,5.1934292188190385,7.759398373976507,6.6639573051221515
2026-01-09 09:00:00,6.494552020488234,4.183341334217712,6.615080191460651,2.602018872081038,5.1934292188190385,7.759398373976507,6.6639573051221515
2026-01-09 10:00:00,6.494552020488234,4.183341334217712,6.615080191460651,2.602018872081038,5.1934292188190385,7.759398373976507,6.6639573051221515
2026-01-09 11:00:00,6.494552020488234,4.183341334217712,6.615080191460651,2.602018872081038,5.1934292188190385,7.759398373976507,6.6639573051221515
2026-01-09 12:00:00,6.494552020488234,4.183341334217712,6.615080191460651,2.602018872081038,5.1934292188190385,7.759398373976507,6.6639573051221515
2026-01-09 13:00:00,6.494552020488234,4.183341334217712,6.615080191460651,2.602018872081038,5.1934292188190385,7.759398373976507,6.6639573051221515
2026-01-09 14:00:00,6.494552020488234,4.183341334217712,6.615080191460651,2.602018872081038,5.1934292188190385,7.759398373976507,6.6639573051221515
2026-01-09 15:00:00,6.494552020488234,4.183341334217712,6.615080191460651,2.602018872081038,5.1934292188190385,7.759398373976507,6.6639573051221515
2026-01-09 16:00:00,6.494552020488234,4.183341334217712,6.615080191460651,2.602018872081038,5.1934292188190385,7.759398373976507,6.6639573051221515
2026-01-09 17:00:00,6.494552020488234,4.183341334217712,6.615080191460651,2.602018872081038,5.1934292188190385,7.759398373976507,6.6639573051221515
2026-01-09 18:00:00,6.494552020488234,4.183341334217712,6.615080191460651,2.602018872081038,5.1934292188190385,7.759398373976507,6.6639573051221515
2026-01-09 19:00:00,6.494552020488234,4.183341334217712,6.615080191460651,2.602018872081038,5.1934292188190385,7.759398373976507,6.6639573051221515
2026-01-09 20:00:00,6.494552020488234,4.183341334217712,6.615080191460651,2.602018872081038,5.1934292188190385,7.759398373976507,6.6639573051221515
2026-01-09 21:00:00,6.494552020488234,4.183341334217712,0.0,2.602018872081038,5.1934292188190385,7.759398373976507,6.6639573051221515
2026-01-09 22:00:00,6.494552020488234,0.0,0.0,2.602018872081038,0.0,0.0,0.0
2026-01-09 23:00:00,0.0,0.0,0.0,0.0,0.0,0.0,0.0
2026-01-10 00:00:00,0.0,0.0,0.0,0.0,0.0,0.0,0.0
2026-01-10 01:00:00,0.0,0.0,0.0,0.0,0.0,0.0,0.0
2026-01-10 02:00:00,0.0,0.0,0.0,0.0,0.0,0.0,0.0
2026-01-10 03:00:00,0.0,0.0,0.0,0.0,0.0,0.0,0.0
2026-01-10 04:00:00,0.0,0.0,0.0,0.0,0.0,0.0,0.0
2026-01-10 05:00:00,0.0,0.0,0.0,0.0,0.0,0.0,0.0
2026-01-10 06:00:00,0.0,0.0,0.0,0.0,0.0,0.0,0.0
2026-01-10 07:00:00,0.0,0.0,0.0,0.0,0.0,0.0,0.0
2026-01-10 08:00:00,0.0,2.857142857142857,0.0,0.0,2.5531914893617023,0.0,0.0
2026-01-10 09:00:00,6.998040893757001,2.857142857142857,3.0,6.592009325951798,2.5531914893617023,6.524092559156918,5.537942649012076
2026-01-10 10:00:00,6.998040893757001,2.857142857142857,3.0,6.592009325951798,2.5531914893617023,6.524092559156918,5.537942649012076
2026-01-10 11:00:00,6.998040893757001,2.857142857142857,3.0,6.592009325951798,2.5531914893617023,6.524092559156918,5.537942649012076
2026-01-10 12:00:00,6.998040893757001,2.857142857142857,3.0,6.592009325951798,2.5531914893617023,6.524092559156918,5.537942649012076
2026-01-10 13:00:00,6.998040893757001,2.857142857142857,3.0,6.592009325951798,2.5531914893617023,6.524092559156918,5.537942649012076
2026-01-10 14:00:00,6.998040893757001,2.857142857142857,3.0,6.592009325951798,2.5531914893617023,6.524092559156918,5.537942649012076
2026-01-10 15:00:00,6.998040893757001,2.857142857142857,3.0,6.592009325951798,2.5531914893617023,6.524092559156918,5.537942649012076
2026-01-10 16:00:00,6.998040893757001,2.857142857142857,3.0,6.592009325951798,2.5531914893617023,6.524092559156918,5.537942649012076
2026-01-10 17:00:00,6.998040893757001,2.857142857142857,3.0,6.592009325951798,2.5531914893617023,6.524092559156918,5.537942649012076
2026-01-10 18:00:00,6.998040893757001,2.857142857142857,3.0,6.592009325951798,2.5531914893617023,6.524092559156918,5.537942649012076
2026-01-10 19:00:00,0.0,0.0,0.0,0.0,2.5531914893617023,0.0,0.0
2026-01-10 20:00:00,0.0,0.0,0.0,0.0,0.0,0.0,0.0
2026-01-10 21:00:00,0.0,0.0,0.0,0.0,0.0,0.0,0.0
2026-01-10 22:00:00,0.0,0.0,0.0,0.0,0.0,0.0,0.0
2026-01-10 23:00:00,0.0,0.0,0.0,0.0,0.0,0.0,0.0
2026-01-11 00:00:00,0.0,0.0,0.0,0.0,0.0,0.0,0.0
2026-01-11 01:00:00,0.0,0.0,0.0,0.0,0.0,0.0,0.0
2026-01-11 02:00:00,0.0,0.0,0.0,0.0,0.0,0.0,0.0
2026-01-11 03:00:00,0.0,0.0,0.0,0.0,0.0,0.0,0.0
2026-01-11 04:00:00,0.0,0.0,0.0,0.0,0.0,0.0,0.0
2026-01-11 05:00:00,0.0,0.0,0.0,0.0,0.0,0.0,0.0
2026-01-11 06:00:00,0.0,0.0,0.0,0.0,0.0,0.0,0.0
2026-01-11 07:00:00,0.0,0.0,0.0,0.0,0.0,4.254281592768081,0.0
2026-01-11 08:00:00,0.0,0.0,0.0,0.0,3.181954468440111,4.254281592768081,3.005317908456066
2026-01-11 09:00:00,3.858382409272993,3.0,3.076923076923077,3.6823764592728074,3.181954468440111,4.254281592768081,3.005317908456066
2026-01-11 10:00:00,3.858382409272993,3.0,3.076923076923077,3.6823764592728074,3.181954468440111,4.254281592768081,3.005317908456066
2026-01-11 11:00:00,3.858382409272993,3.0,3.076923076923077,3.6823764592728074,3.181954468440111,4.254281592768081,3.005317908456066
2026-01-11 12:00:00,3.858382409272993,3.0,3.076923076923077,3.6823764592728074,3.181954468440111,4.254281592768081,3.005317908456066
2026-01-11 13:00:00,3.858382409272993,3.0,3.076923076923077,3.6823764592728074,3.181954468440111,4.254281592768081,3.005317908456066
2026-01-11 14:00:00,3.858382409272993,3.0,3.076923076923077,3.6823764592728074,3.181954468440111,4.254281592768081,3.005317908456066
2026-01-11 15:00:00,3.858382409272993,3.0,3.076923076923077,3.6823764592728074,3.181954468440111,4.254281592768081,3.005317908456066
2026-01-11 16:00:00,3.858382409272993,3.0,3.076923076923077,3.6823764592728074,3.181954468440111,4.254281592768081,3.005317908456066
2026-01-11 17:00:00,3.858382409272993,3.0,3.076923076923077,3.6823764592728074,3.181954468440111,4.254281592768081,3.005317908456066
2026-01-11 18:00:00,3.858382409272993,3.0,0.0,3.6823764592728074,3.181954468440111,4.254281592768081,3.005317908456066
2026-01-11 19:00:00,3.858382409272993,0.0,0.0,0.0,0.0,0.0,0.0
2026-01-11 20:00:00,0.0,0.0,0.0,0.0,0.0,0.0,0.0
2026-01-11 21:00:00,0.0,0.0,0.0,0.0,0.0,0.0,0.0
2026-01-11 22:00:00,0.0,0.0,0.0,0.0,0.0,0.0,0.0
2026-01-11 23:00:00,0.0,0.0,0.0,0.0,0.0,0.0,0.0
2026-01-12 00:00:00,0.0,0.0,0.0,0.0,0.0,0.0,0.0
2026-01-12 01:00:00,0.0,0.0,0.0,0.0,0.0,0.0,0.0
2026-01-12 02:00:00,0.0,0.0,0.0,0.0,0.0,0.0,0.0
2026-01-12 03:00:00,0.0,0.0,0.0,0.0,0.0,0.0,0.0
2026-01-12 04:00:00,0.0,0.0,0.0,0.0,0.0,0.0,0.0
2026-01-12 05:00:00,0.0,0.0,0.0,0.0,0.0,0.0,0.0
2026-01-12 06:00:00,0.0,0.0,0.0,0.0,0.0,0.0,0.0
2026-01-12 07:00:00,0.0,0.0,0.0,0.0,0.0,0.0,0.0
2026-01-12 08:00:00,3.655965709803217,6.355318216375485,6.488954401973574,4.903289193569313,4.951893693616437,0.0,4.596167991877944
2026-01-12 09:00:00,3.655965709803217,6.355318216375485,6.488954401973574,4.903289193569313,4.951893693616437,6.3408995524787715,4.596167991877944
2026-01-12 10:00:00,3.655965709803217,6.355318216375485,6.488954401973574,4.903289193569313,4.951893693616437,6.3408995524787715,4.596167991877944
2026-01-12 11:00:00,3.655965709803217,6.355318216375485,6.488954401973574,4.903289193569313,4.951893693616437,6.3408995524787715,4.596167991877944
2026-01-12 12:00:00,3.655965709803217,6.355318216375485,6.488954401973574,4.903289193569313,4.951893693616437,6.3408995524787715,4.596167991877944
2026-01-12 13:00:00,3.655965709803217,6.355318216375485,6.488954401973574,4.903289193569313,4.951893693616437,6.3408995524787715,4.596167991877944
2026-01-12 14:00:00,3.655965709803217,6.355318216375485,6.488954401973574,4.903289193569313,4.951893693616437,6.3408995524787715,4.596167991877944
2026-01-12 15:00:00,3.655965709803217,6.355318216375485,6.488954401973574,4.903289193569313,4.951893693616437,6.3408995524787715,4.596167991877944
2026-01-12 16:00:00,3.655965709803217,6.355318216375485,6.488954401973574,4.903289193569313,4.951893693616437,6.3408995524787715,4.596167991877944
2026-01-12 17:00:00,3.655965709803217,6.355318216375485,6.488954401973574,4.903289193569313,4.951893693616437,6.3408995524787715,4.596167991877944
2026-01-12 18:00:00,3.655965709803217,6.355318216375485,6.488954401973574,4.903289193569313,4.951893693616437,6.3408995524787715,4.596167991877944
2026-01-12 19:00:00,3.655965709803217,6.355318216375485,6.488954401973574,4.903289193569313,4.951893693616437,6.3408995524787715,4.596167991877944
2026-01-12 20:00:00,3.655965709803217,6.355318216375485,6.488954401973574,4.903289193569313,4.951893693616437,6.3408995524787715,4.596167991877944
2026-01-12 21:00:00,3.655965709803217,6.355318216375485,6.488954401973574,4.903289193569313,0.0,6.3408995524787715,0.0
2026-01-12 22:00:00,3.655965709803217,6.355318216375485,6.488954401973574,4.903289193569313,0.0,6.3408995524787715,0.0
2026-01-12 23:00:00,0.0,0.0,0.0,0.0,0.0,0.0,0.0
2026-01-13 00:00:00,0.0,0.0,0.0,0.0,0.0,0.0,0.0
2026-01-13 01:00:00,0.0,0.0,0.0,0.0,0.0,0.0,0.0
2026-01-13 02:00:00,0.0,0.0,0.0,0.0,0.0,0.0,0.0
2026-01-13 03:00:00,0.0,0.0,0.0,0.0,0.0,0.0,0.0
2026-01-13 04:00:00,0.0,0.0,0.0,0.0,0.0,0.0,0.0
2026-01-13 05:00:00,0.0,0.0,0.0,0.0,0.0,0.0,0.0
2026-01-13 06:00:00,0.0,0.0,0.0,0.0,0.0,0.0,0.0
2026-01-13 07:00:00,0.0,0.0,0.0,0.0,0.0,4.240605851260913,0.0
2026-01-13 08:00:00,0.0,2.580249631354041,8.250201749160261,0.0,0.0,4.240605851260913,5.510045411863492
2026-01-13 09:00:00,7.347929966062345,2.580249631354041,8.250201749160261,7.0692626189706855,4.162431439411518,4.240605851260913,5.510045411863492
2026-01-13 10:00:00,7.347929966062345,2.580249631354041,8.250201749160261,7.0692626189706855,4.162431439411518,4.240605851260913,5.510045411863492
2026-01-13 11:00:00,7.347929966062345,2.580249631354041,8.250201749160261,7.0692626189706855,4.162431439411518,4.240605851260913,5.510045411863492
2026-01-13 12:00:00,7.347929966062345,2.580249631354041,8.250201749160261,7.0692626189706855,4.162431439411518,4.240605851260913,5.510045411863492
2026-01-13 13:00:00,7.347929966062345,2.580249631354041,8.250201749160261,7.0692626189706855,4.162431439411518,4.240605851260913,5.510045411863492
2026-01-13 14:00:00,7.347929966062345,2.580249631354041,8.250201749160261,7.0692626189706855,4.162431439411518,4.240605851260913,5.510045411863492
2026-01-13 15:00:00,7.347929966062345,2.580249631354041,8.250201749160261,7.0692626189706855,4.162431439411518,4.240605851260913,5.510045411863492
2026-01-13 16:00:00,7.347929966062345,2.580249631354041,8.250201749160261,7.0692626189706855,4.162431439411518,4.240605851260913,5.510045411863492
2026-01-13 17:00:00,7.347929966062345,2.580249631354041,8.250201749160261,7.0692626189706855,4.162431439411518,4.240605851260913,5.510045411863492
2026-01-13 18:00:00,7.347929966062345,2.580249631354041,8.250201749160261,7.0692626189706855,4.162431439411518,4.240605851260913,5.510045411863492
2026-01-13 19:00:00,7.347929966062345,2.580249631354041,8.250201749160261,7.0692626189706855,4.162431439411518,4.240605851260913,5.510045411863492
2026-01-13 20:00:00,7.347929966062345,2.580249631354041,8.250201749160261,7.0692626189706855,4.162431439411518,4.240605851260913,5.510045411863492
2026-01-13 21:00:00,7.347929966062345,2.580249631354041,8.250201749160261,7.0692626189706855,4.162431439411518,4.240605851260913,5.510045411863492
2026-01-13 22:00:00,7.347929966062345,2.580249631354041,0.0,7.0692626189706855,0.0,4.240605851260913,0.0
2026-01-13 23:00:00,0.0,0.0,0.0,0.0,0.0,0.0,0.0
2026-01-14 00:00:00,0.0,0.0,0.0,0.0,0.0,0.0,0.0
2026-01-14 01:00:00,0.0,0.0,0.0,0.0,0.0,0.0,0.0
2026-01-14 02:00:00,0.0,0.0,0.0,0.0,0.0,0.0,0.0
2026-01-14 03:00:00,0.0,0.0,0.0,0.0,0.0,0.0,0.0
2026-01-14 04:00:00,0.0,0.0,0.0,0.0,0.0,0.0,0.0
2026-01-14 05:00:00,0.0,0.0,0.0,0.0,0.0,0.0,0.0
2026-01-14 06:00:00,0.0,0.0,0.0,0.0,0.0,0.0,0.0
2026-01-14 07:00:00,0.0,0.0,0.0,0.0,6.075005933072375,0.0,0.0
2026-01-14 08:00:00,4.377486715596008,5.303988485859139,4.952063006112033,5.868733427357492,6.075005933072375,2.1497564084045084,0.0
2026-01-14 09:00:00,4.377486715596008,5.303988485859139,4.952063006112033,5.868733427357492,6.075005933072375,2.1497564084045084,6.12818867262776
2026-01-14 10:00:00,4.377486715596008,5.303988485859139,4.952063006112033,5.868733427357492,6.075005933072375,2.1497564084045084,6.12818867262776
2026-01-14 11:00:00,4.377486715596008,5.303988485859139,4.952063006112033,5.868733427357492,6.075005933072375,2.1497564084045084,6.12818867262776
2026-01-14 12:00:00,4.377486715596008,5.303988485859139,4.952063006112033,5.868733427357492,6.075005933072375,2.1497564084045084,6.12818867262776
2026-01-14 13:00:00,4.377486715596008,5.303988485859139,4.952063006112033,5.868733427357492,6.075005933072375,2.1497564084045084,6.12818867262776
2026-01-14 14:00:00,4.377486715596008,5.303988485859139,4.952063006112033,5.868733427357492,6.075005933072375,2.1497564084045084,6.12818867262776
2026-01-14 15:00:00,4.377486715596008,5.303988485859139,4.952063006112033,5.868733427357492,6.075005933072375,2.1497564084045084,6.12818867262776
2026-01-14 16:00:00,4.377486715596008,5.303988485859139,4.952063006112033,5.868733427357492,6.075005933072375,2.1497564084045084,6.12818867262776
2026-01-14 17:00:00,4.377486715596008,5.303988485859139,4.952063006112033,5.868733427357492,6.075005933072375,2.1497564084045084,6.12818867262776
2026-01-14 18:00:00,4.377486715596008,5.303988485859139,4.952063006112033,5.868733427357492,6.075005933072375,2.1497564084045084,6.12818867262776
2026-01-14 19:00:00,4.377486715596008,5.303988485859139,4.952063006112033,5.868733427357492,6.075005933072375,2.1497564084045084,6.12818867262776
2026-01-14 20:00:00,4.377486715596008,0.0,4.952063006112033,5.868733427357492,6.075005933072375,2.1497564084045084,6.12818867262776
2026-01-14 21:00:00,4.377486715596008,0.0,4.952063006112033,5.868733427357492,6.075005933072375,2.1497564084045084,6.12818867262776
2026-01-14 22:00:00,4.377486715596008,0.0,4.952063006112033,5.868733427357492,0.0,2.1497564084045084,6.12818867262776
2026-01-14 23:00:00,0.0,0.0,0.0,0.0,0.0,0.0,0.0
