date,Consumption_km_Vehicle_0,Consumption_km_Vehicle_1,Consumption_km_Vehicle_2,Consumption_km_Vehicle_3
2026-01-01 00:00:00,0.0,0.0,0.0,0.0
2026-01-01 01:00:00,0.0,0.0,0.0,0.0
2026-01-01 02:00:00,0.0,0.0,0.0,0.0
2026-01-01 03:00:00,0.0,0.0,0.0,0.0
2026-01-01 04:00:00,0.0,0.0,0.0,0.0
2026-01-01 05:00:00,0.0,0.0,0.0,0.0
2026-01-01 06:00:00,0.0,0.0,0.0,0.0
2026-01-01 07:00:00,0.0,0.0,0.0,0.0
2026-01-01 08:00:00,0.0,0.0,0.0,0.0
2026-01-01 09:00:00,0.18131949059820934,0.19559239588308477,0.26590704623999595,0.37887718150231625
2026-01-01 10:00:00,0.18132202962994293,0.27789635611632113,0.401763938491389,0.3634957370914204
2026-01-01 11:00:00,0.4617591079287514,0.2872357476311865,0.2757746092151514,0.49543192087310384
2026-01-01 12:00:00,0.33621649159398637,0.11329772784640002,0.41464151335052546,0.49018923297760186
2026-01-01 13:00:00,0.14492676711546645,0.19978018085785545,0.46607673345795103,0.37039170245149494
2026-01-01 14:00:00,0.30143930698148635,0.263272644286211,0.5098397753088001,0.11329772784640002
2026-01-01 15:00:00,0.14586344317720745,0.11329772784640002,0.27446310005306634,0.20053396127262796
2026-01-01 16:00:00,0.14550587974757365,0.12363210348957235,0.11329772784640002,0.4254447569635806
2026-01-01 17:00:00,0.25495144114951296,0.28198911982367236,0.11329772784640002,0.46397567533730666
2026-01-01 18:00:00,0.11329772784640002,0.11329772784640002,0.33193618440268047,0.4124493406546855
2026-01-01 19:00:00,0.11329772784640002,0.13849212988735507,0.4341967726913452,0.21997501346350853
2026-01-01 20:00:00,0.0,0.16402024701677068,0.3393740248550856,0.3765776954939324
2026-01-01 21:00:00,0.0,0.0,0.0,0.0
2026-01-01 22:00:00,0.0,0.0,0.0,0.0
2026-01-01 23:00:00,0.0,0.0,0.0,0.0
2026-01-02 00:00:00,0.0,0.0,0.0,0.0
2026-01-02 01:00:00,0.0,0.0,0.0,0.0
2026-01-02 02:00:00,0.0,0.0,0.0,0.0
2026-01-02 03:00:00,0.0,0.0,0.0,0.0
2026-01-02 04:00:00,0.0,0.0,0.0,0.0
2026-01-02 05:00:00,0.0,0.0,0.0,0.0
2026-01-02 06:00:00,0.0,0.0,0.0,0.0
2026-01-02 07:00:00,0.0,0.0,0.0,0.0
2026-01-02 08:00:00,0.0,0.0,0.0,0.0
2026-01-02 09:00:00,0.123259004,0.0,0.2642840847961436,0.0
2026-01-02 10:00:00,0.48325055387804733,0.2271382379452787,0.37831283933021725,0.5546655180000001
2026-01-02 11:00:00,0.198670754652682,0.4620507579502567,0.5465079286960431,0.42327613466241204
2026-01-02 12:00:00,0.24801880955862732,0.123259004,0.20059321462307664,0.3459062301554998
2026-01-02 13:00:00,0.123259004,0.21862165894553443,0.123259004,0.4511256472350767
2026-01-02 14:00:00,0.14506568882699977,0.4153378647617373,0.4721313160328133,0.2204652357612799
2026-01-02 15:00:00,0.2553198515027284,0.1442233649117268,0.123259004,0.5546655180000001
2026-01-02 16:00:00,0.123259004,0.26619366919199366,0.5546655180000001,0.3611601471230991
2026-01-02 17:00:00,0.2998679309203736,0.32037850265432644,0.2357638901831584,0.123259004
2026-01-02 18:00:00,0.13560070475735456,0.5546655180000001,0.329755189647357,0.123259004
2026-01-02 19:00:00,0.18758024001597676,0.35864503161150485,0.36497546428524025,0.44172132277365894
2026-01-02 20:00:00,0.13542102838727277,0.24011468342435865,0.3078517429942569,0.42473936026830017
2026-01-02 21:00:00,0.0,0.0,0.0,0.0
2026-01-02 22:00:00,0.0,0.0,0.0,0.0
2026-01-02 23:00:00,0.0,0.0,0.0,0.0
2026-01-03 00:00:00,0.0,0.0,0.0,0.0
2026-01-03 01:00:00,0.0,0.0,0.0,0.0
2026-01-03 02:00:00,0.0,0.0,0.0,0.0
2026-01-03 03:00:00,0.0,0.0,0.0,0.0
2026-01-03 04:00:00,0.0,0.0,0.0,0.0
2026-01-03 05:00:00,0.0,0.0,0.0,0.0
2026-01-03 06:00:00,0.0,0.0,0.0,0.0
2026-01-03 07:00:00,0.0,0.0,0.0,0.0
2026-01-03 08:00:00,0.0,0.0,0.0,0.0
2026-01-03 09:00:00,0.0,0.435382787591712,0.2860228626788818,0.0
2026-01-03 10:00:00,0.1209049010004,0.1209049010004,0.1709728106916488,0.36399248452269944
2026-01-03 11:00:00,0.2666072529783783,0.1965948731130588,0.4504855491731129,0.35561887814474163
2026-01-03 12:00:00,0.1209049010004,0.2540174195775921,0.1595058606570977,0.5440720545018
2026-01-03 13:00:00,0.1209049010004,0.4186815414266094,0.3082241593321964,0.2868200359096478
2026-01-03 14:00:00,0.26462644135959484,0.2829928591347573,0.502501395948307,0.23876959655171565
2026-01-03 15:00:00,0.35401038215967096,0.23772234843763024,0.4605465669526007,0.33543919865549293
2026-01-03 16:00:00,0.260419206743887,0.5440720545018,0.24811352486802915,0.18773427938811169
2026-01-03 17:00:00,0.21305137367920043,0.3069326209428689,0.30417080633159443,0.3204968344544683
2026-01-03 18:00:00,0.18244470434997215,0.4255279580725677,0.2677752420714409,0.0
2026-01-03 19:00:00,0.0,0.3083316627225626,0.1209049010004,0.0
2026-01-03 20:00:00,0.0,0.32979719556246456,0.3624142503921583,0.0
2026-01-03 21:00:00,0.0,0.0,0.0,0.0
2026-01-03 22:00:00,0.0,0.0,0.0,0.0
2026-01-03 23:00:00,0.0,0.0,0.0,0.0
2026-01-04 00:00:00,0.0,0.0,0.0,0.0
2026-01-04 01:00:00,0.0,0.0,0.0,0.0
2026-01-04 02:00:00,0.0,0.0,0.0,0.0
2026-01-04 03:00:00,0.0,0.0,0.0,0.0
2026-01-04 04:00:00,0.0,0.0,0.0,0.0
2026-01-04 05:00:00,0.0,0.0,0.0,0.0
2026-01-04 06:00:00,0.0,0.0,0.0,0.0
2026-01-04 07:00:00,0.0,0.0,0.0,0.0
2026-01-04 08:00:00,0.0,0.0,0.0,0.17600049966665418
2026-01-04 09:00:00,0.311776788516294,0.0,0.0,0.41243233488907627
2026-01-04 10:00:00,0.13050301525000002,0.17528266548919258,0.4798290489077669,0.25730837746531743
2026-01-04 11:00:00,0.308297010828286,0.13050301525000002,0.13050301525000002,0.22401132022467773
2026-01-04 12:00:00,0.18196853503583318,0.24850907580327322,0.16307280737398552,0.32304209745029594
2026-01-04 13:00:00,0.13050301525000002,0.13050301525000002,0.15088571178745705,0.13050301525000002
2026-01-04 14:00:00,0.3595277333491553,0.14911419743685594,0.29507011304298447,0.5872635686250001
2026-01-04 15:00:00,0.4342245551255985,0.13050301525000002,0.4239629772756591,0.5316276953851035
2026-01-04 16:00:00,0.4164608780763139,0.13050301525000002,0.13050301525000002,0.5872635686250001
2026-01-04 17:00:00,0.13050301525000002,0.13050301525000002,0.5872635686250001,0.15422093362875036
2026-01-04 18:00:00,0.19548374307736233,0.2586412792674973,0.447624228717767,0.4430378590908362
2026-01-04 19:00:00,0.0,0.15294731478879034,0.1993708030860582,0.0
2026-01-04 20:00:00,0.0,0.0,0.0,0.0
2026-01-04 21:00:00,0.0,0.0,0.0,0.0
2026-01-04 22:00:00,0.0,0.0,0.0,0.0
2026-01-04 23:00:00,0.0,0.0,0.0,0.0
2026-01-05 00:00:00,0.0,0.0,0.0,0.0
2026-01-05 01:00:00,0.0,0.0,0.0,0.0
2026-01-05 02:00:00,0.0,0.0,0.0,0.0
2026-01-05 03:00:00,0.0,0.0,0.0,0.0
2026-01-05 04:00:00,0.0,0.0,0.0,0.0
2026-01-05 05:00:00,0.0,0.0,0.0,0.0
2026-01-05 06:00:00,0.0,0.0,0.0,0.0
2026-01-05 07:00:00,0.0,0.0,0.0,0.0
2026-01-05 08:00:00,0.0,0.0,0.0,0.0
2026-01-05 09:00:00,0.12261975796040002,0.38101413087499303,0.380534471892061,0.2256185579318623
2026-01-05 10:00:00,0.12261975796040002,0.17568430412721295,0.32801501394276034,0.5034755547066772
2026-01-05 11:00:00,0.37142723264519084,0.27066290367430923,0.36925325034383577,0.3878335743708531
2026-01-05 12:00:00,0.4624319250979678,0.2908908757783522,0.2977171645927095,0.29501335549434893
2026-01-05 13:00:00,0.2233771713622975,0.20104844835995742,0.16195346477509273,0.2419275430124218
2026-01-05 14:00:00,0.40339722711014575,0.29480773593837056,0.46814524080096953,0.17978030488983932
2026-01-05 15:00:00,0.2959591156243723,0.33172056608643796,0.3713370330213222,0.12261975796040002
2026-01-05 16:00:00,0.12745239083853419,0.5031089694919616,0.48987988504610097,0.2627147543380764
2026-01-05 17:00:00,0.2959188751708807,0.34063834133372,0.3129867784152405,0.12261975796040002
2026-01-05 18:00:00,0.49286029690099004,0.5109473922416113,0.20706764206906528,0.3730446705721362
2026-01-05 19:00:00,0.2294335172504411,0.5158308668086687,0.25552129397965007,0.5517889108218
2026-01-05 20:00:00,0.4973136842792758,0.26613704925089987,0.36783868071889336,0.4013616236308555
2026-01-05 21:00:00,0.0,0.0,0.0,0.0
2026-01-05 22:00:00,0.0,0.0,0.0,0.0
2026-01-05 23:00:00,0.0,0.0,0.0,0.0
2026-01-06 00:00:00,0.0,0.0,0.0,0.0
2026-01-06 01:00:00,0.0,0.0,0.0,0.0
2026-01-06 02:00:00,0.0,0.0,0.0,0.0
2026-01-06 03:00:00,0.0,0.0,0.0,0.0
2026-01-06 04:00:00,0.0,0.0,0.0,0.0
2026-01-06 05:00:00,0.0,0.0,0.0,0.0
2026-01-06 06:00:00,0.0,0.0,0.0,0.0
2026-01-06 07:00:00,0.0,0.0,0.0,0.0
2026-01-06 08:00:00,0.0,0.0,0.0,0.0
2026-01-06 09:00:00,0.2721475910015441,0.20172967453196153,0.4441460692352894,0.229994974775639
2026-01-06 10:00:00,0.13306301459840003,0.31287791648268515,0.47411597735542793,0.1911960066737164
2026-01-06 11:00:00,0.21558176009011107,0.27093669522003966,0.46944815211090984,0.5987835656928001
2026-01-06 12:00:00,0.3203437068357317,0.16739724241744672,0.23814886269102384,0.23593973183338657
2026-01-06 13:00:00,0.5239123833296269,0.13306301459840003,0.3623614812772189,0.42103491734880455
2026-01-06 14:00:00,0.16134704227754298,0.13306301459840003,0.5987835656928001,0.2634971736432539
2026-01-06 15:00:00,0.13306301459840003,0.14916543647765326,0.45227095189937705,0.5888990376349924
2026-01-06 16:00:00,0.16434634695599,0.2736180900236652,0.39110839673479914,0.3721487736570949
2026-01-06 17:00:00,0.42174640373331246,0.5987835656928001,0.5987835656928001,0.36984145497997767
2026-01-06 18:00:00,0.3151923857347335,0.4268772058807766,0.2554587743056094,0.4418873416242236
2026-01-06 19:00:00,0.1592601045508839,0.13306301459840003,0.13306301459840003,0.13306301459840003
2026-01-06 20:00:00,0.3487062728341886,0.13306301459840003,0.43094199501869185,0.5987835656928001
2026-01-06 21:00:00,0.0,0.0,0.0,0.0
2026-01-06 22:00:00,0.0,0.0,0.0,0.0
2026-01-06 23:00:00,0.0,0.0,0.0,0.0
2026-01-07 00:00:00,0.0,0.0,0.0,0.0
2026-01-07 01:00:00,0.0,0.0,0.0,0.0
2026-01-07 02:00:00,0.0,0.0,0.0,0.0
2026-01-07 03:00:00,0.0,0.0,0.0,0.0
2026-01-07 04:00:00,0.0,0.0,0.0,0.0
2026-01-07 05:00:00,0.0,0.0,0.0,0.0
2026-01-07 06:00:00,0.0,0.0,0.0,0.0
2026-01-07 07:00:00,0.0,0.0,0.0,0.0
2026-01-07 08:00:00,0.17763254903338352,0.0,0.0,0.0
2026-01-07 09:00:00,0.12827563053440003,0.5772403374048001,0.5772403374048001,0.19220809329153263
2026-01-07 10:00:00,0.29813875644841287,0.26122597215412663,0.4845452512878461,0.156619621894125
2026-01-07 11:00:00,0.29199900608902246,0.12989257160588663,0.47159295920553956,0.24891083603389996
2026-01-07 12:00:00,0.24718455763545305,0.19273476610369092,0.36975743429413005,0.16565392049512073
2026-01-07 13:00:00,0.2052138866332252,0.4139850416707099,0.4035998283136567,0.12827563053440003
2026-01-07 14:00:00,0.12827563053440003,0.13909170531196338,0.27768501899103143,0.31505464655125015
2026-01-07 15:00:00,0.17263579805366386,0.2208203118998325,0.2731539884846522,0.5772403374048001
2026-01-07 16:00:00,0.18628118886950598,0.16236350416036438,0.32039462100767996,0.3611385966626796
2026-01-07 17:00:00,0.12827563053440003,0.12827563053440003,0.1936113478280278,0.36747395447897685
2026-01-07 18:00:00,0.21804868964444768,0.44507012550038544,0.187441373382341,0.49367797005439806
2026-01-07 19:00:00,0.3170369946773326,0.2088345556742241,0.5772403374048001,0.3359786345047411
2026-01-07 20:00:00,0.5765532617196741,0.12827563053440003,0.0,0.32548227995521006
2026-01-07 21:00:00,0.0,0.0,0.0,0.0
2026-01-07 22:00:00,0.0,0.0,0.0,0.0
2026-01-07 23:00:00,0.0,0.0,0.0,0.0
2026-01-08 00:00:00,0.0,0.0,0.0,0.0
2026-01-08 01:00:00,0.0,0.0,0.0,0.0
2026-01-08 02:00:00,0.0,0.0,0.0,0.0
2026-01-08 03:00:00,0.0,0.0,0.0,0.0
2026-01-08 04:00:00,0.0,0.0,0.0,0.0
2026-01-08 05:00:00,0.0,0.0,0.0,0.0
2026-01-08 06:00:00,0.0,0.0,0.0,0.0
2026-01-08 07:00:00,0.0,0.0,0.0,0.0
2026-01-08 08:00:00,0.0,0.0,0.0,0.0
2026-01-08 09:00:00,0.2216461313058275,0.11765852221440001,0.5279240365965442,0.2706817942583264
2026-01-08 10:00:00,0.2355775682314006,0.1390684213316555,0.35151193903177225,0.5240098781405677
2026-01-08 11:00:00,0.5294633499648,0.34471765469896515,0.29352033555508356,0.3669297852878656
2026-01-08 12:00:00,0.19501044480428756,0.4170404531111903,0.5294633499648,0.4574480718455582
2026-01-08 13:00:00,0.27433403668527884,0.16209794845555403,0.5294633499648,0.5294633499648
2026-01-08 14:00:00,0.22032951765734013,0.11765852221440001,0.325031358094579,0.3439435602850602
2026-01-08 15:00:00,0.11765852221440001,0.11765852221440001,0.16194329394228435,0.11765852221440001
2026-01-08 16:00:00,0.4094461440410763,0.20345644148021416,0.3642149312417032,0.2604274464857009
2026-01-08 17:00:00,0.34666772732375906,0.11765852221440001,0.22137162508148195,0.25762223996562483
2026-01-08 18:00:00,0.35294716478352695,0.11765852221440001,0.3686047006511138,0.42308801451942585
2026-01-08 19:00:00,0.11765852221440001,0.18062034985190575,0.4765583425127941,0.5294633499648
2026-01-08 20:00:00,0.45119857578951783,0.13295040891981413,0.39858310721650314,0.0
2026-01-08 21:00:00,0.0,0.0,0.0,0.0
2026-01-08 22:00:00,0.0,0.0,0.0,0.0
2026-01-08 23:00:00,0.0,0.0,0.0,0.0
2026-01-09 00:00:00,0.0,0.0,0.0,0.0
2026-01-09 01:00:00,0.0,0.0,0.0,0.0
2026-01-09 02:00:00,0.0,0.0,0.0,0.0
2026-01-09 03:00:00,0.0,0.0,0.0,0.0
2026-01-09 04:00:00,0.0,0.0,0.0,0.0
2026-01-09 05:00:00,0.0,0.0,0.0,0.0
2026-01-09 06:00:00,0.0,0.0,0.0,0.0
2026-01-09 07:00:00,0.0,0.0,0.0,0.0
2026-01-09 08:00:00,0.0,0.0,0.0,0.36273308633835244
2026-01-09 09:00:00,0.13045358093896942,0.4896088357044353,0.4275696635654465,0.22357134772212017
2026-01-09 10:00:00,0.23384033693961642,0.2146205507250171,0.22237533861391792,0.2493934336169559
2026-01-09 11:00:00,0.1402065344928802,0.312186475780945,0.5118040734047999,0.1137342385344
2026-01-09 12:00:00,0.1137342385344,0.2506750095456305,0.3524650283196364,0.15577954287558501
2026-01-09 13:00:00,0.22901395028915886,0.28900249301995745,0.34299212104784904,0.5004365776521896
2026-01-09 14:00:00,0.1137342385344,0.26954646142460553,0.43309758227806033,0.1137342385344
2026-01-09 15:00:00,0.291893653642987,0.47801743075705516,0.41783143688246677,0.19336884377338082
2026-01-09 16:00:00,0.1137342385344,0.1137342385344,0.42722430899512986,0.35591564155684563
2026-01-09 17:00:00,0.4589927697255087,0.1137342385344,0.2708741575658097,0.15597039300983
2026-01-09 18:00:00,0.1137342385344,0.4609329491136532,0.47051048735809214,0.2791766531892418
2026-01-09 19:00:00,0.16837057790214746,0.1137342385344,0.14906810529085107,0.5118040734047999
2026-01-09 20:00:00,0.34466603709525095,0.1137342385344,0.16024928829841256,0.321794943385613
2026-01-09 21:00:00,0.0,0.0,0.0,0.0
2026-01-09 22:00:00,0.0,0.0,0.0,0.0
2026-01-09 23:00:00,0.0,0.0,0.0,0.0
2026-01-10 00:00:00,0.0,0.0,0.0,0.0
2026-01-10 01:00:00,0.0,0.0,0.0,0.0
2026-01-10 02:00:00,0.0,0.0,0.0,0.0
2026-01-10 03:00:00,0.0,0.0,0.0,0.0
2026-01-10 04:00:00,0.0,0.0,0.0,0.0
2026-01-10 05:00:00,0.0,0.0,0.0,0.0
2026-01-10 06:00:00,0.0,0.0,0.0,0.0
2026-01-10 07:00:00,0.0,0.0,0.0,0.0
2026-01-10 08:00:00,0.0,0.0,0.0,0.0
2026-01-10 09:00:00,0.25838630051533673,0.34188089212215045,0.0,0.48198424695027403
2026-01-10 10:00:00,0.2706053559221509,0.11896100400000001,0.4854488236528131,0.3080805933691017
2026-01-10 11:00:00,0.3553589097853212,0.45904333116301954,0.11896100400000001,0.535324518
2026-01-10 12:00:00,0.11896100400000001,0.2642536264749089,0.2276218576625591,0.11896100400000001
2026-01-10 13:00:00,0.11896100400000001,0.5237522801888561,0.11896100400000001,0.38633982554566687
2026-01-10 14:00:00,0.31315892318153615,0.31504555218461555,0.11896100400000001,0.33785860535926965
2026-01-10 15:00:00,0.2766300247190893,0.1761680677858342,0.3217993442387821,0.11896100400000001
2026-01-10 16:00:00,0.2690806002067353,0.11896100400000001,0.42745805238150314,0.1903057219831314
2026-01-10 17:00:00,0.2846620013108159,0.11896100400000001,0.34167652954800337,0.2853459414892989
2026-01-10 18:00:00,0.11896100400000001,0.11896100400000001,0.0,0.40182408643077333
2026-01-10 19:00:00,0.26611889422088447,0.3209108611825286,0.0,0.18716350203974663
2026-01-10 20:00:00,0.275994754767331,0.19808684291992604,0.0,0.3660516626313668
2026-01-10 21:00:00,0.0,0.0,0.0,0.0
2026-01-10 22:00:00,0.0,0.0,0.0,0.0
2026-01-10 23:00:00,0.0,0.0,0.0,0.0
2026-01-11 00:00:00,0.0,0.0,0.0,0.0
2026-01-11 01:00:00,0.0,0.0,0.0,0.0
2026-01-11 02:00:00,0.0,0.0,0.0,0.0
2026-01-11 03:00:00,0.0,0.0,0.0,0.0
2026-01-11 04:00:00,0.0,0.0,0.0,0.0
2026-01-11 05:00:00,0.0,0.0,0.0,0.0
2026-01-11 06:00:00,0.0,0.0,0.0,0.0
2026-01-11 07:00:00,0.0,0.0,0.0,0.0
2026-01-11 08:00:00,0.0,0.0,0.0,0.0
2026-01-11 09:00:00,0.31599673105648923,0.12998906140489408,0.5049312808698,0.2129825457923803
2026-01-11 10:00:00,0.1122069513044,0.3805759227344024,0.21408637301895106,0.2936442207727553
2026-01-11 11:00:00,0.33598918309768916,0.20703467640846568,0.3694614785927878,0.22264146472766372
2026-01-11 12:00:00,0.3928907285856645,0.1122069513044,0.1122069513044,0.4065536153141414
2026-01-11 13:00:00,0.1122069513044,0.15109323996239205,0.1122069513044,0.1122069513044
2026-01-11 14:00:00,0.3629904318503947,0.35885724685169934,0.36565857348083264,0.2553976622689372
2026-01-11 15:00:00,0.27865990049197104,0.2503170878025394,0.23393272071727786,0.4325360360720037
2026-01-11 16:00:00,0.34134612633099,0.1122069513044,0.23255500232574622,0.4103493232198895
2026-01-11 17:00:00,0.5049312808698,0.27754474994777295,0.3754505336753717,0.3322214859354073
2026-01-11 18:00:00,0.17785309200163585,0.0,0.1122069513044,0.1122069513044
2026-01-11 19:00:00,0.1122069513044,0.0,0.2822393953455785,0.34713791758719725
2026-01-11 20:00:00,0.1122069513044,0.0,0.0,0.0
2026-01-11 21:00:00,0.0,0.0,0.0,0.0
2026-01-11 22:00:00,0.0,0.0,0.0,0.0
2026-01-11 23:00:00,0.0,0.0,0.0,0.0
2026-01-12 00:00:00,0.0,0.0,0.0,0.0
2026-01-12 01:00:00,0.0,0.0,0.0,0.0
2026-01-12 02:00:00,0.0,0.0,0.0,0.0
2026-01-12 03:00:00,0.0,0.0,0.0,0.0
2026-01-12 04:00:00,0.0,0.0,0.0,0.0
2026-01-12 05:00:00,0.0,0.0,0.0,0.0
2026-01-12 06:00:00,0.0,0.0,0.0,0.0
2026-01-12 07:00:00,0.0,0.0,0.0,0.0
2026-01-12 08:00:00,0.0,0.0,0.16669354411587056,0.26335941527915996
2026-01-12 09:00:00,0.34146602968550677,0.1119889326784,0.27462324109686187,0.28615328687667224
2026-01-12 10:00:00,0.21700628355462023,0.23109274656134884,0.15237740094791388,0.3925856788297293
2026-01-12 11:00:00,0.43721308207313286,0.21906477179709266,0.3549344547081993,0.2409818002807951
2026-01-12 12:00:00,0.17456201221983114,0.1119889326784,0.18004664295891865,0.1857636652776131
2026-01-12 13:00:00,0.5039501970528,0.3127816352692589,0.16009932247763828,0.21989527505440581
2026-01-12 14:00:00,0.3106613229785502,0.1173979432604142,0.2589888776758649,0.379812277450758
2026-01-12 15:00:00,0.1119889326784,0.16721220011629231,0.4206360704640532,0.1119889326784
2026-01-12 16:00:00,0.1119889326784,0.1119889326784,0.5039501970528,0.3396172140401239
2026-01-12 17:00:00,0.2887718449252789,0.14507005812726273,0.3314164505157112,0.18523497920798881
2026-01-12 18:00:00,0.18085913595051922,0.5039501970528,0.28480205203876663,0.283778911121456
2026-01-12 19:00:00,0.3241643599495582,0.42485721505739515,0.1119889326784,0.4021280751700748
2026-01-12 20:00:00,0.28736016963670785,0.1119889326784,0.3235039375073946,0.0
2026-01-12 21:00:00,0.0,0.0,0.0,0.0
2026-01-12 22:00:00,0.0,0.0,0.0,0.0
2026-01-12 23:00:00,0.0,0.0,0.0,0.0
2026-01-13 00:00:00,0.0,0.0,0.0,0.0
2026-01-13 01:00:00,0.0,0.0,0.0,0.0
2026-01-13 02:00:00,0.0,0.0,0.0,0.0
2026-01-13 03:00:00,0.0,0.0,0.0,0.0
2026-01-13 04:00:00,0.0,0.0,0.0,0.0
2026-01-13 05:00:00,0.0,0.0,0.0,0.0
2026-01-13 06:00:00,0.0,0.0,0.0,0.0
2026-01-13 07:00:00,0.0,0.0,0.0,0.0
2026-01-13 08:00:00,0.0,0.0,0.0,0.0
2026-01-13 09:00:00,0.3472791401623539,0.22105901906127282,0.0,0.11242502400000001
2026-01-13 10:00:00,0.2487109058296502,0.3117190089018104,0.2803459727323657,0.44814568596493204
2026-01-13 11:00:00,0.11242502400000001,0.16164188845990388,0.38666828429437866,0.39169194891362635
2026-01-13 12:00:00,0.24243241828214526,0.1912223905951671,0.1487854319257201,0.24797665833432136
2026-01-13 13:00:00,0.27498691196085717,0.2792764502502476,0.30338562544398084,0.11242502400000001
2026-01-13 14:00:00,0.11242502400000001,0.33807524339860745,0.23681811658205676,0.505912608
2026-01-13 15:00:00,0.23944672509007345,0.1256132593826049,0.4188397875997661,0.47523962511096557
2026-01-13 16:00:00,0.22478876519573057,0.16905321556842703,0.505912608,0.32505178502607335
2026-01-13 17:00:00,0.11242502400000001,0.1690803353802695,0.334973489099277,0.2410643975839622
2026-01-13 18:00:00,0.2707621508435815,0.4658662267198152,0.14785208411819417,0.18203474990478985
2026-01-13 19:00:00,0.30191412796583617,0.3393476952077281,0.24358680250235457,0.2977818159578894
2026-01-13 20:00:00,0.38206126071984214,0.20672047217770645,0.505912608,0.505912608
2026-01-13 21:00:00,0.0,0.0,0.0,0.0
2026-01-13 22:00:00,0.0,0.0,0.0,0.0
2026-01-13 23:00:00,0.0,0.0,0.0,0.0
2026-01-14 00:00:00,0.0,0.0,0.0,0.0
2026-01-14 01:00:00,0.0,0.0,0.0,0.0
2026-01-14 02:00:00,0.0,0.0,0.0,0.0
2026-01-14 03:00:00,0.0,0.0,0.0,0.0
2026-01-14 04:00:00,0.0,0.0,0.0,0.0
2026-01-14 05:00:00,0.0,0.0,0.0,0.0
2026-01-14 06:00:00,0.0,0.0,0.0,0.0
2026-01-14 07:00:00,0.0,0.0,0.0,0.0
2026-01-14 08:00:00,0.0,0.0,0.0,0.0
2026-01-14 09:00:00,0.2889937366906595,0.3661537357240932,0.2827946877366845,0.0
2026-01-14 10:00:00,0.2891836125215755,0.11024750000000001,0.1918483584387592,0.46163034512246215
2026-01-14 11:00:00,0.4961137500000001,0.11024750000000001,0.4961137500000001,0.23869042894565615
2026-01-14 12:00:00,0.29758727840348537,0.4961137500000001,0.36012954591515206,0.15987498296896255
2026-01-14 13:00:00,0.3825640175300815,0.4235349200800212,0.3333900386469133,0.4772355665685409
2026-01-14 14:00:00,0.3552408623592785,0.2040129598928989,0.43136476453153816,0.2820923033118666
2026-01-14 15:00:00,0.3097016607754286,0.14532861318539217,0.3396410933959461,0.4961137500000001
2026-01-14 16:00:00,0.16423101314381594,0.2551998777789907,0.29516928657245256,0.4506675275763349
2026-01-14 17:00:00,0.3258908367210925,0.18256637984237792,0.3292374727604363,0.4961137500000001
2026-01-14 18:00:00,0.11024750000000001,0.42574905960222587,0.3349156638990249,0.2766276453921451
2026-01-14 19:00:00,0.17603687999193315,0.2484097270411235,0.3686668345909445,0.34438113190271774
2026-01-14 20:00:00,0.1386338892858704,0.11024750000000001,0.2755849919788501,0.0
2026-01-14 21:00:00,0.0,0.0,0.0,0.0
2026-01-14 22:00:00,0.0,0.0,0.0,0.0
2026-01-14 23:00:00,0.0,0.0,0.0,0.0
