date,Consumption_kWh_Vehicle_0,Consumption_kWh_Vehicle_1,Consumption_kWh_Vehicle_2,Consumption_kWh_Vehicle_3
2026-01-01 00:00:00,0.0,0.0,0.0,0.0
2026-01-01 01:00:00,0.0,0.0,0.0,0.0
2026-01-01 02:00:00,0.0,0.0,0.0,0.0
2026-01-01 03:00:00,0.0,0.0,0.0,0.0
2026-01-01 04:00:00,0.0,0.0,0.0,0.0
2026-01-01 05:00:00,0.0,0.0,0.0,0.0
2026-01-01 06:00:00,0.0,0.0,0.0,0.0
2026-01-01 07:00:00,0.0,0.0,0.0,0.0
2026-01-01 08:00:00,0.0,0.0,0.0,0.0
2026-01-01 09:00:00,2.4758732870231466,2.039957044270785,3.051396355140948,3.4007991583394217
2026-01-01 10:00:00,2.4759079568803326,2.898357201859391,4.610411927306419,3.262735411667733
2026-01-01 11:00:00,6.305207656323098,2.9957636343739797,3.1646308335884936,4.446993753593033
2026-01-01 12:00:00,4.590953942391089,1.1816538008885138,4.758187571253657,4.399935420568694
2026-01-01 13:00:00,1.978939550800567,2.083634107587098,5.348428579835338,3.324633552641778
2026-01-01 14:00:00,4.116079994224307,2.7458372440842895,5.850628082563204,1.0169596806384882
2026-01-01 15:00:00,1.9917296332798826,1.1816538008885138,3.1495807086162184,1.7999915540182883
2026-01-01 16:00:00,1.986847192120766,1.289437553402243,1.3001395739029342,3.818789417891664
2026-01-01 17:00:00,3.481299558848235,2.9410432281624677,1.3001395739029342,4.164642694818586
2026-01-01 18:00:00,1.5470527571518038,1.1816538008885138,3.809108775220504,3.702142644205478
2026-01-01 19:00:00,1.5470527571518038,1.4444221855569959,4.982592482368939,1.9744943141629376
2026-01-01 20:00:00,0.0,1.7106710963594876,3.8944611551875425,3.380158986632809
2026-01-01 21:00:00,0.0,0.0,0.0,0.0
2026-01-01 22:00:00,0.0,0.0,0.0,0.0
2026-01-01 23:00:00,0.0,0.0,0.0,0.0
2026-01-02 00:00:00,0.0,0.0,0.0,0.0
2026-01-02 01:00:00,0.0,0.0,0.0,0.0
2026-01-02 02:00:00,0.0,0.0,0.0,0.0
2026-01-02 03:00:00,0.0,0.0,0.0,0.0
2026-01-02 04:00:00,0.0,0.0,0.0,0.0
2026-01-02 05:00:00,0.0,0.0,0.0,0.0
2026-01-02 06:00:00,0.0,0.0,0.0,0.0
2026-01-02 07:00:00,0.0,0.0,0.0,0.0
2026-01-02 08:00:00,0.0,0.0,0.0,0.0
2026-01-02 09:00:00,1.0607139740761191,0.0,3.6466966626783925,0.0
2026-01-02 10:00:00,4.158646418061834,1.3577935997953983,5.2201106612153465,9.272577337710974
2026-01-02 11:00:00,1.709675065201305,2.762060530189614,7.54093323947376,7.0760856164571955
2026-01-02 12:00:00,2.1343432008631167,0.7368212779244823,2.7678647652436235,5.782660299991686
2026-01-02 13:00:00,1.0607139740761191,1.306882944845303,1.7007766429771085,7.541657660810578
2026-01-02 14:00:00,1.2483729245270925,2.482818831508399,6.514655227350794,3.6856103048272617
2026-01-02 15:00:00,2.1971728276173934,0.8621426475328934,1.7007766429771085,9.272577337710974
2026-01-02 16:00:00,1.0607139740761191,1.5912602985941025,7.653494893396988,6.037666461714337
2026-01-02 17:00:00,2.580534438721674,1.9151679803066797,3.2531637013790555,2.0605727417135498
2026-01-02 18:00:00,1.1669213425633072,3.3156957506601707,4.550092944550416,2.0605727417135498
2026-01-02 19:00:00,1.614234866326674,2.1439187559332815,5.036076268440904,7.384441603479567
2026-01-02 20:00:00,1.1653751250021382,1.435364574982031,4.247860496945308,7.100546975876185
2026-01-02 21:00:00,0.0,0.0,0.0,0.0
2026-01-02 22:00:00,0.0,0.0,0.0,0.0
2026-01-02 23:00:00,0.0,0.0,0.0,0.0
2026-01-03 00:00:00,0.0,0.0,0.0,0.0
2026-01-03 01:00:00,0.0,0.0,0.0,0.0
2026-01-03 02:00:00,0.0,0.0,0.0,0.0
2026-01-03 03:00:00,0.0,0.0,0.0,0.0
2026-01-03 04:00:00,0.0,0.0,0.0,0.0
2026-01-03 05:00:00,0.0,0.0,0.0,0.0
2026-01-03 06:00:00,0.0,0.0,0.0,0.0
2026-01-03 07:00:00,0.0,0.0,0.0,0.0
2026-01-03 08:00:00,0.0,0.0,0.0,0.0
2026-01-03 09:00:00,0.0,1.903727258536323,2.2463795499371506,0.0
2026-01-03 10:00:00,1.2562852832973523,0.5286611282872831,1.342794145670066,3.82151788138472
2026-01-03 11:00:00,2.770233179678653,0.859618316341875,3.538044181946455,3.733604290127461
2026-01-03 12:00:00,1.2562852832973523,1.1107005136050667,1.2527344846467918,5.712153886272582
2026-01-03 13:00:00,1.2562852832973523,1.8307004451615896,2.42074511749,3.0112926573344447
2026-01-03 14:00:00,2.749651181223075,1.23739668921221,3.9465686382576455,2.5068162710829083
2026-01-03 15:00:00,3.6784119548652114,1.0394497154728615,3.617061867385012,3.5217400091660025
2026-01-03 16:00:00,2.7059351127481053,2.378975077292774,1.9486454443052998,1.9710019743163214
2026-01-03 17:00:00,2.213750667878872,1.3420741785752193,2.388910706758117,3.3648617371894347
2026-01-03 18:00:00,1.8957262707625737,1.8606366538580854,2.1030655456521585,0.0
2026-01-03 19:00:00,0.0,1.3481915402342932,0.9495684874652767,0.0
2026-01-03 20:00:00,0.0,1.4420503723952218,2.8463457538384263,0.0
2026-01-03 21:00:00,0.0,0.0,0.0,0.0
2026-01-03 22:00:00,0.0,0.0,0.0,0.0
2026-01-03 23:00:00,0.0,0.0,0.0,0.0
2026-01-04 00:00:00,0.0,0.0,0.0,0.0
2026-01-04 01:00:00,0.0,0.0,0.0,0.0
2026-01-04 02:00:00,0.0,0.0,0.0,0.0
2026-01-04 03:00:00,0.0,0.0,0.0,0.0
2026-01-04 04:00:00,0.0,0.0,0.0,0.0
2026-01-04 05:00:00,0.0,0.0,0.0,0.0
2026-01-04 06:00:00,0.0,0.0,0.0,0.0
2026-01-04 07:00:00,0.0,0.0,0.0,0.0
2026-01-04 08:00:00,0.0,0.0,0.0,1.896934271834869
2026-01-04 09:00:00,3.0028410746646927,0.0,0.0,4.445197782652622
2026-01-04 10:00:00,1.2569242772215306,0.7789982630477728,4.935377996330462,2.7732709882565207
2026-01-04 11:00:00,2.9693260095375584,0.5799867426623266,1.3423149585998382,2.414395137616059
2026-01-04 12:00:00,1.7526083128334107,1.1044340172604987,1.6773180930696596,3.481749353322931
2026-01-04 13:00:00,1.2569242772215306,0.5799867426623266,1.5519652751570236,1.406562155643792
2026-01-04 14:00:00,3.4627486232045674,0.6626993061457951,3.0350028757158785,6.329529700397063
2026-01-04 15:00:00,4.182182182208877,0.5799867426623266,4.360756302829105,5.729885978407018
2026-01-04 16:00:00,4.01109343844923,0.5799867426623266,1.3423149585998382,6.329529700397063
2026-01-04 17:00:00,1.2569242772215306,0.5799867426623266,6.040417313699271,1.6621939993854142
2026-01-04 18:00:00,1.8827784324015684,1.149463962905431,4.60412885394672,4.775064276644113
2026-01-04 19:00:00,0.0,0.6797346002570619,2.0506684138892237,0.0
2026-01-04 20:00:00,0.0,0.0,0.0,0.0
2026-01-04 21:00:00,0.0,0.0,0.0,0.0
2026-01-04 22:00:00,0.0,0.0,0.0,0.0
2026-01-04 23:00:00,0.0,0.0,0.0,0.0
2026-01-05 00:00:00,0.0,0.0,0.0,0.0
2026-01-05 01:00:00,0.0,0.0,0.0,0.0
2026-01-05 02:00:00,0.0,0.0,0.0,0.0
2026-01-05 03:00:00,0.0,0.0,0.0,0.0
2026-01-05 04:00:00,0.0,0.0,0.0,0.0
2026-01-05 05:00:00,0.0,0.0,0.0,0.0
2026-01-05 06:00:00,0.0,0.0,0.0,0.0
2026-01-05 07:00:00,0.0,0.0,0.0,0.0
2026-01-05 08:00:00,0.0,0.0,0.0,0.0
2026-01-05 09:00:00,1.1784493811583565,2.9576564297290453,3.3366226564172625,1.7056652009473878
2026-01-05 10:00:00,1.1784493811583565,1.363765198185798,2.876118743525774,3.806250430207125
2026-01-05 11:00:00,3.5696383660897757,2.1010451121669798,3.2377060478306214,2.9320027467030645
2026-01-05 12:00:00,4.444248015361112,2.258066563357018,2.610459524587071,2.23028645734629
2026-01-05 13:00:00,2.1467885252376413,1.5606566470732,1.420049009402565,1.8289603260012475
2026-01-05 14:00:00,3.8768891780268646,2.288471542327282,4.10481607404414,1.3591302624978148
2026-01-05 15:00:00,2.8443445204675095,2.575010703424032,3.255977182264727,0.9269993391448295
2026-01-05 16:00:00,1.2248938801471896,3.9054285862181324,4.295390941169568,1.9861106212070894
2026-01-05 17:00:00,2.8439577855864147,2.644235735152989,2.7443473670778578,0.9269993391448295
2026-01-05 18:00:00,4.736682909356812,3.9662750471911035,1.8156215454102667,2.8201993613749483
2026-01-05 19:00:00,2.204993639834823,4.004183457358217,2.2404754408987966,4.171497026151732
2026-01-05 20:00:00,4.779482631744896,2.065912760501508,3.22530274298364,3.0342741337334553
2026-01-05 21:00:00,0.0,0.0,0.0,0.0
2026-01-05 22:00:00,0.0,0.0,0.0,0.0
2026-01-05 23:00:00,0.0,0.0,0.0,0.0
2026-01-06 00:00:00,0.0,0.0,0.0,0.0
2026-01-06 01:00:00,0.0,0.0,0.0,0.0
2026-01-06 02:00:00,0.0,0.0,0.0,0.0
2026-01-06 03:00:00,0.0,0.0,0.0,0.0
2026-01-06 04:00:00,0.0,0.0,0.0,0.0
2026-01-06 05:00:00,0.0,0.0,0.0,0.0
2026-01-06 06:00:00,0.0,0.0,0.0,0.0
2026-01-06 07:00:00,0.0,0.0,0.0,0.0
2026-01-06 08:00:00,0.0,0.0,0.0,0.0
2026-01-06 09:00:00,2.506432088752356,1.4696587314964447,3.44040579244404,2.438956533620016
2026-01-06 10:00:00,1.225487274710658,2.2794056596682823,3.672556097574666,2.0275171235102527
2026-01-06 11:00:00,1.9854706016357888,1.9738517931819448,3.6363985941726726,6.3497347765766525
2026-01-06 12:00:00,2.9503099523611067,1.2195370835650128,1.844728082535644,2.5019970590963703
2026-01-06 13:00:00,4.825142138644362,0.9694023534093092,2.8068931045392507,4.464818692459526
2026-01-06 14:00:00,1.4859782616537005,0.9694023534093092,4.638245366837809,2.7942269341951387
2026-01-06 15:00:00,1.225487274710658,1.0867131306560869,3.5033420544458256,6.244915380796992
2026-01-06 16:00:00,1.5136013372882815,1.9933865259617427,3.0295699698899714,3.9464109330000308
2026-01-06 17:00:00,3.884211194899326,4.362310590341892,4.638245366837809,3.9219432246590635
2026-01-06 18:00:00,2.9028671789031715,3.1099232889511796,1.9788126198322376,4.685945943078642
2026-01-06 19:00:00,1.4667579273267415,0.9694023534093092,1.0307211926306243,1.4110521725725893
2026-01-06 20:00:00,3.21152426359668,0.9694023534093092,3.338125536993715,6.3497347765766525
2026-01-06 21:00:00,0.0,0.0,0.0,0.0
2026-01-06 22:00:00,0.0,0.0,0.0,0.0
2026-01-06 23:00:00,0.0,0.0,0.0,0.0
2026-01-07 00:00:00,0.0,0.0,0.0,0.0
2026-01-07 01:00:00,0.0,0.0,0.0,0.0
2026-01-07 02:00:00,0.0,0.0,0.0,0.0
2026-01-07 03:00:00,0.0,0.0,0.0,0.0
2026-01-07 04:00:00,0.0,0.0,0.0,0.0
2026-01-07 05:00:00,0.0,0.0,0.0,0.0
2026-01-07 06:00:00,0.0,0.0,0.0,0.0
2026-01-07 07:00:00,0.0,0.0,0.0,0.0
2026-01-07 08:00:00,1.65979521213623,0.0,0.0,0.0
2026-01-07 09:00:00,1.1986050898517449,6.247088390252257,6.045452883583329,2.240347639032299
2026-01-07 10:00:00,2.785802957836997,2.8270750190695755,5.074654865241161,1.8255339519154983
2026-01-07 11:00:00,2.728433245440917,1.4057409426848495,4.939005177504452,2.9012659887962666
2026-01-07 12:00:00,2.3096878782065526,2.0858402327486747,3.8724791088399666,1.9308363311985315
2026-01-07 13:00:00,1.9175147142299969,4.480284865722349,4.22691137085501,1.4951607972991774
2026-01-07 14:00:00,1.1986050898517449,1.505297050690015,2.908202337928408,3.6722279560656923
2026-01-07 15:00:00,1.613105664542016,2.3897914220674745,2.860748739027912,6.728223587846299
2026-01-07 16:00:00,1.7406079408258854,1.7571522572401084,3.3555010971056927,4.209375310588518
2026-01-07 17:00:00,1.1986050898517449,1.3882418645005015,2.0276966198926494,4.283219255882947
2026-01-07 18:00:00,2.037442873245128,4.816698060918381,1.9630783190095022,5.754233631442783
2026-01-07 19:00:00,2.96238774199317,2.2600775512350486,6.045452883583329,3.9161147050989014
2026-01-07 20:00:00,5.3873028819959945,1.3882418645005015,0.0,3.793770829090411
2026-01-07 21:00:00,0.0,0.0,0.0,0.0
2026-01-07 22:00:00,0.0,0.0,0.0,0.0
2026-01-07 23:00:00,0.0,0.0,0.0,0.0
2026-01-08 00:00:00,0.0,0.0,0.0,0.0
2026-01-08 01:00:00,0.0,0.0,0.0,0.0
2026-01-08 02:00:00,0.0,0.0,0.0,0.0
2026-01-08 03:00:00,0.0,0.0,0.0,0.0
2026-01-08 04:00:00,0.0,0.0,0.0,0.0
2026-01-08 05:00:00,0.0,0.0,0.0,0.0
2026-01-08 06:00:00,0.0,0.0,0.0,0.0
2026-01-08 07:00:00,0.0,0.0,0.0,0.0
2026-01-08 08:00:00,0.0,0.0,0.0,0.0
2026-01-08 09:00:00,1.4089142068958893,0.9200898411527495,4.176372676830583,3.2656669747117797
2026-01-08 10:00:00,1.4974706788328207,1.0875152881764336,2.780788060373839,6.321968413705964
2026-01-08 11:00:00,3.365582928974335,2.695692638197194,2.322020261493091,4.42686027383538
2026-01-08 12:00:00,1.2396019933176412,3.261257043141611,4.18855008465181,5.518926993094838
2026-01-08 13:00:00,1.7438297679451773,1.2676062289298728,4.18855008465181,6.387762357782309
2026-01-08 14:00:00,1.400545030030865,0.9200898411527495,2.5713019089084286,4.149540714643613
2026-01-08 15:00:00,0.7479073175498522,0.9200898411527495,1.2811228531603627,1.4195027461738465
2026-01-08 16:00:00,2.6026824194925435,1.5910297137840734,2.8812806045693433,3.1419523933154645
2026-01-08 17:00:00,2.203625586520277,0.9200898411527495,1.7512565110242175,3.1081087049545255
2026-01-08 18:00:00,2.243541413592277,0.9200898411527495,2.9160077845197803,5.104386721679068
2026-01-08 19:00:00,0.7479073175498522,1.412451438930742,3.770022015699849,6.387762357782309
2026-01-08 20:00:00,2.8680856273728677,1.0396724208495418,3.1531650067628987,0.0
2026-01-08 21:00:00,0.0,0.0,0.0,0.0
2026-01-08 22:00:00,0.0,0.0,0.0,0.0
2026-01-08 23:00:00,0.0,0.0,0.0,0.0
2026-01-09 00:00:00,0.0,0.0,0.0,0.0
2026-01-09 01:00:00,0.0,0.0,0.0,0.0
2026-01-09 02:00:00,0.0,0.0,0.0,0.0
2026-01-09 03:00:00,0.0,0.0,0.0,0.0
2026-01-09 04:00:00,0.0,0.0,0.0,0.0
2026-01-09 05:00:00,0.0,0.0,0.0,0.0
2026-01-09 06:00:00,0.0,0.0,0.0,0.0
2026-01-09 07:00:00,0.0,0.0,0.0,0.0
2026-01-09 08:00:00,0.0,0.0,0.0,2.4726413600182937
2026-01-09 09:00:00,1.0565958881057536,5.250515395242398,3.8072786359958024,1.5240180234815714
2026-01-09 10:00:00,1.893966702219179,2.301568974129721,1.9801331760000072,1.7000393460194292
2026-01-09 11:00:00,1.1355889716821217,3.3478560388232617,4.557340897950446,0.7752917857292508
2026-01-09 12:00:00,0.9211792264139232,2.688213326314252,3.138512122368107,1.0619018646664546
2026-01-09 13:00:00,1.8548758604609317,3.099233363878148,3.054160961493185,3.41132426727288
2026-01-09 14:00:00,0.9211792264139232,2.8905888583623485,3.856501788640809,0.7752917857292508
2026-01-09 15:00:00,2.364163804346861,5.1262103466189535,3.7205649480006815,1.3181367205278385
2026-01-09 16:00:00,0.9211792264139232,1.2196744152540806,3.804203438690068,2.426168908038353
2026-01-09 17:00:00,3.717566583236444,1.2196744152540806,2.411989158781401,1.0632028321085563
2026-01-09 18:00:00,0.9211792264139232,4.942998101767699,4.189643651498769,1.9030625146317544
2026-01-09 19:00:00,1.363700858258739,1.2196744152540806,1.3273715629157545,3.4888130357816287
2026-01-09 20:00:00,2.7915885094401474,1.2196744152540806,1.4269340034192823,2.1935784642424627
2026-01-09 21:00:00,0.0,0.0,0.0,0.0
2026-01-09 22:00:00,0.0,0.0,0.0,0.0
2026-01-09 23:00:00,0.0,0.0,0.0,0.0
2026-01-10 00:00:00,0.0,0.0,0.0,0.0
2026-01-10 01:00:00,0.0,0.0,0.0,0.0
2026-01-10 02:00:00,0.0,0.0,0.0,0.0
2026-01-10 03:00:00,0.0,0.0,0.0,0.0
2026-01-10 04:00:00,0.0,0.0,0.0,0.0
2026-01-10 05:00:00,0.0,0.0,0.0,0.0
2026-01-10 06:00:00,0.0,0.0,0.0,0.0
2026-01-10 07:00:00,0.0,0.0,0.0,0.0
2026-01-10 08:00:00,0.0,0.0,0.0,0.0
2026-01-10 09:00:00,0.7542271480311733,2.0539003355629766,0.0,2.4548074439246736
2026-01-10 10:00:00,0.7898944542805204,0.7146759344105451,4.041617793079223,1.5690938837036847
2026-01-10 11:00:00,1.0372892700591965,2.757771123332653,0.9904131744128545,2.726476269746975
2026-01-10 12:00:00,0.347246036631572,1.5875429852822247,1.8950721583799517,0.6058836154993278
2026-01-10 13:00:00,0.347246036631572,3.1465197641037417,0.9904131744128545,1.9676781671495323
2026-01-10 14:00:00,0.9141079114513807,1.8926830374550827,0.9904131744128545,1.7207571091332994
2026-01-10 15:00:00,0.8074804050661641,1.0583558832282658,2.6791494635629256,0.6058836154993278
2026-01-10 16:00:00,0.7854437068825796,0.7146759344105451,3.558814000825857,0.9692513933839155
2026-01-10 17:00:00,0.830925668169312,0.7146759344105451,2.8446375272018174,1.453303392577252
2026-01-10 18:00:00,0.347246036631572,0.7146759344105451,0.0,2.0465414891874256
2026-01-10 19:00:00,0.7767985153435548,1.92791975409115,0.0,0.9532476651370352
2026-01-10 20:00:00,0.8056260581329521,1.1900361866333355,0.0,1.864347957374609
2026-01-10 21:00:00,0.0,0.0,0.0,0.0
2026-01-10 22:00:00,0.0,0.0,0.0,0.0
2026-01-10 23:00:00,0.0,0.0,0.0,0.0
2026-01-11 00:00:00,0.0,0.0,0.0,0.0
2026-01-11 01:00:00,0.0,0.0,0.0,0.0
2026-01-11 02:00:00,0.0,0.0,0.0,0.0
2026-01-11 03:00:00,0.0,0.0,0.0,0.0
2026-01-11 04:00:00,0.0,0.0,0.0,0.0
2026-01-11 05:00:00,0.0,0.0,0.0,0.0
2026-01-11 06:00:00,0.0,0.0,0.0,0.0
2026-01-11 07:00:00,0.0,0.0,0.0,0.0
2026-01-11 08:00:00,0.0,0.0,0.0,0.0
2026-01-11 09:00:00,1.1274768309909293,0.8898633737117791,4.556796955723846,1.6630040050810952
2026-01-11 10:00:00,0.40035457787448664,2.6053005606605457,1.9320413881948977,2.292824106300452
2026-01-11 11:00:00,1.1988099311650595,1.4172929139807404,3.3342377560937138,1.7384224897948064
2026-01-11 12:00:00,1.4018347345254458,0.7681327579605663,1.0126215457164105,3.1744398961532383
2026-01-11 13:00:00,0.40035457787448664,1.0343358033733403,1.0126215457164105,0.8761309933775451
2026-01-11 14:00:00,1.2951504289756397,2.456621479631293,3.299918102917914,1.9941884611315719
2026-01-11 15:00:00,0.9942589610990953,1.7135904040098633,2.1111465064561132,3.377315064262779
2026-01-11 16:00:00,1.217923513005881,0.7681327579605663,2.0987131651080357,3.2040774301863335
2026-01-11 17:00:00,1.8015956004351898,1.8999822360069654,3.38828651282942,2.594041965406636
2026-01-11 18:00:00,0.6345801106280926,0.0,1.0126215457164105,0.8761309933775451
2026-01-11 19:00:00,0.40035457787448664,0.0,2.547094359613865,2.7105120051751843
2026-01-11 20:00:00,0.40035457787448664,0.0,0.0,0.0
2026-01-11 21:00:00,0.0,0.0,0.0,0.0
2026-01-11 22:00:00,0.0,0.0,0.0,0.0
2026-01-11 23:00:00,0.0,0.0,0.0,0.0
2026-01-12 00:00:00,0.0,0.0,0.0,0.0
2026-01-12 01:00:00,0.0,0.0,0.0,0.0
2026-01-12 02:00:00,0.0,0.0,0.0,0.0
2026-01-12 03:00:00,0.0,0.0,0.0,0.0
2026-01-12 04:00:00,0.0,0.0,0.0,0.0
2026-01-12 05:00:00,0.0,0.0,0.0,0.0
2026-01-12 06:00:00,0.0,0.0,0.0,0.0
2026-01-12 07:00:00,0.0,0.0,0.0,0.0
2026-01-12 08:00:00,0.0,0.0,1.6610269325599287,1.9955310916506743
2026-01-12 09:00:00,3.5065525857343705,0.8665504789081638,2.736498298048703,2.1682451729897223
2026-01-12 10:00:00,2.228461628876804,1.78815464542385,1.51837294137818,2.9747063624480323
2026-01-12 11:00:00,4.489789701401473,1.695084312106245,3.5367637762502935,1.8259710763427306
2026-01-12 12:00:00,1.7925966922220733,0.8665504789081638,1.7940846159218005,1.4075713578249258
2026-01-12 13:00:00,5.175120547670238,2.4202487634613585,1.5953184505760098,1.666193926702826
2026-01-12 14:00:00,3.1902156310582255,0.9084044424933331,2.580708829095699,2.8779195451973494
2026-01-12 15:00:00,1.150026788371164,1.2938583181801158,4.191451117994723,0.8485642969841661
2026-01-12 16:00:00,1.150026788371164,0.8665504789081638,5.0216392867124116,2.5733528803535357
2026-01-12 17:00:00,2.9654301496480606,1.122526354514148,3.3024173378745743,1.4035653894469224
2026-01-12 18:00:00,1.8572625552388733,3.899477155086737,2.837925616098808,2.1502540157805785
2026-01-12 19:00:00,3.328879817506183,3.28746970232161,1.115919841491647,3.0470111576490266
2026-01-12 20:00:00,2.950933499313867,0.8665504789081638,3.2235726694697266,0.0
2026-01-12 21:00:00,0.0,0.0,0.0,0.0
2026-01-12 22:00:00,0.0,0.0,0.0,0.0
2026-01-12 23:00:00,0.0,0.0,0.0,0.0
2026-01-13 00:00:00,0.0,0.0,0.0,0.0
2026-01-13 01:00:00,0.0,0.0,0.0,0.0
2026-01-13 02:00:00,0.0,0.0,0.0,0.0
2026-01-13 03:00:00,0.0,0.0,0.0,0.0
2026-01-13 04:00:00,0.0,0.0,0.0,0.0
2026-01-13 05:00:00,0.0,0.0,0.0,0.0
2026-01-13 06:00:00,0.0,0.0,0.0,0.0
2026-01-13 07:00:00,0.0,0.0,0.0,0.0
2026-01-13 08:00:00,0.0,0.0,0.0,0.0
2026-01-13 09:00:00,3.3022597907631805,1.8021805951320027,0.0,0.8595833316976995
2026-01-13 10:00:00,2.3649794325728237,2.541284908266561,2.7743477493736424,3.4264485620895857
2026-01-13 11:00:00,1.0690438707525656,1.317783259782701,3.8265300329831664,2.9948125289823375
2026-01-13 12:00:00,2.3052776118264346,1.558937894272669,1.4724039877568447,1.8959889406319186
2026-01-13 13:00:00,2.6148366467676243,2.276797397616419,3.0023517689207377,0.8595833316976995
2026-01-13 14:00:00,1.0690438707525656,2.7561537454331217,2.3435892527607622,3.8681249926396473
2026-01-13 15:00:00,2.2768868061733083,1.024060359590515,4.144904279345093,3.6336043860453113
2026-01-13 16:00:00,2.13750500641684,1.378204001518889,5.0065905770099475,2.4852927436065877
2026-01-13 17:00:00,1.0690438707525656,1.3784250954098043,3.3149502256970527,1.8431389263383307
2026-01-13 18:00:00,2.574663606841769,3.7979679693100636,1.4631674313549288,1.3918079021972611
2026-01-13 19:00:00,2.8708861827370646,2.7665273912059836,2.410573231043634,2.2767910236788005
2026-01-13 20:00:00,3.633001217100431,1.6852857899994815,5.0065905770099475,3.8681249926396473
2026-01-13 21:00:00,0.0,0.0,0.0,0.0
2026-01-13 22:00:00,0.0,0.0,0.0,0.0
2026-01-13 23:00:00,0.0,0.0,0.0,0.0
2026-01-14 00:00:00,0.0,0.0,0.0,0.0
2026-01-14 01:00:00,0.0,0.0,0.0,0.0
2026-01-14 02:00:00,0.0,0.0,0.0,0.0
2026-01-14 03:00:00,0.0,0.0,0.0,0.0
2026-01-14 04:00:00,0.0,0.0,0.0,0.0
2026-01-14 05:00:00,0.0,0.0,0.0,0.0
2026-01-14 06:00:00,0.0,0.0,0.0,0.0
2026-01-14 07:00:00,0.0,0.0,0.0,0.0
2026-01-14 08:00:00,0.0,0.0,0.0,0.0
2026-01-14 09:00:00,3.2919660513546236,2.862993477691458,2.8490036143471,0.0
2026-01-14 10:00:00,3.29412895217215,0.8620364689372739,1.9327685076867882,5.645933878663991
2026-01-14 11:00:00,5.651297641645468,0.8620364689372739,4.9980778570825395,2.9192846474154948
2026-01-14 12:00:00,3.389856226773214,3.879164110217732,3.6281105071562947,1.9553384915713008
2026-01-14 13:00:00,4.357837552468894,3.3116628220813347,3.3587244254629693,5.836792320656353
2026-01-14 14:00:00,4.046595861669007,1.5951981819407806,4.345766828536206,3.450107881786493
2026-01-14 15:00:00,3.527852765930926,1.1363392779508503,3.4217004230533434,6.067680468564033
2026-01-14 16:00:00,1.8707772910238685,1.9954339237971384,2.973671008531059,5.5118539949577485
2026-01-14 17:00:00,3.712265820078113,1.4275051808520332,3.3168895688251983,6.067680468564033
2026-01-14 18:00:00,1.2558439203656595,3.328975405273296,3.374094275201633,3.383272809936786
2026-01-14 19:00:00,2.0052594888592346,1.9423410412771456,3.7141190757355766,4.211926534566103
2026-01-14 20:00:00,1.5791970522352548,0.8620364689372739,2.7763698267862154,0.0
2026-01-14 21:00:00,0.0,0.0,0.0,0.0
2026-01-14 22:00:00,0.0,0.0,0.0,0.0
2026-01-14 23:00:00,0.0,0.0,0.0,0.0
